agency,title,price,currency,bedrooms,bathrooms,location,url,image_url,duplicate_flag,first_seen
mexintl,Affordable home in Merida near Airport & Centro! –,111000.0,USD,,2,006816,https://mexintl.com.mx/listing/006816/,https://mexintl.com.mx/wp-content/uploads/2026/05/IMG_7595.jpeg,,2026-05-09
mexintl,Santa Clara | Beachfront Lots | Private Property | Ready to Build,207000.0,USD,,,006803,https://mexintl.com.mx/listing/006803/,https://mexintl.com.mx/wp-content/uploads/2026/04/PHOTO-2026-03-26-14-02-12.jpg,,2026-05-09
mexintl,Expansive Homesite with In-Progress Residence in Bosques de Chicxulub,216459.0,USD,4,4,006810,https://mexintl.com.mx/listing/006810/,https://mexintl.com.mx/wp-content/uploads/2026/04/Side-of-House-scaled.jpg,,2026-05-09
mexintl,Quiet Property With Expansive Land In Ermita,355000.0,USD,,2,006809,https://mexintl.com.mx/listing/006809/,https://mexintl.com.mx/wp-content/uploads/2026/04/IMG-20260419-WA0003.jpg,,2026-05-09
mexintl,"Casa Magico – Contemporary Home with Casita, Pool & Investment Potential in Mejorada",443000.0,USD,,3,006812,https://mexintl.com.mx/listing/006812/,https://mexintl.com.mx/wp-content/uploads/2026/05/e453f73a-818d-4ee1-ad57-dc43cd935014.jpeg,,2026-05-09
mexintl,Beautiful Beachfront Condo,399500.0,USD,,4,006808,https://mexintl.com.mx/listing/006808/,https://mexintl.com.mx/wp-content/uploads/2026/04/PHOTO-2026-04-25-22-32-19-2.jpg,,2026-05-09
mexintl,Turnkey Coastal Retreat In Chelem,449000.0,USD,3,3,006802,https://mexintl.com.mx/listing/006802/,https://mexintl.com.mx/wp-content/uploads/2026/04/20.jpg,DOUBLE (group 1),2026-05-09
mexintl,Beach Home in San Benito w/ Solar Panels-Turnkey,492000.0,USD,,4,006804,https://mexintl.com.mx/listing/006804/,https://mexintl.com.mx/wp-content/uploads/2026/04/main-foto.jpeg,,2026-05-09
mexintl,Casa Feliz – PREMIUM UPGRADES here in Dzitya,394000.0,USD,,3,006801,https://mexintl.com.mx/listing/006801/,https://mexintl.com.mx/wp-content/uploads/2026/04/Casa-Feliz_52_featured-1.jpg,"TRIPLE+ (group 2, 3 agencies)",2026-05-09
mexintl,Yucatan,40000.0,USD,,,Yucatan,https://mexintl.com.mx/yucatan/,,,2026-05-09
mexintl,Casa de Oliver – Turn Key San Sebastian,495000.0,USD,4,4,006811,https://mexintl.com.mx/listing/006811/,https://mexintl.com.mx/wp-content/uploads/2026/05/Calle-72-564A_10.jpg,,2026-05-09
mexintl,Chuminopolis Canvas — 2 Properties To Renovate,95000.0,USD,,2,006567,https://mexintl.com.mx/listing/006567/,https://mexintl.com.mx/wp-content/uploads/2025/03/8a4d3ff99a29a261c8490f7ac0d5057c-1.jpeg,,2026-05-09
mexintl,Colonial With Great Corner Location,92500.0,USD,3,3,006534,https://mexintl.com.mx/listing/006534/,https://mexintl.com.mx/wp-content/uploads/2025/03/89a18fe332132b5dbeab0b551b06c958-1.jpg,,2026-05-09
mexintl,Huge San Benito Beach Lots!!!,95750.0,USD,,,006540,https://mexintl.com.mx/listing/006540/,https://mexintl.com.mx/wp-content/uploads/2025/03/255e59b3bdb579f6200740d737d888f0-1.jpg,,2026-05-09
mexintl,Yucatan Beach Yucatan Beach Yucatan Beach Yucatan Beach,50000.0,MXN,,,006775,https://mexintl.com.mx/listing/006775/,https://mexintl.com.mx/wp-content/uploads/2026/03/7d775c61d43981705a43b0a2744b26df.jpg,,2026-05-09
mexintl,San Bruno Huge Beach Lot,87000.0,USD,,,006513,https://mexintl.com.mx/listing/006513/,https://mexintl.com.mx/wp-content/uploads/2025/03/92ee32afd88e24f9afd268233e2a0c79-1.jpg,,2026-05-09
mexintl,San Cristobal Canvas,127000.0,USD,2,2,006385,https://mexintl.com.mx/listing/006385/,https://mexintl.com.mx/wp-content/uploads/2025/03/f60b861ffc55bc3f34f89e1ef17b932b-1.jpg,,2026-05-09
mexintl,Centro Colonial For Renovation!,117689.0,USD,,,006740,https://mexintl.com.mx/listing/006740/,https://mexintl.com.mx/wp-content/uploads/2025/12/IMG-4267.jpg,,2026-05-09
mexintl,"Ermita House of Lions - Centro, Mérida",159897.0,USD,,2,006695,https://mexintl.com.mx/listing/006695/,https://mexintl.com.mx/wp-content/uploads/2025/08/Pool-night.jpg,,2026-05-09
mexintl,Beachfront Lot Chabihau Reduced,173500.0,USD,,,006477,https://mexintl.com.mx/listing/006477/,https://mexintl.com.mx/wp-content/uploads/2025/03/a7da80143f9e8894dc3c2a5a8046b8b6-1.jpg,,2026-05-09
mexintl,Casa Arco Escondido — Solar Colonial & Hidden Paradise in Centro,549999.0,USD,,3,006807,https://mexintl.com.mx/listing/006807/,https://mexintl.com.mx/wp-content/uploads/2025/04/PHOTO-2023-07-20-15-30-11-1.jpg,,2026-05-09
mexintl,Amazingly Beautiful Grand Hacienda/Boutique Hotel,50000.0,MXN,,,006606,https://mexintl.com.mx/listing/006606/,https://mexintl.com.mx/wp-content/uploads/2025/04/Hacienda-0082.png,,2026-05-09
mexintl,Beachfront. Dzilam de Bravo. AMAZING PRICE!!!,149000.0,USD,2,2,006721,https://mexintl.com.mx/listing/006721/,https://mexintl.com.mx/wp-content/uploads/2025/11/image1-2.jpeg,,2026-05-09
mexintl,Casa 59 Charming Home Near La Plancha,165000.0,USD,,2,006783,https://mexintl.com.mx/listing/006783/,https://mexintl.com.mx/wp-content/uploads/2026/03/20260312_113838-scaled.jpg,,2026-05-09
mexintl,300 Square Meters Of Beachfront In Santa Clara,224500.0,USD,,,006321,https://mexintl.com.mx/listing/006321/,https://mexintl.com.mx/wp-content/uploads/2025/03/235ccda33b48198df3600fa067fee82a-1.jpg,,2026-05-09
mexintl,Xmatkuil Ranch — Large Tranquil Country Property,859000.0,USD,3,3,006689,https://mexintl.com.mx/listing/006689/,https://mexintl.com.mx/wp-content/uploads/2025/08/PHOTO-2025-08-13-13-02-31-17.jpg,,2026-05-09
mexintl,Renovated Centro – ¡¡¡Gran Reducción!!!,199500.0,USD,1,1,006443,https://mexintl.com.mx/listing/006443/,https://mexintl.com.mx/wp-content/uploads/2025/03/IMG-5197.jpg,,2026-05-09
mexintl,65-hectar Ranch!,766600.0,USD,,2,006601,https://mexintl.com.mx/listing/006601/,https://mexintl.com.mx/wp-content/uploads/2025/04/FB_IMG_1539525050539.jpg,,2026-05-09
mexintl,Welcome to Mexico International Real Estate,199900.0,USD,,2,006536,https://mexintl.com.mx/listing/006536/,https://mexintl.com.mx/wp-content/uploads/2025/03/896d18e65479f14b6a18789e4c362770-1.jpeg,"TRIPLE+ (group 3, 7 agencies)",2026-05-09
mexintl,Welcome to Mexico International Real Estate,249000.0,USD,,,006457,https://mexintl.com.mx/listing/006457/,https://mexintl.com.mx/wp-content/uploads/2025/03/5223f7f3951cb32806a60c5fdbe6e4da-1.jpg,"TRIPLE+ (group 7, 155 agencies)",2026-05-09
mexintl,Calle 57 Centro Charmer — A Compact Home With Big Potential,219000.0,USD,,1,006728,https://mexintl.com.mx/listing/006728/,https://mexintl.com.mx/wp-content/uploads/2025/11/IMG_8414-scaled.jpg,,2026-05-09
mexintl,New Home – Turn key Opportunity with Solar Panels!!,223000.0,USD,2,2,006772,https://mexintl.com.mx/listing/006772/,https://mexintl.com.mx/wp-content/uploads/2026/02/trans.jpeg,,2026-05-09
mexintl,Welcome to Mexico International Real Estate,499900.0,USD,,4,006805,https://mexintl.com.mx/listing/006805/,https://mexintl.com.mx/wp-content/uploads/2026/04/20260417_1227432-scaled.jpg,"TRIPLE+ (group 7, 155 agencies)",2026-05-09
mexintl,Beautiful Chuburna Beach House,249900.0,USD,3,3,006371,https://mexintl.com.mx/listing/006371/,https://mexintl.com.mx/wp-content/uploads/2025/02/7ba4de7cb8b243ff588517b94d6ea4b2.jpg,DOUBLE (group 6),2026-05-09
mexintl,Oceanfront Estate for Sale in Telchac Puerto Mexico | Luxury Beachfront Home,879000.0,USD,,5,006800,https://mexintl.com.mx/listing/006800/,https://mexintl.com.mx/wp-content/uploads/2026/04/Rheem-House_97-1.jpg,,2026-05-09
mexintl,Hacienda-Style Estate on 1 Hectare Near Mérida,879000.0,USD,,6,006649,https://mexintl.com.mx/listing/006649/,https://mexintl.com.mx/wp-content/uploads/2025/05/21-scaled.jpg,,2026-05-09
mexintl,Beachfront. Beautiful. Tranquil!!!,199000.0,USD,,1,006720,https://mexintl.com.mx/listing/006720/,https://mexintl.com.mx/wp-content/uploads/2025/11/IMG-3853.jpg,,2026-05-09
mexintl,"Lot for Sale Ready to build Dream Home, North Merida",119000.0,USD,,,006796,https://mexintl.com.mx/listing/006796/,https://mexintl.com.mx/wp-content/uploads/2026/03/1.png,,2026-05-09
mexintl,"Hacienda Santo Domingo – Acanceh, Yucatán",949000.0,USD,,10,006700,https://mexintl.com.mx/listing/006700/,https://mexintl.com.mx/wp-content/uploads/2025/10/1.jpg,,2026-05-09
mexintl,Fabulous Solar Quinta Tepakan,549000.0,USD,,2,006726,https://mexintl.com.mx/listing/006726/,https://mexintl.com.mx/wp-content/uploads/2025/11/Tepakan-Quinta_01.jpg,,2026-05-09
mexintl,Merida Northside – Las Americas,124900.0,USD,2,2,006597,https://mexintl.com.mx/listing/006597/,https://mexintl.com.mx/wp-content/uploads/2025/04/IMG-0957-4.jpg,,2026-05-09
mexintl,Beautifully Maintained in Privada Gran Santa Fe,130500.0,USD,2,2,006640,https://mexintl.com.mx/listing/006640/,https://mexintl.com.mx/wp-content/uploads/2025/05/IMG-0953.jpg,,2026-05-09
mexintl,Studentia – Perfect Student Suites On Presale,130000.0,USD,,1,006680,https://mexintl.com.mx/listing/006680/,https://mexintl.com.mx/wp-content/uploads/2025/07/001-scaled.jpg,,2026-05-09
mexintl,Antiik,165000.0,USD,3,2,006456,https://mexintl.com.mx/listing/006456/,https://mexintl.com.mx/wp-content/uploads/2025/03/2a1eb4ece74664d94fce9fe0ee4078cb-1.jpg,,2026-05-09
mexintl,Renovate or Build New just outside Centro Renovate or Build New just outside Centro,145000.0,USD,,1,006651,https://mexintl.com.mx/listing/006651/,https://mexintl.com.mx/wp-content/uploads/2025/05/PHOTO-2025-05-23-10-39-12-4.jpeg,,2026-05-09
mexintl,La Fogata — Stylish North Merida Community Home,310000.0,USD,4,4,006679,https://mexintl.com.mx/listing/006679/,https://mexintl.com.mx/wp-content/uploads/2025/07/WhatsApp-Image-2025-07-15-at-12.47.04-11.jpeg,,2026-05-09
mexintl,"One Story , Luxury Home with Solar Panels! Plus Space for a Casita in back!",310000.0,USD,3,3,006719,https://mexintl.com.mx/listing/006719/,https://mexintl.com.mx/wp-content/uploads/2025/11/20251107_113045-scaled.jpg,,2026-05-09
mexintl,Casa Itzé — Contemporary Comfort with Style and Security,313000.0,USD,,3,006713,https://mexintl.com.mx/listing/006713/,https://mexintl.com.mx/wp-content/uploads/2025/11/11-Medium.jpeg,,2026-05-09
mexintl,Large Santiago To Renovate — Great Bones & Lot Size,245000.0,USD,,2,006504,https://mexintl.com.mx/listing/006504/,https://mexintl.com.mx/wp-content/uploads/2025/03/b344fd626d5acda596c8867fb43572f7-1.jpeg,,2026-05-09
mexintl,Welcome to Mexico International Real Estate,249900.0,USD,,2,006220,https://mexintl.com.mx/listing/006220/,https://mexintl.com.mx/wp-content/uploads/2025/03/9f0671c51e5d94530ea9ba5aa4798113-1.jpg,"TRIPLE+ (group 7, 155 agencies)",2026-05-09
mexintl,Welcome to Mexico International Real Estate,259900.0,USD,2,2,006366,https://mexintl.com.mx/listing/006366/,https://mexintl.com.mx/wp-content/uploads/2025/03/36070d94baf477a2595c4fafbf657467-1.jpg,"TRIPLE+ (group 7, 155 agencies)",2026-05-09
mexintl,Remodel in CENTRO! 6 month Seller Financing!,254000.0,USD,2,3,006780,https://mexintl.com.mx/listing/006780/,https://mexintl.com.mx/wp-content/uploads/2026/03/1.jpeg,,2026-05-09
mexintl,La Plancha Fixer — Build Your Dream Home,229000.0,USD,,2,006568,https://mexintl.com.mx/listing/006568/,https://mexintl.com.mx/wp-content/uploads/2025/03/8979803132275b3b82f259739cd3c0ae-1.jpeg,,2026-05-09
mexintl,Chembech Canvas – Spacious Home Ready for Reinvention,230000.0,USD,,5,006645,https://mexintl.com.mx/listing/006645/,https://mexintl.com.mx/wp-content/uploads/2025/05/IMG_5305-scaled.jpg,,2026-05-09
mexintl,Expansive Centro Lot – Block-to-Block Opportunity,250000.0,USD,,,006778,https://mexintl.com.mx/listing/006778/,https://mexintl.com.mx/wp-content/uploads/2026/03/Screenshot-2026-03-02-at-154745.jpeg,,2026-05-09
mexintl,Casa 44,269000.0,USD,,2,006520,https://mexintl.com.mx/listing/006520/,https://mexintl.com.mx/wp-content/uploads/2025/03/6c1bbbdb2f29f20f427b8adc5930c2c2-1.jpeg,,2026-05-09
mexintl,Casa Mosaico – García Ginerés,298000.0,USD,3,3,006773,https://mexintl.com.mx/listing/006773/,https://mexintl.com.mx/wp-content/uploads/2026/02/1.jpeg,,2026-05-09
mexintl,Casa Colonial 44,273000.0,USD,2,2,006767,https://mexintl.com.mx/listing/006767/,https://mexintl.com.mx/wp-content/uploads/2026/02/IMG_8768-scaled.jpeg,,2026-05-09
mexintl,Sophisticated Turn-key Designer’s Home,315000.0,USD,,3,006247,https://mexintl.com.mx/listing/006247/,https://mexintl.com.mx/wp-content/uploads/2025/03/de8e62fbdb7362d51eb26feb48d42efa-1.jpg,,2026-05-09
mexintl,Welcome to Mexico International Real Estate Merida Centro,299000.0,USD,,3,006748,https://mexintl.com.mx/listing/006748/,https://mexintl.com.mx/wp-content/uploads/2026/01/Renovated-house-Merida-Mexico-044_Mexintl.jpg,,2026-05-09
mexintl,Central Colonial Comfort – Santa Ana – Turnkey,299000.0,USD,,3,006335,https://mexintl.com.mx/listing/006335/,https://mexintl.com.mx/wp-content/uploads/2025/02/31c4bf6b041103f7a96096092501237d.jpg,,2026-05-09
mexintl,Casa 68 – Quite Street Plus Giant Studio,299000.0,USD,,3,006703,https://mexintl.com.mx/listing/006703/,https://mexintl.com.mx/wp-content/uploads/2025/09/20260120_1317134-scaled.jpg,,2026-05-09
mexintl,EXCLUSIVE Turnkey La Ermita Turnkey – 2 Bed | 2.5 Bath,525000.0,USD,2,2,006760,https://mexintl.com.mx/listing/006760/,https://mexintl.com.mx/wp-content/uploads/2026/01/IMG_9632-scaled.jpeg,,2026-05-09
mexintl,Welcome to Mexico International Real Estate,319000.0,USD,2,2,006410,https://mexintl.com.mx/listing/006410/,https://mexintl.com.mx/wp-content/uploads/2025/03/45cdba0c71d651e15e5e4549ec07fe88-1.jpg,"TRIPLE+ (group 7, 155 agencies)",2026-05-09
mexintl,Casa El Turix,319000.0,USD,2,2,006762,https://mexintl.com.mx/listing/006762/,https://mexintl.com.mx/wp-content/uploads/2026/02/32.jpg,,2026-05-09
mexintl,Welcome to Mexico International Real Estate,320000.0,USD,2,2,006528,https://mexintl.com.mx/listing/006528/,https://mexintl.com.mx/wp-content/uploads/2025/03/b422464d5a597dc530d54d893e9b913e-1.jpg,"TRIPLE+ (group 7, 155 agencies)",2026-05-09
mexintl,Genuine Art-Deco Home In Santiago,325000.0,USD,,4,006717,https://mexintl.com.mx/listing/006717/,https://mexintl.com.mx/wp-content/uploads/2025/11/20251105_125558-scaled.jpg,,2026-05-09
mexintl,Adorable 2/2 Beach Retreat – Great Location!,250000.0,USD,2,2,006391,https://mexintl.com.mx/listing/006391/,https://mexintl.com.mx/wp-content/uploads/2025/03/abdffbb044ea2d1bb99e6563edac6345-1.jpg,,2026-05-09
mexintl,Colorful Centro Colonial,335000.0,USD,,3,006296,https://mexintl.com.mx/listing/006296/,https://mexintl.com.mx/wp-content/uploads/2025/02/a4a500dd11fe3915263bc804a3326cc3.jpg,,2026-05-09
mexintl,Casa La Buena Fe – Ermita,329000.0,USD,,2,006729,https://mexintl.com.mx/listing/006729/,https://mexintl.com.mx/wp-content/uploads/2025/11/PHOTO-2025-11-28-18-09-22.jpg,,2026-05-09
mexintl,Welcome to Mexico International Real Estate,260000.0,USD,,2,006030,https://mexintl.com.mx/listing/006030/,https://mexintl.com.mx/wp-content/uploads/2025/03/72ebe5c9e24e1826a72de1224a9fdd61-1.jpg,"TRIPLE+ (group 7, 155 agencies)",2026-05-09
mexintl,100 Steps From The Chelem Beach! Reduced!!!,282700.0,USD,7,7,005914,https://mexintl.com.mx/listing/005914/,https://mexintl.com.mx/wp-content/uploads/2025/03/261cdb1c173629fce4b165217c2ec09a-1.jpg,,2026-05-09
mexintl,Welcome to Mexico International Real Estate,995000.0,USD,4,4,006303,https://mexintl.com.mx/listing/006303/,https://mexintl.com.mx/wp-content/uploads/2025/03/7113f791fd3eb6652f4d08956a6c9a23-1.jpg,,2026-05-09
mexintl,AMAZING NEW OFFER!!! AMAZING NEW OFFER!!!,299000.0,USD,5,5,006368,https://mexintl.com.mx/listing/006368/,https://mexintl.com.mx/wp-content/uploads/2025/03/e82d6cfdedfb1c92b1cd91a068be3d2b-1.jpg,,2026-05-09
mexintl,BEACHFRONT. CHUBURNÁ. AMAZING VIEWS!,274900.0,USD,,2,006723,https://mexintl.com.mx/listing/006723/,https://mexintl.com.mx/wp-content/uploads/2025/11/PHOTO-2025-11-12-10-33-24-2.jpg,,2026-05-09
mexintl,Eclectic & Sophisticated Downtown Property,1568000.0,USD,,4,006421,https://mexintl.com.mx/listing/006421/,https://mexintl.com.mx/wp-content/uploads/2025/03/7b0d03304fb07acd0218a3fc706576d6-1.jpg,,2026-05-09
mexintl,Welcome to Mexico International Real Estate,975000.0,USD,,4,006458,https://mexintl.com.mx/listing/006458/,https://mexintl.com.mx/wp-content/uploads/2025/03/ad0478865a8c4a8f888c789bdf73705f-1.jpg,,2026-05-09
mexintl,Welcome to Mexico International Real Estate,299000.0,USD,,,006771,https://mexintl.com.mx/listing/006771/,https://mexintl.com.mx/wp-content/uploads/2026/02/Mexintlcom15930.jpg,"TRIPLE+ (group 7, 155 agencies)",2026-05-09
mexintl,Casa Azul – Luxury Restored Colonial Estate in Mérida | 3 Bedrooms | Prime Investment Property,940000.0,USD,3,3,006673,https://mexintl.com.mx/listing/006673/,https://mexintl.com.mx/wp-content/uploads/2025/07/52-PC150276.jpg,,2026-05-09
mexintl,Newly Built Beachfront In Chabihau!,359000.0,USD,,3,006475,https://mexintl.com.mx/listing/006475/,https://mexintl.com.mx/wp-content/uploads/2025/03/ab0c6f841205edfdb5d38688b7eae6fe-1.jpg,,2026-05-09
mexintl,Xu Elemental Habitat — Beachfront Living with Purpose,309000.0,USD,,2,006712,https://mexintl.com.mx/listing/006712/,https://mexintl.com.mx/wp-content/uploads/2025/11/IMG_0200-1-scaled.jpeg,,2026-05-09
mexintl,Immaculate Solar Powered Beach House – Telchac Puerto,349000.0,USD,,3,006705,https://mexintl.com.mx/listing/006705/,https://mexintl.com.mx/wp-content/uploads/2025/10/b3f9ba31d67e535fd5e6e16ade50bfdf.jpeg,,2026-05-09
mexintl,Tranquil San Crisanto,350000.0,USD,,2,006604,https://mexintl.com.mx/listing/006604/,https://mexintl.com.mx/wp-content/uploads/2025/04/IMG_20241230_110802466_HDR.jpeg,,2026-05-09
mexintl,Great Chelem Beachfront Home!,350000.0,USD,,4,006544,https://mexintl.com.mx/listing/006544/,https://mexintl.com.mx/wp-content/uploads/2025/03/ff945b7c439bfc0c0c7d241cc87174c2-1.jpg,,2026-05-09
mexintl,Elegant Garden Property on Iconic Avenida Colón,990000.0,USD,,5,006787,https://mexintl.com.mx/listing/006787/,https://mexintl.com.mx/wp-content/uploads/2026/03/IMG_0339-scaled.jpeg,,2026-05-09
mexintl,San Benito Yucatán Beach Villa for Sale Turnkey Coastal Home,334900.0,USD,,3,006749,https://mexintl.com.mx/listing/006749/,https://mexintl.com.mx/wp-content/uploads/2026/01/Villas-Palmetto_10.jpg,,2026-05-09
mexintl,Casa Chelem,385000.0,USD,3,3,006460,https://mexintl.com.mx/listing/006460/,https://mexintl.com.mx/wp-content/uploads/2025/03/0d6a617e91cac43aabde8f0d45220a2d-1.jpeg,,2026-05-09
mexintl,Zaguan — North Merida Condo’s,319000.0,USD,4,2,006455,https://mexintl.com.mx/listing/006455/,https://mexintl.com.mx/wp-content/uploads/2025/03/91cdf5cc33a8ea0fe7da9acba0c72111-1.jpg,,2026-05-09
mexintl,Huge Progreso Property – Beach View!,499000.0,USD,,4,006605,https://mexintl.com.mx/listing/006605/,https://mexintl.com.mx/wp-content/uploads/2025/04/IMG-1219.jpg,,2026-05-09
mexintl,LUSSELA — Montecristo,738116.0,USD,3,3,006736,https://mexintl.com.mx/listing/006736/,https://mexintl.com.mx/wp-content/uploads/2025/12/terraza_01-scaled.jpg,,2026-05-09
mexintl,"La Bocania – Boutique Beachfront Hotel & Private Owner’s Residence on the Malecón, Progreso",2900000.0,USD,8,8,006692,https://mexintl.com.mx/listing/006692/,https://mexintl.com.mx/wp-content/uploads/2025/08/La-Bocania_10.jpg,,2026-05-09
mexintl,Beautiful Beach Property – San Benito,399900.0,USD,3,3,006790,https://mexintl.com.mx/listing/006790/,https://mexintl.com.mx/wp-content/uploads/2026/03/IMG-5696.jpg,"TRIPLE+ (group 7, 155 agencies)",2026-05-09
mexintl,Classic Chelem Beach House,389000.0,USD,,4,006755,https://mexintl.com.mx/listing/006755/,https://mexintl.com.mx/wp-content/uploads/2026/01/IMG_3193.jpeg,,2026-05-09
mexintl,Solar Panels plus Back up Batteries! 4 -5 Bedrooms,382000.0,USD,5,5,006745,https://mexintl.com.mx/listing/006745/,https://mexintl.com.mx/wp-content/uploads/2025/12/PHOTO-2025-12-10-09-12-04-4.jpeg,,2026-05-09
mexintl,Spacious 2-Level Home with Pool in Colonia México,370000.0,USD,,3,006699,https://mexintl.com.mx/listing/006699/,https://mexintl.com.mx/wp-content/uploads/2025/09/PHOTO-2025-09-04-09-18-51-scaled.jpg,"TRIPLE+ (group 11, 3 agencies)",2026-05-09
mexintl,Sensational Residence In Yucatan Country Club,975000.0,USD,3,3,006674,https://mexintl.com.mx/listing/006674/,https://mexintl.com.mx/wp-content/uploads/2025/07/Foto-27-scaled.jpg,,2026-05-09
mexintl,Amazing Northside Home and Location!,433900.0,USD,3,4,006742,https://mexintl.com.mx/listing/006742/,https://mexintl.com.mx/wp-content/uploads/2025/12/amazing-northside-merida-mexico-002.jpg,"TRIPLE+ (group 7, 155 agencies)",2026-05-09
mexintl,Welcome to Mexico International Real Estate,1950000.0,USD,,4,006754,https://mexintl.com.mx/listing/006754/,https://mexintl.com.mx/wp-content/uploads/2026/01/Stunning-Colonial-Palace-Merida-Mexico-008.jpg,,2026-05-09
mexintl,Senior Assisted Living,115550.0,USD,1,1,006541,https://mexintl.com.mx/listing/006541/,https://mexintl.com.mx/wp-content/uploads/2025/03/a50d69e131dbb5e0991fdb31a0f8c5ee.jpg,,2026-05-09
mexintl,Elegant Estate in the Heart of Cholul,579000.0,USD,,5,006690,https://mexintl.com.mx/listing/006690/,https://mexintl.com.mx/wp-content/uploads/2025/08/10-1.jpg,,2026-05-09
mexintl,Northside Appartment 2d,252000.0,USD,,2,006486,https://mexintl.com.mx/listing/006486/,https://mexintl.com.mx/wp-content/uploads/2025/03/6c8a72ef205ba6b43a77680e0cb6cace-1.jpeg,,2026-05-09
mexintl,Cholul 3-in-1 Home,409000.0,USD,2,5,006676,https://mexintl.com.mx/listing/006676/,https://mexintl.com.mx/wp-content/uploads/2025/07/WhatsApp-Image-2025-07-10-at-16.03.42-11.jpeg,,2026-05-09
mexintl,Northside Apartment 2f,280000.0,USD,,2,006488,https://mexintl.com.mx/listing/006488/,https://mexintl.com.mx/wp-content/uploads/2025/03/87e5581623e54c393334534b915207c0-1.jpeg,,2026-05-09
mexintl,Affordable Property In La Ermita,98500.0,USD,,3,006549,https://mexintl.com.mx/listing/006549/,https://mexintl.com.mx/wp-content/uploads/2025/03/15dd99819c8b72500a5b0bb8e422ec37-1.jpg,,2026-05-09
mexintl,Pre Sale Prices Luxury Designer PininFarina- (Italian/ Ferrari) 2-4 bedroom Condos,447000.0,USD,4,,006782,https://mexintl.com.mx/listing/006782/,https://mexintl.com.mx/wp-content/uploads/2026/03/IMG_6352.jpeg,,2026-05-09
mexintl,Welcome to Mexico International Real Estate,99000.0,USD,,,005778,https://mexintl.com.mx/listing/005778/,https://mexintl.com.mx/wp-content/uploads/2025/03/52601fb7605d564080150dc6017c3e6d.jpg,,2026-05-09
mexintl,Three-Unit Condo Complex in García Ginerés,299999.0,USD,,6,006733,https://mexintl.com.mx/listing/006733/,https://mexintl.com.mx/wp-content/uploads/2025/12/IMG_8625-scaled.jpg,,2026-05-09
mexintl,"1191 Acre Farm/ranch In San Pedro, Tekax, Yucatan",212500.0,USD,,2,006083,https://mexintl.com.mx/listing/006083/,https://mexintl.com.mx/wp-content/uploads/2025/03/49cc24d900ff0e39ad520107651e953a-1.jpg,,2026-05-09
mexintl,Two-in-One Country Retreat Overlooking the Polo Club,569900.0,USD,,4,006694,https://mexintl.com.mx/listing/006694/,https://mexintl.com.mx/wp-content/uploads/2025/08/4-4-scaled.jpeg,,2026-05-09
mexintl,Price Reduced – Quiet Centro Retirement/rental Property,230000.0,USD,2,2,006407,https://mexintl.com.mx/listing/006407/,https://mexintl.com.mx/wp-content/uploads/2025/03/e50a5855b8ab81068385f531422f30f2.jpg,,2026-05-09
mexintl,Big And Comfortable In Brisas,209000.0,USD,4,4,006011,https://mexintl.com.mx/listing/006011/,https://mexintl.com.mx/wp-content/uploads/2025/03/a81fe83aed90e6b6e47361d10ce253a9-1.jpg,,2026-05-09
mexintl,Newly built in Garcia Gineres!,239489.0,USD,,2,006672,https://mexintl.com.mx/listing/006672/,https://mexintl.com.mx/wp-content/uploads/2025/06/Front.jpg,,2026-05-09
mexintl,Qaanai Pre Sale,343000.0,USD,,2,006246,https://mexintl.com.mx/listing/006246/,https://mexintl.com.mx/wp-content/uploads/2025/03/1a2e6ed6dc3d4b90780f00150e23c228-1.jpg,"TRIPLE+ (group 7, 155 agencies)",2026-05-09
mexintl,"Conkal, Yucatan Lot",33660.0,USD,,,006716,https://mexintl.com.mx/listing/006716/,https://mexintl.com.mx/wp-content/uploads/2025/11/PHOTO-2025-11-03-13-29-00.jpg,,2026-05-09
mexintl,Beautiful Beach Lot In Chuburna Puerto,51500.0,USD,,,006428,https://mexintl.com.mx/listing/006428/,https://mexintl.com.mx/wp-content/uploads/2025/03/5519e07af38fa6a8ae3daaeae2de6cdb-1.jpg,,2026-05-09
mexintl,Huge Lot,72600.0,USD,,,006532,https://mexintl.com.mx/listing/006532/,https://mexintl.com.mx/wp-content/uploads/2025/03/df3d616691f9d8463203f5e1d8f5f027.jpg,,2026-05-09
mexintl,2 Investment Lots Phula Residencial,86000.0,USD,,,006243,https://mexintl.com.mx/listing/006243/,https://mexintl.com.mx/wp-content/uploads/2025/03/c4ddf1b80a3f8892bb029de225742c31-1.jpg,,2026-05-09
mexintl,San Cristobal Fixer Upper,156000.0,USD,3,2,006594,https://mexintl.com.mx/listing/006594/,https://mexintl.com.mx/wp-content/uploads/2025/04/C.jpg,,2026-05-09
mexintl,#Home with Beautiful Ravine to its side!,214000.0,USD,3,3,006798,https://mexintl.com.mx/listing/006798/,https://mexintl.com.mx/wp-content/uploads/2026/03/IMG_6982.jpg,,2026-05-09
mexintl,1659 M2 Lot North Merida (los Americas),230000.0,USD,,,006514,https://mexintl.com.mx/listing/006514/,https://mexintl.com.mx/wp-content/uploads/2025/03/3cdd275f98364be30b3da499846831c8-1.jpg,,2026-05-09
mexintl,Former Humo Bistro Resturant,556000.0,USD,3,3,006278,https://mexintl.com.mx/listing/006278/,https://mexintl.com.mx/wp-content/uploads/2025/03/04d7c47b5e85cda4118e187d2ae5883c-1.jpg,"TRIPLE+ (group 14, 7 agencies)",2026-05-09
mexintl,Boutique Hotel Viva Merida — Fully Operational,2100000.0,USD,,12,006327,https://mexintl.com.mx/listing/006327/,https://mexintl.com.mx/wp-content/uploads/2025/03/b60b23267027c54f220f55ecda4a10ea-1.jpeg,,2026-05-09
mexintl,Grand Dual,638000.0,USD,3,8,006727,https://mexintl.com.mx/listing/006727/,https://mexintl.com.mx/wp-content/uploads/2025/11/IMG_3517-scaled.jpg,,2026-05-09
mexintl,"Historic Urban Canvas — 1,369 m² in Mérida Centro",670000.0,USD,,,006714,https://mexintl.com.mx/listing/006714/,https://mexintl.com.mx/wp-content/uploads/2025/11/IMG_8438-Large.jpeg,,2026-05-09
mexintl,Prime Location Parking Lot for Sale in Centro Mérida with Casita,420000.0,USD,,2,006789,https://mexintl.com.mx/listing/006789/,https://mexintl.com.mx/wp-content/uploads/2026/03/IMG_6659-scaled.jpeg,DOUBLE (group 15),2026-05-09
mexintl,The Perfect Hotel Location,3500000.0,USD,,,005722,https://mexintl.com.mx/listing/005722/,https://mexintl.com.mx/wp-content/uploads/2025/03/e1e4d8e11d4adce755cb394ec4d5c005-1.jpeg,,2026-05-09
mexintl,Enchanting Oasis In La Ermita,167000.0,USD,2,2,006314,https://mexintl.com.mx/listing/006314/,https://mexintl.com.mx/wp-content/uploads/2025/03/94b05be1b38ea0dbb95f6590bfeda1f7-1.jpg,,2026-05-09
mexintl,Quinta Los Cheles,276000.0,USD,,2,006489,https://mexintl.com.mx/listing/006489/,https://mexintl.com.mx/wp-content/uploads/2025/03/4e4f366466936f78bf778219e94d726e-1.jpg,,2026-05-09
mexintl,Perfect Retirement Or Rental Property!,64200.0,USD,2,2,006333,https://mexintl.com.mx/listing/006333/,https://mexintl.com.mx/wp-content/uploads/2025/03/c576ecc1f465c0bd10a239b5d3a56167-1.jpg,,2026-05-09
mexintl,535 m2 Santiago Lot With Construction,99000.0,USD,,1,006706,https://mexintl.com.mx/listing/006706/,https://mexintl.com.mx/wp-content/uploads/2025/10/Captura-de-pantalla-2025-10-22-a-las-10.42.02-a.m.png,DOUBLE (group 16),2026-05-09
mexintl,Remodeled Centro Property,118125.0,USD,,1,006527,https://mexintl.com.mx/listing/006527/,https://mexintl.com.mx/wp-content/uploads/2025/03/65a551611b07d248587205f48c36441c-1.jpg,,2026-05-09
mexintl,Art Deco Stunner In Santiago — Solar Powered,495000.0,USD,3,3,006345,https://mexintl.com.mx/listing/006345/,https://mexintl.com.mx/wp-content/uploads/2025/03/890ed6e952da20d4d3d4422054fcbe2e-1.jpg,,2026-05-09
mexintl,Casa Kinder,379000.0,USD,,3,006359,https://mexintl.com.mx/listing/006359/,https://mexintl.com.mx/wp-content/uploads/2025/02/e63075ba0d745056b4e5c8a5041e967b.jpg,"TRIPLE+ (group 2, 3 agencies)",2026-05-09
mexintl,Huge Lot in Merida Centro,64000.0,USD,,,006596,https://mexintl.com.mx/listing/006596/,https://mexintl.com.mx/wp-content/uploads/2025/04/IMG-0520.jpg,,2026-05-09
mexintl,Beautiful Colonial 5 Blks From Grand Merida Cathedral Price Reduced,359000.0,USD,2,2,006318,https://mexintl.com.mx/listing/006318/,https://mexintl.com.mx/wp-content/uploads/2025/03/ca12aa9d86049e42d41a95ffb1eaeb1d-1.jpg,,2026-05-09
mexintl,Huge Merida Centro Lot With Construction – PRICE REDUCED!,129000.0,USD,,,006427,https://mexintl.com.mx/listing/006427/,https://mexintl.com.mx/wp-content/uploads/2025/03/9cd015beb916cd3e48048e7e393473cc-1.jpg,,2026-05-09
mexintl,Extraordinary Colonial Home – Solar Panels – Garage,399000.0,USD,,3,005746,https://mexintl.com.mx/listing/005746/,https://mexintl.com.mx/wp-content/uploads/2025/03/f5b682edd0dddc80f6ef2d2b8180760e-1.jpg,,2026-05-09
mexintl,Casa Luna — Steps From Paseo Montejo,495000.0,USD,,3,006277,https://mexintl.com.mx/listing/006277/,https://mexintl.com.mx/wp-content/uploads/2025/03/478d9f721e80840032a4df351f36b885-1.jpg,,2026-05-09
mexintl,Casa Tulpán Pre-sale,360000.0,USD,4,4,006547,https://mexintl.com.mx/listing/006547/,https://mexintl.com.mx/wp-content/uploads/2025/03/7f4790893ca1403d3c03d14f27a44437-1.jpg,,2026-05-09
mexintl,EXCLUSIVE | CASA VÉRTICE | GARCÍA GINERES,1500000.0,USD,,4,006766,https://mexintl.com.mx/listing/006766/,https://mexintl.com.mx/wp-content/uploads/2026/02/Calle-19-129_106.jpg,,2026-05-09
mexintl,Bright Beautiful Quiet Colonial Merida Centro,345000.0,USD,,2,006642,https://mexintl.com.mx/listing/006642/,https://mexintl.com.mx/wp-content/uploads/2025/05/20250513_1105572-scaled.jpg,,2026-05-09
mexintl,Nominal Industrial Loft Style – Parque Ibérica,149900.0,USD,,2,006608,https://mexintl.com.mx/listing/006608/,https://mexintl.com.mx/wp-content/uploads/2025/04/03865885639c61f634114eeb10c7f1b4.jpeg,,2026-05-09
mexintl,Fixer Upper With Great Potential,169000.0,USD,,2,006670,https://mexintl.com.mx/listing/006670/,https://mexintl.com.mx/wp-content/uploads/2025/06/20250625_124908-scaled.jpg,,2026-05-09
mexintl,Completely New House in Merida Centro!,166649.0,USD,1,4,006739,https://mexintl.com.mx/listing/006739/,https://mexintl.com.mx/wp-content/uploads/2025/12/IMG-4301.jpg,,2026-05-09
mexintl,Welcome to Mexico International Real Estate,199990.0,USD,2,2,006028,https://mexintl.com.mx/listing/006028/,https://mexintl.com.mx/wp-content/uploads/2025/03/7862dbf89af64c8323782ea9013ec9a7-1.jpeg,"TRIPLE+ (group 3, 7 agencies)",2026-05-09
mexintl,Merida Centro,179500.0,USD,,3,006551,https://mexintl.com.mx/listing/006551/,https://mexintl.com.mx/wp-content/uploads/2025/03/8d552640b682c15b0d27f5635784eaa7-1.jpg,"TRIPLE+ (group 17, 9 agencies)",2026-05-09
mexintl,North of Centro – GREAT PRICE!!!,177500.0,USD,3,4,006669,https://mexintl.com.mx/listing/006669/,https://mexintl.com.mx/wp-content/uploads/2025/06/IMG-1943.jpg,,2026-05-09
mexintl,Huge Centro Property With 3 Houses Huge Reduction!,199500.0,USD,,3,006446,https://mexintl.com.mx/listing/006446/,https://mexintl.com.mx/wp-content/uploads/2025/03/b8a3663fa65e49b251c0bfaa382eb0eb-1.jpg,,2026-05-09
mexintl,2 Bed/1 Bath Merida Centro,183375.0,USD,2,2,006741,https://mexintl.com.mx/listing/006741/,https://mexintl.com.mx/wp-content/uploads/2025/12/IMG-4435.jpg,,2026-05-09
mexintl,Merida Centro – Santiago with Solar!,269000.0,USD,4,4,006655,https://mexintl.com.mx/listing/006655/,https://mexintl.com.mx/wp-content/uploads/2025/05/IMG-1482.jpg,,2026-05-09
mexintl,Centro Project With Expansive Garden Near Santiago,365000.0,USD,2,2,006779,https://mexintl.com.mx/listing/006779/,https://mexintl.com.mx/wp-content/uploads/2026/03/IMG_0201-scaled.jpeg,"TRIPLE+ (group 11, 3 agencies)",2026-05-09
mexintl,"Location, Location, Location!",369000.0,USD,,3,006497,https://mexintl.com.mx/listing/006497/,https://mexintl.com.mx/wp-content/uploads/2025/03/dc0ce1000e48e80a377fe6deeee48484-1.jpg,,2026-05-09
mexintl,"Well Located Lot, Multifamily, Condos, bring your imagination!",249000.0,USD,,,006662,https://mexintl.com.mx/listing/006662/,https://mexintl.com.mx/wp-content/uploads/2025/06/DSC_1908-scaled.jpg,,2026-05-09
mexintl,Unique Compound Steps From La Plancha,367500.0,USD,,5,006369,https://mexintl.com.mx/listing/006369/,https://mexintl.com.mx/wp-content/uploads/2025/03/eb0c17d862b88c56bec82591a8934a9d-1.jpg,,2026-05-09
mexintl,Well Located Fixer Upper With Big Lot,233000.0,USD,,1,006671,https://mexintl.com.mx/listing/006671/,https://mexintl.com.mx/wp-content/uploads/2025/06/20250625_120800-scaled.jpg,,2026-05-09
mexintl,“LA CASA DEL SARAMULLO”: RECENTLY FULLY RENOVATED TWO BEDROOM HOUSE IN AN EXCELLENT LOCATION,249000.0,USD,20,2,006701,https://mexintl.com.mx/listing/006701/,https://mexintl.com.mx/wp-content/uploads/2025/09/IMG_4185-rotated.jpg,,2026-05-09
mexintl,Huge Home In The East Of Merida,259000.0,USD,4,871,005698,https://mexintl.com.mx/listing/005698/,https://mexintl.com.mx/wp-content/uploads/2025/03/4efd27cf55722ff914263544764f8d5a-1.jpg,,2026-05-09
mexintl,Restored Centro Merida – PRICE REDUCED!,279000.0,USD,3,3,006546,https://mexintl.com.mx/listing/006546/,https://mexintl.com.mx/wp-content/uploads/2025/03/20aeab38e46186dabcd0b3fdb1b9f9ec-1.jpg,,2026-05-09
mexintl,Practical Home One Block From La Plancha,298000.0,USD,,2,006481,https://mexintl.com.mx/listing/006481/,https://mexintl.com.mx/wp-content/uploads/2025/03/539d3abe3dc252ed9e9c91aed073320b-1.jpg,,2026-05-09
mexintl,Casa De Piedra En García Ginerés,310000.0,USD,,3,006414,https://mexintl.com.mx/listing/006414/,https://mexintl.com.mx/wp-content/uploads/2025/03/65100cbbc8bab9035f1ee351d161dac5-1.jpg,,2026-05-09
mexintl,Unique Centro Opportunity,295000.0,USD,,3,006495,https://mexintl.com.mx/listing/006495/,https://mexintl.com.mx/wp-content/uploads/2025/03/8a7bacae683c78d61fb681e30d6d3657-1.jpg,,2026-05-09
mexintl,Casa Xamaica: Modern Comfort With Mexican Flair In Santiago,295000.0,USD,,3,006693,https://mexintl.com.mx/listing/006693/,https://mexintl.com.mx/wp-content/uploads/2025/03/cefa29888e17e240cf06894fd158085d-1.jpg,,2026-05-09
mexintl,Brand New Duplex In Santiago,289000.0,USD,,3,006738,https://mexintl.com.mx/listing/006738/,https://mexintl.com.mx/wp-content/uploads/2025/12/20251208_111126-scaled.jpg,,2026-05-09
mexintl,Colonia Montejo Calle 54,299000.0,USD,,2,006638,https://mexintl.com.mx/listing/006638/,https://mexintl.com.mx/wp-content/uploads/2025/05/1-3.jpeg,,2026-05-09
mexintl,Big Centro With Solar,279000.0,USD,,4,006747,https://mexintl.com.mx/listing/006747/,https://mexintl.com.mx/wp-content/uploads/2026/01/IMG-4831.jpg,,2026-05-09
mexintl,Casa De Leon — Sought After Property To Renovate,369000.0,USD,,3,006483,https://mexintl.com.mx/listing/006483/,https://mexintl.com.mx/wp-content/uploads/2025/03/3a5b1e51cdca2fe4f38142bf374edd63-1.png,"TRIPLE+ (group 18, 6 agencies)",2026-05-09
mexintl,New Santiago Construction!,315900.0,USD,3,3,006067,https://mexintl.com.mx/listing/006067/,https://mexintl.com.mx/wp-content/uploads/2025/03/7163e919f0aeff7b7810c63105b8491d-1.png,,2026-05-09
mexintl,Restored Home In Mérida Centro – Colonia Lourdes,322000.0,USD,,3,006470,https://mexintl.com.mx/listing/006470/,https://mexintl.com.mx/wp-content/uploads/2025/03/cc1bf9c3c45e3795b4549ab647fc5fa7-1.jpeg,,2026-05-09
mexintl,2 Story Pre-sale 7 Blocks From La Plancha,359000.0,USD,,3,006388,https://mexintl.com.mx/listing/006388/,https://mexintl.com.mx/wp-content/uploads/2025/02/WhatsApp-Image-2025-07-08-at-17.34.31-6.jpeg,,2026-05-09
mexintl,The Pineapple House,375000.0,USD,3,3,006595,https://mexintl.com.mx/listing/006595/,https://mexintl.com.mx/wp-content/uploads/2025/04/IMG-1036.jpg,"TRIPLE+ (group 7, 155 agencies)",2026-05-09
mexintl,Casa de las Brisas – Rooftop Terrace with Ocean Breezes in Progreso,362000.0,USD,2,2,006677,https://mexintl.com.mx/listing/006677/,https://mexintl.com.mx/wp-content/uploads/2025/07/4.jpg,,2026-05-09
mexintl,Casa San Sebastián | Modern Restoration in Mérida Centro,370000.0,USD,2,2,006769,https://mexintl.com.mx/listing/006769/,https://mexintl.com.mx/wp-content/uploads/2026/02/PHOTO-2026-02-12-10-26-13.jpg,,2026-05-09
mexintl,Big Beautiful Santiago New Construction,364300.0,USD,4,4,006191,https://mexintl.com.mx/listing/006191/,https://mexintl.com.mx/wp-content/uploads/2025/03/1af2af92f59cba1eaf681fdb1bb90285-1.jpeg,,2026-05-09
mexintl,Gg19 Casa Cero Dos: 2 Bedroom / 2.5 Bathroom Stunner,369000.0,USD,2,2,006434,https://mexintl.com.mx/listing/006434/,https://mexintl.com.mx/wp-content/uploads/2025/02/ac419c3e80ae4a880a626756b336ccdc.jpg,,2026-05-09
mexintl,Beautiful 1930´s Centro Home Totally Renovated,371000.0,USD,2,5,006570,https://mexintl.com.mx/listing/006570/,https://mexintl.com.mx/wp-content/uploads/2025/03/b0fc61f04fcbdfd82f555800623116c1-1.jpg,,2026-05-09
mexintl,La Encantada # 4 – Coming Soon,385000.0,USD,,3,006328,https://mexintl.com.mx/listing/006328/,https://mexintl.com.mx/wp-content/uploads/2025/03/48abe82d1719c3a83723e000a0bd82f7-1.jpg,,2026-05-09
mexintl,"Casa Encantada, Superior Modern Home In Centro",385000.0,USD,,3,006272,https://mexintl.com.mx/listing/006272/,https://mexintl.com.mx/wp-content/uploads/2025/03/c7e89aaf27d12e6a0aea253d0be454e5-1.jpeg,DOUBLE (group 20),2026-05-09
mexintl,Colonial Oasis Steps From La Plancha,375000.0,USD,2,2,006759,https://mexintl.com.mx/listing/006759/,https://mexintl.com.mx/wp-content/uploads/2026/01/20260115_112543-scaled.jpeg,,2026-05-09
mexintl,Modern & Comfortable Home In Downtown,392000.0,USD,,3,006430,https://mexintl.com.mx/listing/006430/,https://mexintl.com.mx/wp-content/uploads/2025/03/679adad28a1c4f711c7168a6bf212430.jpg,,2026-05-09
mexintl,Gg19 Casa Cero Uno: 2 Bedroom / 2.5 Bathroom Excellence,393000.0,USD,2,2,006435,https://mexintl.com.mx/listing/006435/,https://mexintl.com.mx/wp-content/uploads/2025/03/7e1c45e12e112f6ff2f1654132bee4c2-1.jpg,,2026-05-09
mexintl,Quintas Baspul Villa — Spacious Living In Chicxulub Pueblo,396000.0,USD,,3,006346,https://mexintl.com.mx/listing/006346/,https://mexintl.com.mx/wp-content/uploads/2025/03/33aefe28385e6f317b43f5f7f9c05a19-1.jpeg,,2026-05-09
mexintl,Casa Bello — Solar Powered & Turn Key,396000.0,USD,,3,006686,https://mexintl.com.mx/listing/006686/,https://mexintl.com.mx/wp-content/uploads/2025/08/37.jpg,,2026-05-09
mexintl,Best Location In Merida,399000.0,USD,,3,006401,https://mexintl.com.mx/listing/006401/,https://mexintl.com.mx/wp-content/uploads/2025/03/a0e7304530f64c12d1040161a3a7bfc3-1.jpg,,2026-05-09
mexintl,Welcome to Mexico International Real Estate,399000.0,USD,,,006518,https://mexintl.com.mx/listing/006518/,https://mexintl.com.mx/wp-content/uploads/2025/03/bb47e9e3a8455b06c9b3ad326681dc75-1.jpg,"TRIPLE+ (group 7, 155 agencies)",2026-05-09
mexintl,Villa Matilde – Newly Renovated Garcia Ginerés,399999.0,USD,2,2,006542,https://mexintl.com.mx/listing/006542/,https://mexintl.com.mx/wp-content/uploads/2025/03/72bac035c77c77d81359231329abb2cd-1.jpg,,2026-05-09
mexintl,Itzimna 100b: Stylish Properties Excellently Done,437000.0,USD,3,2,006438,https://mexintl.com.mx/listing/006438/,https://mexintl.com.mx/wp-content/uploads/2025/03/351258f7f66f2be306c78b2647da73f4-1.jpg,,2026-05-09
mexintl,Innovative & Luxurious Downtown Villas,454000.0,USD,2,3,006537,https://mexintl.com.mx/listing/006537/,https://mexintl.com.mx/wp-content/uploads/2025/03/eac9b61204cc29b3ed229eeb952d90c3-1.jpg,,2026-05-09
mexintl,Huge Santiago Lot & Colonial,447400.0,USD,,4,006116,https://mexintl.com.mx/listing/006116/,https://mexintl.com.mx/wp-content/uploads/2025/03/352fb4fd972ef901251f44f40769d9d0-1.jpg,,2026-05-09
mexintl,Casa Santiago Apóstol,475000.0,USD,,3,006708,https://mexintl.com.mx/listing/006708/,https://mexintl.com.mx/wp-content/uploads/2025/10/PHOTO-2025-10-21-16-44-46.jpg,"TRIPLE+ (group 22, 3 agencies)",2026-05-09
mexintl,Amazing Residential Lot In La Ceiba,461000.0,USD,,,006637,https://mexintl.com.mx/listing/006637/,https://mexintl.com.mx/wp-content/uploads/2025/05/1-1.jpeg,,2026-05-09
mexintl,Colonial Dream,499000.0,USD,,3,006140,https://mexintl.com.mx/listing/006140/,https://mexintl.com.mx/wp-content/uploads/2025/03/c53b2bcb8b476de9b0b2e08950864a0e-1.jpg,,2026-05-09
mexintl,Spotless Casa Citlalli – Recently Built,399000.0,USD,,3,006704,https://mexintl.com.mx/listing/006704/,https://mexintl.com.mx/wp-content/uploads/2025/09/Calle-35-515_17.jpg,,2026-05-09
mexintl,Casas Caracol — Stunning New Santa Ana Homes,489000.0,USD,3,3,006620,https://mexintl.com.mx/listing/006620/,https://mexintl.com.mx/wp-content/uploads/2025/04/LA-ESQUINA_BRAVOTALLER_DMTALLER28-scaled.jpg,DOUBLE (group 23),2026-05-09
mexintl,Elegant Colonial Gem with Pool Just Steps from Santa Lucía Park,463000.0,USD,,2,006660,https://mexintl.com.mx/listing/006660/,https://mexintl.com.mx/wp-content/uploads/2025/06/Calle-53-502-I_26.jpg,,2026-05-09
mexintl,Casa 55 – Modern Luxury and Convenience in Santa Lucía,487000.0,USD,,2,006711,https://mexintl.com.mx/listing/006711/,https://mexintl.com.mx/wp-content/uploads/2025/11/Casa-55-Nov-2024_38.jpg,,2026-05-09
mexintl,Welcome to Mexico International Real Estate,495000.0,USD,,3,006494,https://mexintl.com.mx/listing/006494/,https://mexintl.com.mx/wp-content/uploads/2025/03/cb19101168431a5bc2dc127626bfbfab-1.png,"TRIPLE+ (group 7, 155 agencies)",2026-05-09
mexintl,"“CASA TRES MARÍAS”, NEWLY BUILT COLONIAL STYLE HOME IN A VERY DESIRABLE CENTRO LOCATION",499900.0,USD,,2,006751,https://mexintl.com.mx/listing/006751/,https://mexintl.com.mx/wp-content/uploads/2026/01/WhatsApp-Image-2026-01-20-at-170317-9-1.jpeg,,2026-05-09
mexintl,Casa Naranja – Turnkey In Santa Ana,490000.0,USD,,3,006683,https://mexintl.com.mx/listing/006683/,https://mexintl.com.mx/wp-content/uploads/2025/07/Calle-43-542D_11.jpg,,2026-05-09
mexintl,Casa Kookay Calle 47,512000.0,USD,,3,006275,https://mexintl.com.mx/listing/006275/,https://mexintl.com.mx/wp-content/uploads/2025/03/799547fdf1d0f4810af871127283198c-1.jpg,,2026-05-09
mexintl,Casa Brisa Colonial,519000.0,USD,,3,006531,https://mexintl.com.mx/listing/006531/,https://mexintl.com.mx/wp-content/uploads/2025/03/8e911d9644d5422f349b9bfb78609b2e-1.jpg,"TRIPLE+ (group 22, 3 agencies)",2026-05-09
mexintl,Restored Colonial In Prime Location,525000.0,USD,,2,006390,https://mexintl.com.mx/listing/006390/,https://mexintl.com.mx/wp-content/uploads/2025/03/78d5565ce3d73c0a717dff41372cb10b-1.jpg,,2026-05-09
mexintl,THE BEST OF THE VERY BEST HOMES IN MERIDA,540000.0,USD,,3,006744,https://mexintl.com.mx/listing/006744/,https://mexintl.com.mx/wp-content/uploads/2025/12/pool-3-1.jpg,,2026-05-09
mexintl,Casa Reforma | 3 Bedroom 2 Bathroom Art Deco,449000.0,USD,3,3,006761,https://mexintl.com.mx/listing/006761/,https://mexintl.com.mx/wp-content/uploads/2026/01/Calle-72-416G_53.jpg,,2026-05-09
mexintl,Stunning Garcia Gineres,495000.0,USD,,3,006737,https://mexintl.com.mx/listing/006737/,https://mexintl.com.mx/wp-content/uploads/2025/12/Stunning-Merida-Centro-029-scaled.jpg,,2026-05-09
mexintl,3 Story Mansion In Progreso! Beautiful View!,556000.0,USD,3,3,006267,https://mexintl.com.mx/listing/006267/,https://mexintl.com.mx/wp-content/uploads/2025/02/b2474f043f24f4bc1de85771a83ee7e8.jpg,,2026-05-09
mexintl,Welcome to Mexico International Real Estate,495000.0,USD,,3,006675,https://mexintl.com.mx/listing/006675/,https://mexintl.com.mx/wp-content/uploads/2025/07/Mexico-Real-Estate-_-6675-_-01-scaled.jpg,"TRIPLE+ (group 7, 155 agencies)",2026-05-09
mexintl,Santa Ana – Colonial Rooms with Huge Land Size,549000.0,USD,,,006758,https://mexintl.com.mx/listing/006758/,https://mexintl.com.mx/wp-content/uploads/2026/01/WhatsApp-Image-2025-11-14-at-093856.jpeg,,2026-05-09
mexintl,Solar Powered Telchac Beach Front,599900.0,USD,,3,006147,https://mexintl.com.mx/listing/006147/,https://mexintl.com.mx/wp-content/uploads/2025/03/afd4fdb0e193dd82bad17cb1c9be0705-1.jpg,,2026-05-09
mexintl,EXCLUSIVE Turnkey La Ermita Turnkey – 2 Bed | 2.5 Bath,525000.0,USD,2,2,006760,https://mexintl.com.mx/listing/006760/,https://mexintl.com.mx/wp-content/uploads/2026/01/IMG_9632-scaled.jpeg,,2026-05-09
mexintl,Welcome to Mexico International Real Estate,599900.0,USD,,6,006050,https://mexintl.com.mx/listing/006050/,https://mexintl.com.mx/wp-content/uploads/2025/03/cf7a83d1f13fc30b6adc5444947349d1-1.jpg,"TRIPLE+ (group 24, 8 agencies)",2026-05-09
mexintl,Welcome to Mexico International Real Estate,595000.0,USD,4,4,006491,https://mexintl.com.mx/listing/006491/,https://mexintl.com.mx/wp-content/uploads/2025/03/f7fbe79dcd44f0deaf84b2e37039956d-1.jpg,"TRIPLE+ (group 24, 8 agencies)",2026-05-09
mexintl,Secluded Home With Privileged Land In Santiago,619000.0,USD,,5,006572,https://mexintl.com.mx/listing/006572/,https://mexintl.com.mx/wp-content/uploads/2025/03/4be337e900368beb747fc23fd856b29d.jpg,,2026-05-09
mexintl,Amazing Classic Colonial Mexico Merida Homes Centro,499900.0,USD,,2,006656,https://mexintl.com.mx/listing/006656/,https://mexintl.com.mx/wp-content/uploads/2025/05/20250526_1320272-scaled.jpg,,2026-05-09
mexintl,Club De Golf La Cieba,605000.0,USD,,,006136,https://mexintl.com.mx/listing/006136/,https://mexintl.com.mx/wp-content/uploads/2025/03/48b3539526b282e985eaa25d4a963a2e-1.jpg,DOUBLE (group 25),2026-05-09
mexintl,"Amazing beach opportunity in Chelem, Progresso",595000.0,USD,2,4,006793,https://mexintl.com.mx/listing/006793/,https://mexintl.com.mx/wp-content/uploads/2026/03/Private-walk-to-the-water-scaled.jpg,,2026-05-09
mexintl,EXCLUSIVE | Turn-Key Solar Home | Quiet García Ginerés Cul-de-Sac,550000.0,USD,3,3,006731,https://mexintl.com.mx/listing/006731/,https://mexintl.com.mx/wp-content/uploads/2025/12/35-scaled.jpg,,2026-05-09
mexintl,Casa Romina Santiago,640200.0,USD,,4,006562,https://mexintl.com.mx/listing/006562/,https://mexintl.com.mx/wp-content/uploads/2025/03/f3495720fd0c542afa5587903feab7ef-1.jpeg,,2026-05-09
mexintl,Casa Del Mundo,499000.0,USD,,7,006626,https://mexintl.com.mx/listing/006626/,https://mexintl.com.mx/wp-content/uploads/2025/05/Calle-66-572_2.jpg,,2026-05-09
mexintl,Casa Lucia Centro Merida Colonial,659000.0,USD,4,4,006563,https://mexintl.com.mx/listing/006563/,https://mexintl.com.mx/wp-content/uploads/2025/03/f56fa08bc080c5f4c96c28bfdf9a8902-1.jpg,,2026-05-09
mexintl,Casa Isabel – Santiago,755000.0,USD,4,4,006559,https://mexintl.com.mx/listing/006559/,https://mexintl.com.mx/wp-content/uploads/2025/03/315de8cc6e8c4b7b5a344bc019084c82-1.jpg,,2026-05-09
mexintl,Santa Ana Fully Loaded Colonial – Solar Powered,679000.0,USD,,3,006479,https://mexintl.com.mx/listing/006479/,https://mexintl.com.mx/wp-content/uploads/2025/02/85631d8b3eb2d1e35458d940e35745b7-e1775241062158.jpg,DOUBLE (group 26),2026-05-09
mexintl,"3954 Sq Mtrs Xcanatun – 42,560.50 Sq Ft",691000.0,USD,,,006193,https://mexintl.com.mx/listing/006193/,https://mexintl.com.mx/wp-content/uploads/2025/03/b90b176a7fcb9851a73c4d7cd7bee03f-1.jpg,,2026-05-09
mexintl,Casa Marcela Beautiful MERIDA CENTRO Santiago,755000.0,USD,4,4,006560,https://mexintl.com.mx/listing/006560/,https://mexintl.com.mx/wp-content/uploads/2025/03/b0c5c1447496a2dd771d6286095634b2-1.jpg,,2026-05-09
mexintl,Classic 1 Story in Exclusive Neighborhood,672000.0,USD,4,4,006786,https://mexintl.com.mx/listing/006786/,https://mexintl.com.mx/wp-content/uploads/2026/03/IMG-5421.jpg,,2026-05-09
mexintl,Gorgeous Villa Rosa Santa Ana,749000.0,USD,,3,006576,https://mexintl.com.mx/listing/006576/,https://mexintl.com.mx/wp-content/uploads/2025/04/WhatsApp-Image-2025-04-21-at-10.08.26-AM-3-225x300-1.jpeg,,2026-05-09
mexintl,Casa Carlota Santiago,770000.0,USD,5,5,006561,https://mexintl.com.mx/listing/006561/,https://mexintl.com.mx/wp-content/uploads/2025/03/11839222f024cd7dbc4334dc6725b0d9-1.jpg,,2026-05-09
mexintl,Turnkey Casa Boho 72,760000.0,USD,3,3,006797,https://mexintl.com.mx/listing/006797/,https://mexintl.com.mx/wp-content/uploads/2026/03/21-2.jpeg,,2026-05-09
mexintl,Jungle Art Retreat – La Cieba Club De Golf,995000.0,USD,,5,006253,https://mexintl.com.mx/listing/006253/,https://mexintl.com.mx/wp-content/uploads/2025/03/08e2ef525a4a746f5bc4962e76e1db43-1.jpg,,2026-05-09
mexintl,Huge Stately Home In Col. Itzimna – Price Reduced,790000.0,USD,6,6,006323,https://mexintl.com.mx/listing/006323/,https://mexintl.com.mx/wp-content/uploads/2025/03/8f3e6251c0dd9bd1c9051750c058487f-1.jpeg,,2026-05-09
mexintl,Amazing Private Resort Style Beachfront,950000.0,USD,5,5,006464,https://mexintl.com.mx/listing/006464/,https://mexintl.com.mx/wp-content/uploads/2025/03/0b107382fcdd7ffb5306625ab6ca2c8c-1.jpg,,2026-05-09
mexintl,#Restored Historic Colonial Home in Heart of Centro with Solar Panels! Welcome to Mexico International Real Estate,840000.0,USD,,11,006788,https://mexintl.com.mx/listing/006788/,https://mexintl.com.mx/wp-content/uploads/2026/03/IMG_6631-scaled.jpeg,,2026-05-09
mexintl,"20,000 Sq Mtrs @ Polo Club – Komchen Land",1120000.0,USD,,,006137,https://mexintl.com.mx/listing/006137/,https://mexintl.com.mx/wp-content/uploads/2025/03/5ff67766447a57ad37a3fd5c3e5d794a-1.jpg,,2026-05-09
mexintl,"65,128 Sq. Ft. – Walled Lot in North Merida (Cholul)",1080000.0,USD,,,006799,https://mexintl.com.mx/listing/006799/,https://mexintl.com.mx/wp-content/uploads/2026/03/IMG-3659.jpg,,2026-05-09
mexintl,Welcome to Mexico International Real Estate,1399000.0,USD,6,6,005843,https://mexintl.com.mx/listing/005843/,https://mexintl.com.mx/wp-content/uploads/2025/03/21c025179670d186eb22713394d9e12b-1-1.jpg,,2026-05-09
mexintl,Superb Modern Beach House In Progreso,765000.0,USD,4,4,006768,https://mexintl.com.mx/listing/006768/,https://mexintl.com.mx/wp-content/uploads/2026/02/20260205_120018-scaled.jpg,,2026-05-09
mexintl,Fabulous San Crisanto Beachfront Lots,1550000.0,USD,,,006363,https://mexintl.com.mx/listing/006363/,https://mexintl.com.mx/wp-content/uploads/2025/02/611fdeb3578640cfc85af9b2f75458c1.jpeg,,2026-05-09
mexintl,Stunning Beachfront Home!,690000.0,USD,,3,006743,https://mexintl.com.mx/listing/006743/,https://mexintl.com.mx/wp-content/uploads/2025/12/IMG-4389.jpg,,2026-05-09
mexintl,Breathtaking Beach Compound – Telchac Puerto – San Crisanto,1945000.0,USD,,6,006324,https://mexintl.com.mx/listing/006324/,https://mexintl.com.mx/wp-content/uploads/2025/03/027f907d0e2968015be6b9bffc8f09ef-1.jpg,,2026-05-09
mexintl,EXCELLENT INVESTMENT OPPORTUNITY: LAND AT KM 20 OF THE MÉRIDA-PROGRESO HIGHWAY EXCELLENT INVESTMENT OPPORTUNITY: LAND AT KM 20 OF THE MÉRIDA-PROGRESO HIGHWAY,8618000.0,USD,,,006668,https://mexintl.com.mx/listing/006668/,https://mexintl.com.mx/wp-content/uploads/2025/06/Pagina-Encabezado.jpg,,2026-05-09
mexintl,Unique Development Opportunity On 50 Hectares Of Established Hacienda Land,7350000.0,USD,,,006217,https://mexintl.com.mx/listing/006217/,https://mexintl.com.mx/wp-content/uploads/2025/03/9e7c1469a88344ef103c5b532903f15a-1.jpg,,2026-05-09
mexintl,"Opulent, Elegant Living North Of Merida",3500000.0,USD,4,4,006269,https://mexintl.com.mx/listing/006269/,https://mexintl.com.mx/wp-content/uploads/2025/03/64ba513a31a71c6ddca4d5af66dcbb05-1.jpg,,2026-05-09
mexintl,Developers’ Paradise Island,75000000.0,USD,,,006241,https://mexintl.com.mx/listing/006241/,https://mexintl.com.mx/wp-content/uploads/2025/03/b7e516e1624e29333a7f021c46bc1113-1.jpg,,2026-05-09
mayanworld,"Progreso, Yucatan presents ""SALINA CONDOS"" Second Row",6900000.0,MXN,3,,31.Html,https://mayanworldrealestate.com.mx/propiedades/detalles/31.html,https://solucionesid.com/cms-propiedades/images/galerias/marca/757_img2.jpg,,2026-05-09
mayanworld,"Mérida Norte, Yucatan Proudly Presents “EXCLUSIVE TURN KEY CONDO 2 BEDROOMS, 9TH FLOOR” Merida North Montes de Ame",990000.0,MXN,2,2,33.Html,https://mayanworldrealestate.com.mx/propiedades/detalles/33.html,https://solucionesid.com/cms-propiedades/images/galerias/marca/807_img1.jpg,,2026-05-09
mayanworld,"Merida, Yucatan presents ""MONTEBELLO 3 BEDROOMS"" North of the City Montebello",23000.0,MXN,3,3,62.Html,https://mayanworldrealestate.com.mx/propiedades/detalles/62.html,https://solucionesid.com/cms-propiedades/images/galerias/marca/1528_img1.jpg,,2026-05-09
mayanworld,"Merida, Yucatan presents ""ARMORAN, ONE OFFICE"" AT THE NORTH OF THE CITY",12605.0,MXN,,2,70.Html,https://mayanworldrealestate.com.mx/propiedades/detalles/70.html,https://solucionesid.com/cms-propiedades/images/galerias/marca/1777_img1.jpg,,2026-05-09
mayanworld,"Progreso, Yucatan presents ""BRAND NEW CONDO FOR RENT"" Best area of Progreso Progreso",21000.0,MXN,2,2,89.Html,https://mayanworldrealestate.com.mx/propiedades/detalles/89.html,https://solucionesid.com/cms-propiedades/images/galerias/marca/2316_img1.jpg,,2026-05-09
mayanworld,"Merida Norte , Yucatan Proudly Presents ""EXCLUSIVE APARTMENT 2 BEDROOMS IN THE 9TH FLOOR"" North of the City Merida",24000.0,MXN,2,2,86.Html,https://mayanworldrealestate.com.mx/propiedades/detalles/86.html,https://solucionesid.com/cms-propiedades/images/galerias/marca/2210_img1.jpg,,2026-05-09
mayanworld,"Mérida, Yucatan Presents “AWESOME MONTEBELLO” COMPLETELY FURNISHED AND EQUIPPED in the North of the City",28000.0,MXN,3,1,90.Html,https://mayanworldrealestate.com.mx/propiedades/detalles/90.html,https://solucionesid.com/cms-propiedades/images/galerias/marca/2336_img1.jpg,,2026-05-09
mayanworld,"Mérida Centro, Yucatan Presents “CASA TULI’X” Steps to Santiago and Santa Ana Neighborhoods !!! Barrio de Santiago",29000.0,MXN,4,4,91.Html,https://mayanworldrealestate.com.mx/propiedades/detalles/91.html,https://solucionesid.com/cms-propiedades/images/galerias/marca/2372_img1.jpg,,2026-05-09
mayanworld,"Merida Centro presents ""TURN KEY CASA TULI´X"" Santiago Neighborhood",6100000.0,MXN,4,5,109.Html,https://mayanworldrealestate.com.mx/propiedades/detalles/109.html,https://solucionesid.com/cms-propiedades/images/galerias/marca/2956_BA%C3%91O.jpg,,2026-05-09
mayanworld,"Merida Centro, Yucatan Presents ""CASA YA´AXCHE""",4990000.0,MXN,2,3,129.Html,https://mayanworldrealestate.com.mx/propiedades/detalles/129.html,https://solucionesid.com/cms-propiedades/images/galerias/marca/3504_Ba%C3%B1o.jpg,,2026-05-09
mayanworld,"San Bruno, Yucatan presents ""BEACH LOT KM 27""",850000.0,MXN,,,131.Html,https://mayanworldrealestate.com.mx/propiedades/detalles/131.html,https://solucionesid.com/cms-propiedades/images/galerias/marca/3555_Mapa.jpg,,2026-05-09
mayanworld,"Progreso, Yucatan presents ""EXCLUSIVE TURN KEY 2 BEDROOM 2 BATHROOM CONDO WITH SOLAR PANELS""",3900000.0,MXN,2,2,133.Html,https://mayanworldrealestate.com.mx/propiedades/detalles/133.html,"https://solucionesid.com/cms-propiedades/images/galerias/marca/3609_1SALA,_COMEDOR,_COCINA.JPG",,2026-05-09
mayanworld,"Merida Norte, Yucatan Presents ""STUDENT APARTMENT AT LAS AMERICAS""",,USD,2,1,140.Html,https://mayanworldrealestate.com.mx/propiedades/detalles/140.html,https://solucionesid.com/cms-propiedades/images/galerias/marca/3801_Cocina.jpg,"TRIPLE+ (group 27, 159 agencies)",2026-05-09
mayanworld,"Merida Norte, Yucatan presents ""THE PERFECT TURN KEY HOME CASA EN LAS AMERICAS III""",21000.0,MXN,3,4,141.Html,https://mayanworldrealestate.com.mx/propiedades/detalles/141.html,https://solucionesid.com/cms-propiedades/images/galerias/marca/3816_953_img2.jpg,,2026-05-09
mayanworld,"Chicxulub, Yucatan presents ""CASA LA GRINGA"" Steps to the Beach",20000.0,USD,2,2,135.Html,https://mayanworldrealestate.com.mx/propiedades/detalles/135.html,https://solucionesid.com/cms-propiedades/images/galerias/marca/3667_2nda_Recamara1.jpg,,2026-05-09
mayanworld,"Chuburna Puerto presents """"BEACH TOWN HOUSES""",4210000.0,USD,2,3,144.Html,https://mayanworldrealestate.com.mx/propiedades/detalles/144.html,https://solucionesid.com/cms-propiedades/images/galerias/marca/4485_IMG_4821.JPEG,,2026-05-09
mayanworld,"San Benito, Yucatan presents ""CASA MARETTA"" Steps to the Beach",30000.0,MXN,3,3,145.Html,https://mayanworldrealestate.com.mx/propiedades/detalles/145.html,https://solucionesid.com/cms-propiedades/images/galerias/marca/3869_Ba%C3%B1o.jpg,,2026-05-09
mayanworld,"Merida Norte, Yucatan presents ""ONE-BEDROOM APARTMENT IN BUYAN BUILDING, LEVEL 11""",3950000.0,MXN,1,1,146.Html,https://mayanworldrealestate.com.mx/propiedades/detalles/146.html,https://solucionesid.com/cms-propiedades/images/galerias/marca/3885_Ba%C3%B1o.jpg,,2026-05-09
mayanworld,"Merida Centro, Yucatan presents ""HOUSE IN DOWNTOWN IDEAL FOR BOUTIQUE HOTEL, RESTAURANT OR ART GALLERY""",540000.0,USD,3,2,132.Html,https://mayanworldrealestate.com.mx/propiedades/detalles/132.html,https://solucionesid.com/cms-propiedades/images/galerias/marca/3560_2024-12-27_07-15-35_687.jpg,,2026-05-09
mayanworld,"Cholul, Yucatan presents ""WONDERFULL HOUSE WITH 2 LOFTS""",7640000.0,MXN,2,2,148.Html,https://mayanworldrealestate.com.mx/propiedades/detalles/148.html,https://solucionesid.com/cms-propiedades/images/galerias/marca/3953_Captura_de_pantalla_2017-06-06_a_las_22.06.28.png,,2026-05-09
mayanworld,"Progreso, Yucatan presents ""CASA MIRADOR""",5400000.0,MXN,2,5,160.Html,https://mayanworldrealestate.com.mx/propiedades/detalles/160.html,https://solucionesid.com/cms-propiedades/images/galerias/marca/4387_Imagen1.jpg,,2026-05-09
mayanworld,"Chicxulub, Yucatán presents ""2 BEDROOM 2.5 BATHROOM CONDO COMPLETELY FURNISHED AND EQUIPPED""",189000.0,USD,2,5,161.Html,https://mayanworldrealestate.com.mx/propiedades/detalles/161.html,https://solucionesid.com/cms-propiedades/images/galerias/marca/4420_IMG_9903.JPG,,2026-05-09
mayanworld,"Chuburna, Yucatan presents ""TURN KEY HOME WITH SOLAR PANELS""4 blocks from the Beach, Chuburna",4750000.0,MXN,1,5,162.Html,https://mayanworldrealestate.com.mx/propiedades/detalles/162.html,https://solucionesid.com/cms-propiedades/images/galerias/marca/4449_IMG_0328.jpg,,2026-05-09
mayanworld,"Chicxulub Puerto, Yucatan presents ""VILLA CHICXULUB""",23000.0,MXN,2,2,157.Html,https://mayanworldrealestate.com.mx/propiedades/detalles/157.html,https://solucionesid.com/cms-propiedades/images/galerias/marca/4307_Ba%C3%B1o1.jpg,,2026-05-09
mayanworld,"CONKAL, YUCATAN PRESENTS ""BRAND NEW HOUSES IN GATED COMMUNITY"" IN THE NORTH OF MERIDA Conkal",3270000.0,MXN,2,2,49.Html,https://mayanworldrealestate.com.mx/propiedades/detalles/49.html,https://solucionesid.com/cms-propiedades/images/galerias/marca/1187_img1.jpg,,2026-05-09
mayanworld,"Merida, Yucatan presents ""BUYAN 6 ONE BEDROOM"" North of the City Montes de Ame",16000.0,MXN,1,,80.Html,https://mayanworldrealestate.com.mx/propiedades/detalles/80.html,https://solucionesid.com/cms-propiedades/images/galerias/marca/2026_img1.jpg,,2026-05-09
mayanworld,"MERIDA, YUCATAN PRESENTS ""CASA DEL PARQUE"" CHUBURNA NEIGHBORNHOOD",2990000.0,MXN,2,3,122.Html,https://mayanworldrealestate.com.mx/propiedades/detalles/122.html,https://solucionesid.com/cms-propiedades/images/galerias/marca/3310_Arboles.jpg,,2026-05-09
mayanworld,"Merida, Yucatan presents ""LAS AMERICAS FURNISHED HOME"" in the North of the City",11500.0,MXN,2,1,76.Html,https://mayanworldrealestate.com.mx/propiedades/detalles/76.html,https://solucionesid.com/cms-propiedades/images/galerias/marca/1960_img1.jpg,,2026-05-09
mayanworld,"Merida, Yucatan presents ""LAS AMERICAS HOME"" North of the City",12500.0,MXN,2,3,94.Html,https://mayanworldrealestate.com.mx/propiedades/detalles/94.html,https://solucionesid.com/cms-propiedades/images/galerias/marca/2484_0e31a9aa-e773-4e7c-8b98-647a7367a2c3.jpg,,2026-05-09
mayanworld,"Merida Centro, Yucatan presents ""HOUSE UNDER REMODELING, FINISH IT AS YOU LIKE""",4000000.0,MXN,2,2,28.Html,https://mayanworldrealestate.com.mx/propiedades/detalles/28.html,https://solucionesid.com/cms-propiedades/images/galerias/marca/699_img2.jpg,,2026-05-09
mayanworld,"Merida Centro presents ""PERFECT CENTRO HOME"" close La Plancha Centro",12000.0,MXN,1,1,71.Html,https://mayanworldrealestate.com.mx/propiedades/detalles/71.html,https://solucionesid.com/cms-propiedades/images/galerias/marca/1811_img1.jpg,,2026-05-09
mayanworld,"Mérida Centro, Yucatán presents ""BRAND NEW HOUSE, GREAT LOCATION"" Between Santiago & Santa Ana",300000.0,MXN,3,3,12.Html,https://mayanworldrealestate.com.mx/propiedades/detalles/12.html,https://solucionesid.com/cms-propiedades/images/galerias/marca/283_img10.jpg,,2026-05-09
mayanworld,"Santa Clara Puerto, Yucatan presents ""COSTA CABAÑA LOTS"" Dzidzantun Area Santa Clara",416000.0,USD,,,72.Html,https://mayanworldrealestate.com.mx/propiedades/detalles/72.html,https://solucionesid.com/cms-propiedades/images/galerias/marca/1824_img1.jpg,,2026-05-09
mayanworld,"Merida Centro, Yucatan presents HACIENDA-STYLE HOUSE IN THE SANTIAGO NEIGHBORHOOD"" with Solar Panels and Furniture",11900000.0,MXN,1,3,151.Html,https://mayanworldrealestate.com.mx/propiedades/detalles/151.html,https://solucionesid.com/cms-propiedades/images/galerias/marca/4067_Arcos.jpg,,2026-05-09
mayanworld,"Mérida Centro, Yucatan presents ""CASA SOL"" in Santa Ana",500000.0,MXN,3,3,10.Html,https://mayanworldrealestate.com.mx/propiedades/detalles/10.html,https://solucionesid.com/cms-propiedades/images/galerias/marca/228_img2.jpg,"TRIPLE+ (group 7, 155 agencies)",2026-05-09
mayanworld,"Merida Centro, Yucatan presents ""CASA REYNA"" EN SAN SEBASTIAN",5500000.0,MXN,2,2,121.Html,https://mayanworldrealestate.com.mx/propiedades/detalles/121.html,https://solucionesid.com/cms-propiedades/images/galerias/marca/3281_Ba%C3%B1o1.jpg,,2026-05-09
mayanworld,"Chelem Puerto, Yucatan presents ""EXTRAORDINARILY DESIGNED BEACH HOME""",985000.0,USD,3,3,4.Html,https://mayanworldrealestate.com.mx/propiedades/detalles/4.html,https://solucionesid.com/cms-propiedades/images/galerias/marca/63_img2.jpg,,2026-05-09
mayanworld,"Chelem Puerto, Yucatan presents ""BEAUTIFUL TOWN HOUSES ON THE BEACH""",4190000.0,MXN,2,3,96.Html,https://mayanworldrealestate.com.mx/propiedades/detalles/96.html,https://solucionesid.com/cms-propiedades/images/galerias/marca/4503_IMG_4876.JPEG,,2026-05-09
mayanworld,"Chuburna Puerto, Yucatan presents ""BEAUTIFUL AND COZY TURN KEY HOUSE"" Excellent Conditions",5725000.0,USD,2,3,98.Html,https://mayanworldrealestate.com.mx/propiedades/detalles/98.html,https://solucionesid.com/cms-propiedades/images/galerias/marca/2666_0ae8af53-2a2c-487a-bec6-158c7054ddcc.jpg,,2026-05-09
mayanworld,"Chuburna Puerto presents ""NICE BEACH HOME""",339999.0,USD,3,10,95.Html,https://mayanworldrealestate.com.mx/propiedades/detalles/95.html,https://solucionesid.com/cms-propiedades/images/galerias/marca/2543_1Exterior.jpg,,2026-05-09
mayanworld,"Chelem Puerto, Yucatan presents ""NICE 4 TOWN HOUSES"" Near the Beach",3250000.0,MXN,1,2,116.Html,https://mayanworldrealestate.com.mx/propiedades/detalles/116.html,https://solucionesid.com/cms-propiedades/images/galerias/marca/3136_1FACHADA_INDIVIDUAL.png,,2026-05-09
mayanworld,"Temozon, Yucatan presents ""TURN KEY CONDO"" North of the City Temozon",5900000.0,MXN,2,2,24.Html,https://mayanworldrealestate.com.mx/propiedades/detalles/24.html,https://solucionesid.com/cms-propiedades/images/galerias/marca/613_img2.jpg,,2026-05-09
mayanworld,"Progreso, Yucatan presents ""LOVELY HOME FOR RENT IN PROGRESO"" Progreso",33000.0,MXN,2,3,92.Html,https://mayanworldrealestate.com.mx/propiedades/detalles/92.html,https://solucionesid.com/cms-propiedades/images/galerias/marca/2399_img1.jpg,,2026-05-09
mayanworld,"Merida Norte, Yucatan presents ""MONARCAS CONDOS"" Brand New",2995000.0,USD,2,1,158.Html,https://mayanworldrealestate.com.mx/propiedades/detalles/158.html,https://solucionesid.com/cms-propiedades/images/galerias/marca/4325_05_MONARCA_COWORK.jpg,,2026-05-09
mayanworld,"Progreso, Yucatan presents ""3 BEDROOM APARTMENT WITH ROOF GARDEN"" 2 blocks from the Beach",35000.0,MXN,3,2,110.Html,https://mayanworldrealestate.com.mx/propiedades/detalles/110.html,https://solucionesid.com/cms-propiedades/images/galerias/marca/2971_Ba%C3%B1o.jpg,,2026-05-09
mayanworld,"Chixculub Puerto, Yucatan presents ""LONG TERM HOME FURNISHED AND EQUIPPED""",18000.0,MXN,2,1,117.Html,https://mayanworldrealestate.com.mx/propiedades/detalles/117.html,https://solucionesid.com/cms-propiedades/images/galerias/marca/3166_83b0cc64-2862-4d73-9365-55ac6c2113a6.jpg,,2026-05-09
mayanworld,"Chicxulub Puerto, Yucatan presents ""HOUSE IN CHICXULUB SECOND ROAD"" Chicxulub Puerto",16000.0,MXN,2,2,35.Html,https://mayanworldrealestate.com.mx/propiedades/detalles/35.html,https://solucionesid.com/cms-propiedades/images/galerias/marca/876_img2.jpg,,2026-05-09
mayanworld,"Chicxulub Puerto, Yucatan presents ""CASA ANGEL"" steps to the Beach",28000.0,MXN,1,2,123.Html,https://mayanworldrealestate.com.mx/propiedades/detalles/123.html,https://solucionesid.com/cms-propiedades/images/galerias/marca/3334_BA%C3%91O.jpg,,2026-05-09
mayanworld,"Chicxulub Puerto presents ""CASA GAVIOTA"" 2 Blocks from the Beach",19000.0,USD,2,3,134.Html,https://mayanworldrealestate.com.mx/propiedades/detalles/134.html,https://solucionesid.com/cms-propiedades/images/galerias/marca/3647_2nda_Recamara.jpg,,2026-05-09
mayanworld,"Chicxukub Puerto, Yucatan presents ""VILLA FLAMINGOS"" 1 block from the beach",4200000.0,MXN,3,2,153.Html,https://mayanworldrealestate.com.mx/propiedades/detalles/153.html,https://solucionesid.com/cms-propiedades/images/galerias/marca/4201_1.-_Sala.JPG,,2026-05-09
mayanworld,"Chicxulub Puerto, Yucatan presents ""VILLA TORTUGA"" with Solar Panels",4300000.0,MXN,3,2,152.Html,https://mayanworldrealestate.com.mx/propiedades/detalles/152.html,https://solucionesid.com/cms-propiedades/images/galerias/marca/4181_1._sala.JPG,,2026-05-09
mayanworld,"Merida, Yucatan presents ""LOT IN PROVINCIA GOLF CLUB"" Tamanche",2193900.0,MXN,,,50.Html,https://mayanworldrealestate.com.mx/propiedades/detalles/50.html,https://solucionesid.com/cms-propiedades/images/galerias/marca/1230_img1.jpg,,2026-05-09
mayanworld,"Chicxulub Puerto, Yucatan presents ""CASA ANGEL"" in Chicxulub Puerto",5500000.0,MXN,1,,118.Html,https://mayanworldrealestate.com.mx/propiedades/detalles/118.html,https://solucionesid.com/cms-propiedades/images/galerias/marca/3180_COCINA_COMEDOR.jpg,,2026-05-09
mayanworld,"Celestun, Yucatan Presents ""THE YELLOW HOUSE IN PARADISE"", Beach Front",22000000.0,MXN,3,4,7.Html,https://mayanworldrealestate.com.mx/propiedades/detalles/7.html,https://solucionesid.com/cms-propiedades/images/galerias/marca/178_img1.jpg,,2026-05-09
mayanworld,"Merida, Yucatan presents ""RESIDENTIAL KANTARA LOT"" in Dzidzilche, North of the City Merida",1127000.0,USD,,,55.Html,https://mayanworldrealestate.com.mx/propiedades/detalles/55.html,https://solucionesid.com/cms-propiedades/images/galerias/marca/1347_img1.jpg,,2026-05-09
mayanworld,"Merida Norte, Yucatan presents ""ARMORAN OFFICE""",1400000.0,MXN,,2,154.Html,https://www.mayanworldrealestate.com.mx/propiedades/detalles/154.html,https://solucionesid.com/cms-propiedades/images/galerias/marca/4244_0ab107af-e39b-4e1b-8107-a90d45036f83.jpg,,2026-05-09
mayanworld,"Merida, Yucatan presents ""TRIADA OFFICES"" North of the City Mexico",2786000.0,MXN,,,53.Html,https://www.mayanworldrealestate.com.mx/propiedades/detalles/53.html,https://solucionesid.com/cms-propiedades/images/galerias/marca/1322_img2.jpg,,2026-05-09
mayanworld,"Merida, Yucatan Presenting “BUYAN CONDO 1 BEDROOM FOR RENT” North of the City Montes de Ame",20000.0,MXN,1,1,67.Html,https://mayanworldrealestate.com.mx/propiedades/detalles/67.html,https://solucionesid.com/cms-propiedades/images/galerias/marca/1697_img1.jpg,,2026-05-09
mayanworld,"Merida, Yucatan Presenting “BUYAN CONDO 2 BEDROOMS FOR RENT” North of the City Montes de Ame",24000.0,MXN,2,,64.Html,https://mayanworldrealestate.com.mx/propiedades/detalles/64.html,https://solucionesid.com/cms-propiedades/images/galerias/marca/1596_img1.jpg,,2026-05-09
mayanworld,"Merida Norte, Yucatan presents ""MONTEBELLO, ONE STOREY, 3 BEDROOMS""",25000.0,MXN,3,3,139.Html,https://mayanworldrealestate.com.mx/propiedades/detalles/139.html,https://solucionesid.com/cms-propiedades/images/galerias/marca/3783_0fb18f6e-6280-42d4-b859-10f765bd6419.jpg,,2026-05-09
mayanworld,"Merida, Yucatan Presents “BUYAN CONDO FOR RENT” 3 Bedrooms. Montes de Ame. North of the City !!! Montes de Ame",29000.0,MXN,3,,58.Html,https://mayanworldrealestate.com.mx/propiedades/detalles/58.html,https://solucionesid.com/cms-propiedades/images/galerias/marca/1434_img1.jpg,,2026-05-09
mayanworld,"Merida Norte, Yucatan presents ""BRAND NEW HOME IN GARCIA GINERES""",5150000.0,MXN,3,3,147.Html,https://mayanworldrealestate.com.mx/propiedades/detalles/147.html,https://solucionesid.com/cms-propiedades/images/galerias/marca/3922_BALCON.jpg,,2026-05-09
mayanworld,"Merida, Yucatan presents ""MENT CONDOS"" North of the City Merida",139500.0,USD,1,,48.Html,https://mayanworldrealestate.com.mx/propiedades/detalles/48.html,https://solucionesid.com/cms-propiedades/images/galerias/marca/1157_img1.jpg,,2026-05-09
mayanworld,"Merida, Yucatan presents ""TRIADA SUITES"" North of the City Mexico",144000.0,USD,,,47.Html,https://mayanworldrealestate.com.mx/propiedades/detalles/47.html,https://solucionesid.com/cms-propiedades/images/galerias/marca/1150_img2.jpg,"TRIPLE+ (group 32, 22 agencies)",2026-05-09
mayanworld,"Merida, Yucatan presents ""TRIADA APARTMENTS"" North of the CIty Mexico",4977457.85,MXN,1,,43.Html,https://mayanworldrealestate.com.mx/propiedades/detalles/43.html,https://solucionesid.com/cms-propiedades/images/galerias/marca/1056_img2.jpg,DOUBLE (group 30),2026-05-09
mayanworld,"Merida, Yucatan presents ""AMORADA CONDOS"" North of the City Benito Juarez Norte",4613116.0,USD,3,,51.Html,https://mayanworldrealestate.com.mx/propiedades/detalles/51.html,https://solucionesid.com/cms-propiedades/images/galerias/marca/1254_img1.jpg,,2026-05-09
mayanworld,"North of Merida, Yucatan presents ""NEW HOUSE AT CABO NORTE (PRIVATE RAVENNA)/ BRAND NEW"" North of the City",12600000.0,MXN,3,3,114.Html,https://mayanworldrealestate.com.mx/propiedades/detalles/114.html,https://solucionesid.com/cms-propiedades/images/galerias/marca/3060_3B4A8604-Edit.jpg,,2026-05-09
propertypros,Merida Mexico and Yucatan Real Estate,,USD,,,Blue Turtle House,https://propertypros.mx/listing/blue-turtle-house/,https://propertypros.mx/wp-content/themes/propertyprosmx/images/fb-like.png,"TRIPLE+ (group 27, 159 agencies)",2026-05-09
propertypros,Merida Mexico and Yucatan Real Estate,,USD,,,Beautiful Open Living Space,https://propertypros.mx/listing/beautiful-open-living-space/,https://propertypros.mx/wp-content/themes/propertyprosmx/images/fb-like.png,"TRIPLE+ (group 27, 159 agencies)",2026-05-09
propertypros,Merida Mexico and Yucatan Real Estate,,USD,,,Luxury And History Colonial In La Ermita,https://propertypros.mx/listing/luxury-and-history-colonial-in-la-ermita/,https://propertypros.mx/wp-content/themes/propertyprosmx/images/fb-like.png,"TRIPLE+ (group 27, 159 agencies)",2026-05-09
propertypros,Merida Mexico and Yucatan Real Estate,,USD,,,Great Facade In Garcia Gineres,https://propertypros.mx/listing/great-facade-in-garcia-gineres/,https://propertypros.mx/wp-content/themes/propertyprosmx/images/fb-like.png,"TRIPLE+ (group 27, 159 agencies)",2026-05-09
propertypros,Merida Mexico and Yucatan Real Estate,,USD,,,Spacious And Well Located House In San Angel Mexico City,https://propertypros.mx/listing/spacious-and-well-located-house-in-san-angel-mexico-city/,https://propertypros.mx/wp-content/themes/propertyprosmx/images/fb-like.png,"TRIPLE+ (group 27, 159 agencies)",2026-05-09
propertypros,Merida Mexico and Yucatan Real Estate,,USD,,,Swimming Training Facility,https://propertypros.mx/listing/swimming-training-facility/,https://propertypros.mx/wp-content/themes/propertyprosmx/images/fb-like.png,"TRIPLE+ (group 27, 159 agencies)",2026-05-09
propertypros,Merida Mexico and Yucatan Real Estate,,USD,,,Kinuh Penthouse,https://propertypros.mx/listing/kinuh-penthouse/,https://propertypros.mx/wp-content/themes/propertyprosmx/images/fb-like.png,"TRIPLE+ (group 27, 159 agencies)",2026-05-09
propertypros,Merida Mexico and Yucatan Real Estate,,USD,,,Virgin Land With A Lot Of Potential,https://propertypros.mx/listing/virgin-land-with-a-lot-of-potential/,https://propertypros.mx/wp-content/themes/propertyprosmx/images/fb-like.png,"TRIPLE+ (group 27, 159 agencies)",2026-05-09
propertypros,Merida Mexico and Yucatan Real Estate,,USD,,,Luxurious Merida Mansion,https://propertypros.mx/listing/luxurious-merida-mansion/,https://propertypros.mx/wp-content/themes/propertyprosmx/images/fb-like.png,"TRIPLE+ (group 27, 159 agencies)",2026-05-09
propertypros,Merida Mexico and Yucatan Real Estate,,USD,,,Residence Kin Ha,https://propertypros.mx/listing/residence-kin-ha/,https://propertypros.mx/wp-content/themes/propertyprosmx/images/fb-like.png,"TRIPLE+ (group 27, 159 agencies)",2026-05-09
propertypros,Merida Mexico and Yucatan Real Estate,,USD,,,Condo Hotel Site,https://propertypros.mx/listing/condo-hotel-site/,https://propertypros.mx/wp-content/themes/propertyprosmx/images/fb-like.png,"TRIPLE+ (group 27, 159 agencies)",2026-05-09
propertypros,Merida Mexico and Yucatan Real Estate,,USD,,,Lovely Beautiful House In The North Of Merida,https://propertypros.mx/listing/lovely-beautiful-house-in-the-north-of-merida/,https://propertypros.mx/wp-content/themes/propertyprosmx/images/fb-like.png,"TRIPLE+ (group 27, 159 agencies)",2026-05-09
propertypros,Merida Mexico and Yucatan Real Estate,,USD,,,Kinuh Residence Garden,https://propertypros.mx/listing/kinuh-residence-garden/,https://propertypros.mx/wp-content/themes/propertyprosmx/images/fb-like.png,"TRIPLE+ (group 27, 159 agencies)",2026-05-09
propertypros,Merida Mexico and Yucatan Real Estate,,USD,,,Historic Four Century Old Merida Hacienda,https://propertypros.mx/listing/historic-four-century-old-merida-hacienda/,https://propertypros.mx/wp-content/themes/propertyprosmx/images/fb-like.png,"TRIPLE+ (group 27, 159 agencies)",2026-05-09
propertypros,Merida Mexico and Yucatan Real Estate,,USD,,,Under Construction,https://propertypros.mx/listing/under-construction/,https://propertypros.mx/wp-content/themes/propertyprosmx/images/fb-like.png,"TRIPLE+ (group 27, 159 agencies)",2026-05-09
propertypros,Merida Mexico and Yucatan Real Estate,,USD,,,Strikingly Beautiful Telchac Beach House,https://propertypros.mx/listing/strikingly-beautiful-telchac-beach-house/,https://propertypros.mx/wp-content/themes/propertyprosmx/images/fb-like.png,"TRIPLE+ (group 27, 159 agencies)",2026-05-09
propertypros,Merida Mexico and Yucatan Real Estate,,USD,,,Prime Development Land,https://propertypros.mx/listing/prime-development-land/,https://propertypros.mx/wp-content/themes/propertyprosmx/images/fb-like.png,"TRIPLE+ (group 27, 159 agencies)",2026-05-09
propertypros,Merida Mexico and Yucatan Real Estate,,USD,,,Breath Taking Solar Powered Beach Estate In Celestun,https://propertypros.mx/listing/breath-taking-solar-powered-beach-estate-in-celestun/,https://propertypros.mx/wp-content/themes/propertyprosmx/images/fb-like.png,"TRIPLE+ (group 27, 159 agencies)",2026-05-09
propertypros,Merida Mexico and Yucatan Real Estate,,USD,,,Mexican Functionalism Style Home Just One Step To Paseo Montejo,https://propertypros.mx/listing/mexican-functionalism-style-home-just-one-step-to-paseo-montejo/,https://propertypros.mx/wp-content/themes/propertyprosmx/images/fb-like.png,"TRIPLE+ (group 27, 159 agencies)",2026-05-09
propertypros,Merida Mexico and Yucatan Real Estate,,USD,,,Beautiful Hacienda Near Merida,https://propertypros.mx/listing/beautiful-hacienda-near-merida/,https://propertypros.mx/wp-content/themes/propertyprosmx/images/fb-like.png,"TRIPLE+ (group 27, 159 agencies)",2026-05-09
propertypros,Merida Mexico and Yucatan Real Estate,,USD,,,Colonial Residence In Calle 35 Centro,https://propertypros.mx/listing/colonial-residence-in-calle-35-centro/,https://propertypros.mx/wp-content/themes/propertyprosmx/images/fb-like.png,"TRIPLE+ (group 27, 159 agencies)",2026-05-09
propertypros,Merida Mexico and Yucatan Real Estate,,USD,,,Bed And Breakfast With Restaurant Near Merida,https://propertypros.mx/listing/bed-and-breakfast-with-restaurant-near-merida/,https://propertypros.mx/wp-content/themes/propertyprosmx/images/fb-like.png,"TRIPLE+ (group 27, 159 agencies)",2026-05-09
propertypros,Merida Mexico and Yucatan Real Estate,,USD,,,Casa Tataya,https://propertypros.mx/listing/casa-tataya/,https://propertypros.mx/wp-content/themes/propertyprosmx/images/fb-like.png,"TRIPLE+ (group 27, 159 agencies)",2026-05-09
propertypros,Merida Mexico and Yucatan Real Estate,,USD,,,Charming And Spacious Colonial House,https://propertypros.mx/listing/charming-and-spacious-colonial-house/,https://propertypros.mx/wp-content/themes/propertyprosmx/images/fb-like.png,"TRIPLE+ (group 27, 159 agencies)",2026-05-09
propertypros,Casa Aleman Moderna,111000.0,USD,3,4,Casa Aleman Moderna,https://propertypros.mx/casa-aleman-moderna/,https://propertypros.mx/wp-content/uploads/2016/09/aleman.jpg,,2026-05-09
propertypros,Merida Mexico and Yucatan Real Estate,,USD,,,Three Story Beach Front House With Great Ocean Views In Telchac,https://propertypros.mx/listing/three-story-beach-front-house-with-great-ocean-views-in-telchac/,https://propertypros.mx/wp-content/themes/propertyprosmx/images/fb-like.png,"TRIPLE+ (group 27, 159 agencies)",2026-05-09
propertypros,Merida Mexico and Yucatan Real Estate,,USD,,,Casona Colonial Alcala Martin,https://propertypros.mx/listing/casona-colonial-alcala-martin/,https://propertypros.mx/wp-content/themes/propertyprosmx/images/fb-like.png,"TRIPLE+ (group 27, 159 agencies)",2026-05-09
propertypros,Merida Mexico and Yucatan Real Estate,,USD,,,Recently Renovated Colonial Home,https://propertypros.mx/listing/recently-renovated-colonial-home/,https://propertypros.mx/wp-content/themes/propertyprosmx/images/fb-like.png,"TRIPLE+ (group 27, 159 agencies)",2026-05-09
propertypros,Leandro 14 Mérida,1280000.0,USD,3,3,Leandro 14 Poniente Merida,https://propertypros.mx/leandro-14-poniente-merida/,https://propertypros.mx/wp-content/uploads/2016/09/leandro.jpg,,2026-05-09
propertypros,Merida Mexico and Yucatan Real Estate,,USD,,,Centro Merida Restored Historic Colonial,https://propertypros.mx/listing/centro-merida-restored-historic-colonial/,https://propertypros.mx/wp-content/themes/propertyprosmx/images/fb-like.png,"TRIPLE+ (group 27, 159 agencies)",2026-05-09
propertypros,"Antigua Residencial, Norte",1413152.0,MXN,,3,6542 2,https://propertypros.mx/6542-2/,https://propertypros.mx/wp-content/uploads/2016/09/SALA.jpg,,2026-05-09
propertypros,Merida Mexico and Yucatan Real Estate,,USD,,,Yucatan Beach Villa,https://propertypros.mx/listing/yucatan-beach-villa/,https://propertypros.mx/wp-content/themes/propertyprosmx/images/fb-like.png,"TRIPLE+ (group 27, 159 agencies)",2026-05-09
propertypros,Merida Mexico and Yucatan Real Estate,,USD,,,Santiago Beauty With Apartment,https://propertypros.mx/listing/santiago-beauty-with-apartment/,https://propertypros.mx/wp-content/themes/propertyprosmx/images/fb-like.png,"TRIPLE+ (group 27, 159 agencies)",2026-05-09
propertypros,Listings Search,,USD,,,Listings Search,https://propertypros.mx/listings-search/,https://propertypros.mx/wp-content/themes/propertyprosmx/images/fb-like.png,,2026-05-09
propertypros,Merida Mexico and Yucatan Real Estate,,USD,,,Magnificent Montecristo,https://propertypros.mx/listing/magnificent-montecristo/,https://propertypros.mx/wp-content/themes/propertyprosmx/images/fb-like.png,"TRIPLE+ (group 27, 159 agencies)",2026-05-09
propertypros,Merida Mexico and Yucatan Real Estate,,USD,,,Sensational Benito Juarez 2,https://propertypros.mx/listing/sensational-benito-juarez-2/,https://propertypros.mx/wp-content/themes/propertyprosmx/images/fb-like.png,"TRIPLE+ (group 27, 159 agencies)",2026-05-09
propertypros,Merida Mexico and Yucatan Real Estate,,USD,,,Incredible Opportunity,https://propertypros.mx/listing/incredible-opportunity/,https://propertypros.mx/wp-content/themes/propertyprosmx/images/fb-like.png,"TRIPLE+ (group 27, 159 agencies)",2026-05-09
propertypros,Merida Mexico and Yucatan Real Estate,,USD,,,Santa Gertrudis Copo Coco,https://propertypros.mx/listing/santa-gertrudis-copo-coco/,https://propertypros.mx/wp-content/themes/propertyprosmx/images/fb-like.png,"TRIPLE+ (group 27, 159 agencies)",2026-05-09
propertypros,Merida Mexico and Yucatan Real Estate,,USD,,,Senda Norte Private Luxury In Cholul,https://propertypros.mx/listing/senda-norte-private-luxury-in-cholul/,https://propertypros.mx/wp-content/themes/propertyprosmx/images/fb-like.png,"TRIPLE+ (group 27, 159 agencies)",2026-05-09
propertypros,Merida Mexico and Yucatan Real Estate,,USD,,,Beautiful Well Located Home In Montebello,https://propertypros.mx/listing/beautiful-well-located-home-in-montebello/,https://propertypros.mx/wp-content/themes/propertyprosmx/images/fb-like.png,"TRIPLE+ (group 27, 159 agencies)",2026-05-09
propertypros,Merida Real Estate Agents | Yucatan Real Estate,500000.0,USD,2,5,Propertypros.Mx,https://propertypros.mx/,https://propertypros.mx/wp-content/themes/propertyprosmx/images/fb-like.png,"TRIPLE+ (group 7, 155 agencies)",2026-05-09
propertypros,Listings Search,,USD,,,Listings Search,https://propertypros.mx/listings-search/,https://propertypros.mx/wp-content/themes/propertyprosmx/images/fb-like.png,,2026-05-09
propertypros,Beach Cottage Fixer Upper!,73000.0,USD,,1,Beach Cottage Fixer Upper,https://propertypros.mx/beach-cottage-fixer-upper/,https://propertypros.mx/wp-content/uploads/2016/09/fixer.jpg,,2026-05-09
propertypros,Merida Mexico and Yucatan Real Estate,,USD,,,Stunning Home In Garcia Gineres,https://propertypros.mx/listing/stunning-home-in-garcia-gineres/,https://propertypros.mx/wp-content/themes/propertyprosmx/images/fb-like.png,"TRIPLE+ (group 27, 159 agencies)",2026-05-09
propertypros,Merida Mexico and Yucatan Real Estate,,USD,,,Brand New Home In Montecristo Ready To Move In,https://propertypros.mx/listing/brand-new-home-in-montecristo-ready-to-move-in/,https://propertypros.mx/wp-content/themes/propertyprosmx/images/fb-like.png,"TRIPLE+ (group 27, 159 agencies)",2026-05-09
propertypros,Merida Mexico and Yucatan Real Estate,,USD,,,Yellow Beach Cottage,https://propertypros.mx/listing/yellow-beach-cottage/,https://propertypros.mx/wp-content/themes/propertyprosmx/images/fb-like.png,"TRIPLE+ (group 27, 159 agencies)",2026-05-09
propertypros,Merida Mexico and Yucatan Real Estate,,USD,,,Chuburna Oceanfront,https://propertypros.mx/listing/chuburna-oceanfront/,https://propertypros.mx/wp-content/themes/propertyprosmx/images/fb-like.png,"TRIPLE+ (group 27, 159 agencies)",2026-05-09
propertypros,Listings Search,,USD,,,Listings Search,https://propertypros.mx/listings-search/,https://propertypros.mx/wp-content/themes/propertyprosmx/images/fb-like.png,,2026-05-09
propertypros,Listings Search,,USD,,,Listings Search,https://propertypros.mx/listings-search/,https://propertypros.mx/wp-content/themes/propertyprosmx/images/fb-like.png,,2026-05-09
propertypros,Merida Mexico and Yucatan Real Estate,,USD,,,Beach Access In Chelem,https://propertypros.mx/listing/beach-access-in-chelem/,https://propertypros.mx/wp-content/themes/propertyprosmx/images/fb-like.png,"TRIPLE+ (group 27, 159 agencies)",2026-05-09
propertypros,Merida Mexico and Yucatan Real Estate,,USD,,,Chelem First Row,https://propertypros.mx/listing/chelem-first-row/,https://propertypros.mx/wp-content/themes/propertyprosmx/images/fb-like.png,"TRIPLE+ (group 27, 159 agencies)",2026-05-09
propertypros,Merida Mexico and Yucatan Real Estate,,USD,,,Apartment Complex In Chicxulub,https://propertypros.mx/listing/apartment-complex-in-chicxulub/,https://propertypros.mx/wp-content/themes/propertyprosmx/images/fb-like.png,"TRIPLE+ (group 27, 159 agencies)",2026-05-09
propertypros,Casa Amanecer,349000.0,USD,3,3,Casa Amanecer,https://propertypros.mx/casa-amanecer/,https://propertypros.mx/wp-content/uploads/2016/09/amanecer1.jpg,,2026-05-09
propertypros,1st Row Back Chelem Beach Bungalow,60000.0,USD,3,3,1St Row Back Chelem Beach Bungalow,https://propertypros.mx/1st-row-back-chelem-beach-bungalow/,https://propertypros.mx/wp-content/uploads/2016/09/chelem-bungalow-2.jpg,,2026-05-09
propertypros,Merida Mexico and Yucatan Real Estate,,USD,,,Chelem Ocean Lot,https://propertypros.mx/listing/chelem-ocean-lot/,https://propertypros.mx/wp-content/themes/propertyprosmx/images/fb-like.png,"TRIPLE+ (group 27, 159 agencies)",2026-05-09
propertypros,"Gorgeous, recently updated house in Chelem",60000.0,USD,2,2,Gorgeous Recently Updated House In Chelem,https://propertypros.mx/gorgeous-recently-updated-house-in-chelem/,https://propertypros.mx/wp-content/uploads/2016/09/DSCN0122.jpg,,2026-05-09
propertypros,Brand New Construction Prime Cholul Location,75000.0,USD,,3,Brand New Construction Prime Cholul Location,https://propertypros.mx/brand-new-construction-prime-cholul-location/,https://propertypros.mx/wp-content/uploads/2016/09/prime.jpg,,2026-05-09
propertypros,Casa Bernie,94500.0,USD,3,3,Casa Bernie,https://propertypros.mx/casa-bernie/,https://propertypros.mx/wp-content/uploads/2016/09/berns.jpg,,2026-05-09
propertypros,Merida Mexico and Yucatan Real Estate,,USD,,,Commercial Prime Goldmine,https://propertypros.mx/listing/commercial-prime-goldmine/,https://propertypros.mx/wp-content/themes/propertyprosmx/images/fb-like.png,"TRIPLE+ (group 27, 159 agencies)",2026-05-09
propertypros,Calle 72,94000.0,USD,,2,Calle 72,https://propertypros.mx/calle-72/,https://propertypros.mx/wp-content/uploads/2016/09/calle72.jpg,,2026-05-09
propertypros,Casa Azul,149000.0,USD,,2,Casa Azul,https://propertypros.mx/casa-azul/,https://propertypros.mx/wp-content/uploads/2016/09/azul.jpg,,2026-05-09
propertypros,Calle 61 Centro Diamond in the Rough,49500.0,USD,,5,Calle 61 Centro Diamond In The Rough,https://propertypros.mx/calle-61-centro-diamond-in-the-rough/,https://propertypros.mx/wp-content/uploads/2016/09/diamond.jpg,,2026-05-09
propertypros,Merida Mexico and Yucatan Real Estate,,USD,,,Santa Clara Beachfront Lots,https://propertypros.mx/listing/santa-clara-beachfront-lots/,https://propertypros.mx/wp-content/themes/propertyprosmx/images/fb-like.png,"TRIPLE+ (group 27, 159 agencies)",2026-05-09
propertypros,Merida Mexico and Yucatan Real Estate,,USD,,,Chelem Bungalow,https://propertypros.mx/listing/chelem-bungalow/,https://propertypros.mx/wp-content/themes/propertyprosmx/images/fb-like.png,"TRIPLE+ (group 27, 159 agencies)",2026-05-09
propertypros,Brick Construction Colonial,59900.0,USD,,2,Brick Construction Colonial,https://propertypros.mx/brick-construction-colonial/,https://propertypros.mx/wp-content/uploads/2016/09/brick.jpg,,2026-05-09
propertypros,Merida Mexico and Yucatan Real Estate,,USD,,,Twins In Chicxulub,https://propertypros.mx/listing/twins-in-chicxulub/,https://propertypros.mx/wp-content/themes/propertyprosmx/images/fb-like.png,"TRIPLE+ (group 27, 159 agencies)",2026-05-09
propertypros,Best of Centro and Affordable!,105000.0,USD,2,1,Best Of Centro And Affordable,https://propertypros.mx/best-of-centro-and-affordable/,https://propertypros.mx/wp-content/uploads/2016/09/best3.jpg,,2026-05-09
propertypros,Bodega near Chen Bech,62200.0,USD,,,Bodega Near Chen Bech,https://propertypros.mx/bodega-near-chen-bech/,https://propertypros.mx/wp-content/uploads/2016/09/chen.jpg,,2026-05-09
propertypros,Amazing Long Term Rental!,,USD,,3,Amazing Long Term Rental,https://propertypros.mx/amazing-long-term-rental/,https://propertypros.mx/wp-content/uploads/2016/09/amazing16.jpg,,2026-05-09
propertypros,Beautiful B&B Opportunity Near Paseo de Montejo,399999.0,USD,,6,Beautiful Bb Opportunity Near Paseo De Montejo,https://propertypros.mx/beautiful-bb-opportunity-near-paseo-de-montejo/,https://propertypros.mx/wp-content/uploads/2016/09/bb.jpg,,2026-05-09
propertypros,Merida Mexico and Yucatan Real Estate,,USD,,,Modern Living At Its Best,https://propertypros.mx/listing/modern-living-at-its-best/,https://propertypros.mx/wp-content/themes/propertyprosmx/images/fb-like.png,"TRIPLE+ (group 27, 159 agencies)",2026-05-09
propertypros,Merida Mexico and Yucatan Real Estate,,USD,,,Stairway To Heaven,https://propertypros.mx/listing/stairway-to-heaven/,https://propertypros.mx/wp-content/themes/propertyprosmx/images/fb-like.png,"TRIPLE+ (group 27, 159 agencies)",2026-05-09
propertypros,Merida Mexico and Yucatan Real Estate,,USD,,,Stunning And Unique Brand New Home Coveted Address,https://propertypros.mx/listing/stunning-and-unique-brand-new-home-coveted-address/,https://propertypros.mx/wp-content/themes/propertyprosmx/images/fb-like.png,"TRIPLE+ (group 27, 159 agencies)",2026-05-09
propertypros,Merida Mexico and Yucatan Real Estate,,USD,,,Your Dream Beach House,https://propertypros.mx/listing/your-dream-beach-house/,https://propertypros.mx/wp-content/themes/propertyprosmx/images/fb-like.png,"TRIPLE+ (group 27, 159 agencies)",2026-05-09
propertypros,Merida Mexico and Yucatan Real Estate,,USD,,,Peten A Sisal Beachside Community,https://propertypros.mx/listing/peten-a-sisal-beachside-community/,https://propertypros.mx/wp-content/themes/propertyprosmx/images/fb-like.png,"TRIPLE+ (group 27, 159 agencies)",2026-05-09
propertypros,Merida Mexico and Yucatan Real Estate,,USD,,,Beautiful Two Story House For Sale In Telchac Puerto,https://propertypros.mx/listing/beautiful-two-story-house-for-sale-in-telchac-puerto/,https://propertypros.mx/wp-content/themes/propertyprosmx/images/fb-like.png,"TRIPLE+ (group 27, 159 agencies)",2026-05-09
propertypros,Merida Mexico and Yucatan Real Estate,,USD,,,Luxurious Home In Montes De Ame,https://propertypros.mx/listing/luxurious-home-in-montes-de-ame/,https://propertypros.mx/wp-content/themes/propertyprosmx/images/fb-like.png,"TRIPLE+ (group 27, 159 agencies)",2026-05-09
propertypros,Merida Mexico and Yucatan Real Estate,,USD,,,Montebello Modern House,https://propertypros.mx/listing/montebello-modern-house/,https://propertypros.mx/wp-content/themes/propertyprosmx/images/fb-like.png,"TRIPLE+ (group 27, 159 agencies)",2026-05-09
propertypros,Merida Mexico and Yucatan Real Estate,,USD,,,Lot Felipe Carrillo,https://propertypros.mx/listing/lot-felipe-carrillo/,https://propertypros.mx/wp-content/themes/propertyprosmx/images/fb-like.png,"TRIPLE+ (group 27, 159 agencies)",2026-05-09
propertypros,Merida Mexico and Yucatan Real Estate,,USD,,,Casa De Monumento A Felipe Carrillo Puerto,https://propertypros.mx/listing/casa-de-monumento-a-felipe-carrillo-puerto/,https://propertypros.mx/wp-content/themes/propertyprosmx/images/fb-like.png,"TRIPLE+ (group 27, 159 agencies)",2026-05-09
propertypros,Merida Mexico and Yucatan Real Estate,,USD,,,Colonial In The Heart Of Centro,https://propertypros.mx/listing/colonial-in-the-heart-of-centro/,https://propertypros.mx/wp-content/themes/propertyprosmx/images/fb-like.png,"TRIPLE+ (group 27, 159 agencies)",2026-05-09
propertypros,Merida Mexico and Yucatan Real Estate,,USD,,,Colonial House El Cazadero,https://propertypros.mx/listing/colonial-house-el-cazadero/,https://propertypros.mx/wp-content/themes/propertyprosmx/images/fb-like.png,"TRIPLE+ (group 27, 159 agencies)",2026-05-09
propertypros,Merida Mexico and Yucatan Real Estate,,USD,,,Chen Bech Gem,https://propertypros.mx/listing/chen-bech-gem/,https://propertypros.mx/wp-content/themes/propertyprosmx/images/fb-like.png,"TRIPLE+ (group 27, 159 agencies)",2026-05-09
propertypros,Merida Mexico and Yucatan Real Estate,,USD,,,Stunning Beachside Telchac Estate,https://propertypros.mx/listing/stunning-beachside-telchac-estate/,https://propertypros.mx/wp-content/themes/propertyprosmx/images/fb-like.png,"TRIPLE+ (group 27, 159 agencies)",2026-05-09
propertypros,Merida Mexico and Yucatan Real Estate,,USD,,,San Benito Furnished Beach Front Home,https://propertypros.mx/listing/san-benito-furnished-beach-front-home/,https://propertypros.mx/wp-content/themes/propertyprosmx/images/fb-like.png,"TRIPLE+ (group 27, 159 agencies)",2026-05-09
propertypros,Merida Mexico and Yucatan Real Estate,,USD,,,Elegant House Las Basculas,https://propertypros.mx/listing/elegant-house-las-basculas/,https://propertypros.mx/wp-content/themes/propertyprosmx/images/fb-like.png,"TRIPLE+ (group 27, 159 agencies)",2026-05-09
propertypros,Merida Mexico and Yucatan Real Estate,,USD,,,A Super Star In Restored Colonials,https://propertypros.mx/listing/a-super-star-in-restored-colonials/,https://propertypros.mx/wp-content/themes/propertyprosmx/images/fb-like.png,"TRIPLE+ (group 27, 159 agencies)",2026-05-09
propertypros,Merida Mexico and Yucatan Real Estate,,USD,,,Stunning Beach Front Home Dunas 22,https://propertypros.mx/listing/stunning-beach-front-home-dunas-22/,https://propertypros.mx/wp-content/themes/propertyprosmx/images/fb-like.png,"TRIPLE+ (group 27, 159 agencies)",2026-05-09
propertypros,Merida Mexico and Yucatan Real Estate,,USD,,,Great Price For A Move In Ready Colonial,https://propertypros.mx/listing/great-price-for-a-move-in-ready-colonial/,https://propertypros.mx/wp-content/themes/propertyprosmx/images/fb-like.png,"TRIPLE+ (group 27, 159 agencies)",2026-05-09
propertypros,Merida Mexico and Yucatan Real Estate,,USD,,,Santiago Updated Colonial,https://propertypros.mx/listing/santiago-updated-colonial/,https://propertypros.mx/wp-content/themes/propertyprosmx/images/fb-like.png,"TRIPLE+ (group 27, 159 agencies)",2026-05-09
propertypros,Merida Mexico and Yucatan Real Estate,,USD,,,Aldea Zama Condos Penthouse,https://propertypros.mx/listing/aldea-zama-condos-penthouse/,https://propertypros.mx/wp-content/themes/propertyprosmx/images/fb-like.png,"TRIPLE+ (group 27, 159 agencies)",2026-05-09
propertypros,Merida Mexico and Yucatan Real Estate,,USD,,,Santiago Colonial With Great Potential,https://propertypros.mx/listing/santiago-colonial-with-great-potential/,https://propertypros.mx/wp-content/themes/propertyprosmx/images/fb-like.png,"TRIPLE+ (group 27, 159 agencies)",2026-05-09
propertypros,Merida Mexico and Yucatan Real Estate,,USD,,,Villa Ana Gaby,https://propertypros.mx/listing/villa-ana-gaby/,https://propertypros.mx/wp-content/themes/propertyprosmx/images/fb-like.png,"TRIPLE+ (group 27, 159 agencies)",2026-05-09
propertypros,Merida Mexico and Yucatan Real Estate,,USD,,,Quinta In Tizimin Yucatan,https://propertypros.mx/listing/quinta-in-tizimin-yucatan/,https://propertypros.mx/wp-content/themes/propertyprosmx/images/fb-like.png,"TRIPLE+ (group 27, 159 agencies)",2026-05-09
propertypros,Merida Mexico and Yucatan Real Estate,,USD,,,Dazzling Modern Funtional House,https://propertypros.mx/listing/dazzling-modern-funtional-house/,https://propertypros.mx/wp-content/themes/propertyprosmx/images/fb-like.png,"TRIPLE+ (group 27, 159 agencies)",2026-05-09
propertypros,Merida Mexico and Yucatan Real Estate,,USD,,,Beautiful House In Benito Juarez North,https://propertypros.mx/listing/beautiful-house-in-benito-juarez-north/,https://propertypros.mx/wp-content/themes/propertyprosmx/images/fb-like.png,"TRIPLE+ (group 27, 159 agencies)",2026-05-09
propertypros,Merida Mexico and Yucatan Real Estate,,USD,,,Lot In Montes De Ame,https://propertypros.mx/listing/lot-in-montes-de-ame/,https://propertypros.mx/wp-content/themes/propertyprosmx/images/fb-like.png,"TRIPLE+ (group 27, 159 agencies)",2026-05-09
propertypros,Merida Mexico and Yucatan Real Estate,,USD,,,Francisco De Montejo House In Avenue,https://propertypros.mx/listing/francisco-de-montejo-house-in-avenue/,https://propertypros.mx/wp-content/themes/propertyprosmx/images/fb-like.png,"TRIPLE+ (group 27, 159 agencies)",2026-05-09
propertypros,Merida Mexico and Yucatan Real Estate,,USD,,,Beautiful Modern House In Cholul,https://propertypros.mx/listing/beautiful-modern-house-in-cholul/,https://propertypros.mx/wp-content/themes/propertyprosmx/images/fb-like.png,"TRIPLE+ (group 27, 159 agencies)",2026-05-09
propertypros,Merida Mexico and Yucatan Real Estate,,USD,,,Brand New House Las Americas,https://propertypros.mx/listing/brand-new-house-las-americas/,https://propertypros.mx/wp-content/themes/propertyprosmx/images/fb-like.png,"TRIPLE+ (group 27, 159 agencies)",2026-05-09
propertypros,Merida Mexico and Yucatan Real Estate,,USD,,,Home In Mulzay,https://propertypros.mx/listing/home-in-mulzay/,https://propertypros.mx/wp-content/themes/propertyprosmx/images/fb-like.png,"TRIPLE+ (group 27, 159 agencies)",2026-05-09
propertypros,Merida Mexico and Yucatan Real Estate,,USD,,,Two Story House In Sambula,https://propertypros.mx/listing/two-story-house-in-sambula/,https://propertypros.mx/wp-content/themes/propertyprosmx/images/fb-like.png,"TRIPLE+ (group 27, 159 agencies)",2026-05-09
propertypros,Merida Mexico and Yucatan Real Estate,,USD,,,Jardines De Merida,https://propertypros.mx/listing/jardines-de-merida/,https://propertypros.mx/wp-content/themes/propertyprosmx/images/fb-like.png,"TRIPLE+ (group 27, 159 agencies)",2026-05-09
propertypros,Merida Mexico and Yucatan Real Estate,,USD,,,Elegant Sober And Functional Style,https://propertypros.mx/listing/elegant-sober-and-functional-style/,https://propertypros.mx/wp-content/themes/propertyprosmx/images/fb-like.png,"TRIPLE+ (group 27, 159 agencies)",2026-05-09
propertypros,Merida Mexico and Yucatan Real Estate,,USD,,,Building With Amazing Views,https://propertypros.mx/listing/building-with-amazing-views/,https://propertypros.mx/wp-content/themes/propertyprosmx/images/fb-like.png,"TRIPLE+ (group 27, 159 agencies)",2026-05-09
propertypros,Merida Mexico and Yucatan Real Estate,,USD,,,Fracisco De Montejo One Story Home,https://propertypros.mx/listing/fracisco-de-montejo-one-story-home/,https://propertypros.mx/wp-content/themes/propertyprosmx/images/fb-like.png,"TRIPLE+ (group 27, 159 agencies)",2026-05-09
propertypros,Merida Mexico and Yucatan Real Estate,,USD,,,Brand New Home Leandro Valle,https://propertypros.mx/listing/brand-new-home-leandro-valle/,https://propertypros.mx/wp-content/themes/propertyprosmx/images/fb-like.png,"TRIPLE+ (group 27, 159 agencies)",2026-05-09
propertypros,Merida Mexico and Yucatan Real Estate,,USD,,,Aldea Zama Condos First Level,https://propertypros.mx/listing/aldea-zama-condos-first-level/,https://propertypros.mx/wp-content/themes/propertyprosmx/images/fb-like.png,"TRIPLE+ (group 27, 159 agencies)",2026-05-09
propertypros,Merida Mexico and Yucatan Real Estate,,USD,,,Land In Progreso With Potential,https://propertypros.mx/listing/land-in-progreso-with-potential/,https://propertypros.mx/wp-content/themes/propertyprosmx/images/fb-like.png,"TRIPLE+ (group 27, 159 agencies)",2026-05-09
propertypros,Merida Mexico and Yucatan Real Estate,,USD,,,Aldea Zama Condos Low Level,https://propertypros.mx/listing/aldea-zama-condos-low-level/,https://propertypros.mx/wp-content/themes/propertyprosmx/images/fb-like.png,"TRIPLE+ (group 27, 159 agencies)",2026-05-09
propertypros,Merida Mexico and Yucatan Real Estate,,USD,,,Beach Front In Chelem,https://propertypros.mx/listing/beach-front-in-chelem/,https://propertypros.mx/wp-content/themes/propertyprosmx/images/fb-like.png,"TRIPLE+ (group 27, 159 agencies)",2026-05-09
propertypros,Merida Mexico and Yucatan Real Estate,,USD,,,Beautiful House In Chelem With A Lot Of Potential,https://propertypros.mx/listing/beautiful-house-in-chelem-with-a-lot-of-potential/,https://propertypros.mx/wp-content/themes/propertyprosmx/images/fb-like.png,"TRIPLE+ (group 27, 159 agencies)",2026-05-09
propertypros,Merida Mexico and Yucatan Real Estate,,USD,,,New Condo In Chicxulub,https://propertypros.mx/listing/new-condo-in-chicxulub/,https://propertypros.mx/wp-content/themes/propertyprosmx/images/fb-like.png,"TRIPLE+ (group 27, 159 agencies)",2026-05-09
propertypros,Merida Mexico and Yucatan Real Estate,,USD,,,Incredible Chuburna,https://propertypros.mx/listing/incredible-chuburna/,https://propertypros.mx/wp-content/themes/propertyprosmx/images/fb-like.png,"TRIPLE+ (group 27, 159 agencies)",2026-05-09
propertypros,Merida Mexico and Yucatan Real Estate,,USD,,,Chicxulub Puerto New House,https://propertypros.mx/listing/chicxulub-puerto-new-house/,https://propertypros.mx/wp-content/themes/propertyprosmx/images/fb-like.png,"TRIPLE+ (group 27, 159 agencies)",2026-05-09
propertypros,Affordable quinta in centro!,59500.0,USD,,3,Affordable Quinta In Centro,https://propertypros.mx/affordable-quinta-in-centro/,https://propertypros.mx/wp-content/uploads/2016/09/quinta.jpg,,2026-05-09
propertypros,Merida Mexico and Yucatan Real Estate,,USD,,,New In Chicxulub,https://propertypros.mx/listing/new-in-chicxulub/,https://propertypros.mx/wp-content/themes/propertyprosmx/images/fb-like.png,"TRIPLE+ (group 27, 159 agencies)",2026-05-09
propertypros,Delightful Yellow Colonial,149000.0,USD,,2,Delightful Yellow Colonial,https://propertypros.mx/delightful-yellow-colonial/,https://propertypros.mx/wp-content/uploads/2016/09/IMG_6751-1.jpg,,2026-05-09
propertypros,Merida Mexico and Yucatan Real Estate,,USD,,,Empty Lot On The Ocean,https://propertypros.mx/listing/empty-lot-on-the-ocean/,https://propertypros.mx/wp-content/themes/propertyprosmx/images/fb-like.png,"TRIPLE+ (group 27, 159 agencies)",2026-05-09
propertypros,5 meter high ceilings on a budget,62000.0,MXN,,3,3 Story Beach Front In Telchac,https://propertypros.mx/3-story-beach-front-in-telchac/,https://propertypros.mx/wp-content/uploads/2016/09/5meter.jpg,,2026-05-09
propertypros,Merida Mexico and Yucatan Real Estate,,USD,,,Lot In Dzinzantun,https://propertypros.mx/listing/lot-in-dzinzantun/,https://propertypros.mx/wp-content/themes/propertyprosmx/images/fb-like.png,"TRIPLE+ (group 27, 159 agencies)",2026-05-09
propertypros,Merida Mexico and Yucatan Real Estate,,USD,,,Almost Finished Chicxulub,https://propertypros.mx/listing/almost-finished-chicxulub/,https://propertypros.mx/wp-content/themes/propertyprosmx/images/fb-like.png,"TRIPLE+ (group 27, 159 agencies)",2026-05-09
propertypros,Merida Mexico and Yucatan Real Estate,,USD,,,Beautiful Tropical Home,https://propertypros.mx/listing/beautiful-tropical-home/,https://propertypros.mx/wp-content/themes/propertyprosmx/images/fb-like.png,"TRIPLE+ (group 27, 159 agencies)",2026-05-09
propertypros,Merida Mexico and Yucatan Real Estate,,USD,,,Beach Resort Condos And Hotel,https://propertypros.mx/listing/beach-resort-condos-and-hotel/,https://propertypros.mx/wp-content/themes/propertyprosmx/images/fb-like.png,"TRIPLE+ (group 27, 159 agencies)",2026-05-09
propertypros,Casa Aguacate,369000.0,USD,2,2,Casa Aguacate,https://propertypros.mx/casa-aguacate/,https://propertypros.mx/wp-content/uploads/2016/09/12970780_1710538652551107_1759313389333937451_o.jpg,,2026-05-09
propertypros,Listings Search,,USD,,,Listings Search,https://propertypros.mx/listings-search/,https://propertypros.mx/wp-content/themes/propertyprosmx/images/fb-like.png,,2026-05-09
propertypros,Delightful Amigos!,279000.0,USD,,4,Delightful Amigos,https://propertypros.mx/delightful-amigos/,https://propertypros.mx/wp-content/uploads/2016/09/IMG_6748.jpg,,2026-05-09
propertypros,Delightful Blue Colonial,149000.0,USD,,2,Delightful Blue Colonial,https://propertypros.mx/delightful-blue-colonial/,https://propertypros.mx/wp-content/uploads/2016/09/IMG_6744.jpg,,2026-05-09
propertypros,Merida Mexico and Yucatan Real Estate,,USD,,,Santiago Investment Home,https://propertypros.mx/listing/santiago-investment-home/,https://propertypros.mx/wp-content/themes/propertyprosmx/images/fb-like.png,"TRIPLE+ (group 27, 159 agencies)",2026-05-09
propertypros,Renovation in San Sebastian!,42000.0,USD,,3,Renovation In San Sebastian,https://propertypros.mx/renovation-in-san-sebastian/,https://propertypros.mx/wp-content/uploads/2016/09/IMG_0246.jpg,,2026-05-09
propertypros,Merida Mexico and Yucatan Real Estate,,USD,,,Fixer Up La Ermita,https://propertypros.mx/listing/fixer-up-la-ermita/,https://propertypros.mx/wp-content/themes/propertyprosmx/images/fb-like.png,"TRIPLE+ (group 27, 159 agencies)",2026-05-09
propertypros,Merida Mexico and Yucatan Real Estate,,USD,,,Beautiful Colonial Home In The Town Of Ticul,https://propertypros.mx/listing/beautiful-colonial-home-in-the-town-of-ticul/,https://propertypros.mx/wp-content/themes/propertyprosmx/images/fb-like.png,"TRIPLE+ (group 27, 159 agencies)",2026-05-09
propertypros,Merida Mexico and Yucatan Real Estate,,USD,,,Big Lot In Komchem Yucatan Great Opportunity To Invest,https://propertypros.mx/listing/big-lot-in-komchem-yucatan-great-opportunity-to-invest/,https://propertypros.mx/wp-content/themes/propertyprosmx/images/fb-like.png,"TRIPLE+ (group 27, 159 agencies)",2026-05-09
propertypros,Merida Mexico and Yucatan Real Estate,,USD,,,Luxury Residence Kintunich,https://propertypros.mx/listing/luxury-residence-kintunich/,https://propertypros.mx/wp-content/themes/propertyprosmx/images/fb-like.png,"TRIPLE+ (group 27, 159 agencies)",2026-05-09
propertypros,Merida Mexico and Yucatan Real Estate,,USD,,,Quinta San Pedro Cholul,https://propertypros.mx/listing/quinta-san-pedro-cholul/,https://propertypros.mx/wp-content/themes/propertyprosmx/images/fb-like.png,"TRIPLE+ (group 27, 159 agencies)",2026-05-09
propertypros,Merida Mexico and Yucatan Real Estate,,USD,,,Large Beach Lot In Telchac,https://propertypros.mx/listing/large-beach-lot-in-telchac/,https://propertypros.mx/wp-content/themes/propertyprosmx/images/fb-like.png,"TRIPLE+ (group 27, 159 agencies)",2026-05-09
propertypros,Merida Mexico and Yucatan Real Estate,,USD,,,Beach Front House Villa Nueve,https://propertypros.mx/listing/beach-front-house-villa-nueve/,https://propertypros.mx/wp-content/themes/propertyprosmx/images/fb-like.png,"TRIPLE+ (group 27, 159 agencies)",2026-05-09
propertypros,Merida Mexico and Yucatan Real Estate,,USD,,,Villa San Bruno,https://propertypros.mx/listing/villa-san-bruno/,https://propertypros.mx/wp-content/themes/propertyprosmx/images/fb-like.png,"TRIPLE+ (group 27, 159 agencies)",2026-05-09
propertypros,Merida Mexico and Yucatan Real Estate,,USD,,,Progreso Beach Home,https://propertypros.mx/listing/progreso-beach-home/,https://propertypros.mx/wp-content/themes/propertyprosmx/images/fb-like.png,"TRIPLE+ (group 27, 159 agencies)",2026-05-09
propertypros,Merida Mexico and Yucatan Real Estate,,USD,,,Colonial With Clean Facade,https://propertypros.mx/listing/colonial-with-clean-facade/,https://propertypros.mx/wp-content/themes/propertyprosmx/images/fb-like.png,"TRIPLE+ (group 27, 159 agencies)",2026-05-09
propertypros,Merida Mexico and Yucatan Real Estate,,USD,,,Quiet Home With Apartment,https://propertypros.mx/listing/quiet-home-with-apartment/,https://propertypros.mx/wp-content/themes/propertyprosmx/images/fb-like.png,"TRIPLE+ (group 27, 159 agencies)",2026-05-09
propertypros,Merida Mexico and Yucatan Real Estate,,USD,,,Relaxing Living Space In Centro,https://propertypros.mx/listing/relaxing-living-space-in-centro/,https://propertypros.mx/wp-content/themes/propertyprosmx/images/fb-like.png,"TRIPLE+ (group 27, 159 agencies)",2026-05-09
propertypros,Merida Mexico and Yucatan Real Estate,,USD,,,La Ermita Charmer,https://propertypros.mx/listing/la-ermita-charmer/,https://propertypros.mx/wp-content/themes/propertyprosmx/images/fb-like.png,"TRIPLE+ (group 27, 159 agencies)",2026-05-09
propertypros,Merida Mexico and Yucatan Real Estate,,USD,,,Santiago House With Balcony,https://propertypros.mx/listing/santiago-house-with-balcony/,https://propertypros.mx/wp-content/themes/propertyprosmx/images/fb-like.png,"TRIPLE+ (group 27, 159 agencies)",2026-05-09
propertypros,Merida Mexico and Yucatan Real Estate,,USD,,,Santiago House With Garage,https://propertypros.mx/listing/santiago-house-with-garage/,https://propertypros.mx/wp-content/themes/propertyprosmx/images/fb-like.png,"TRIPLE+ (group 27, 159 agencies)",2026-05-09
propertypros,Merida Mexico and Yucatan Real Estate,,USD,,,Colonial Home With Parking Space In Reforma,https://propertypros.mx/listing/colonial-home-with-parking-space-in-reforma/,https://propertypros.mx/wp-content/themes/propertyprosmx/images/fb-like.png,"TRIPLE+ (group 27, 159 agencies)",2026-05-09
propertypros,Merida Mexico and Yucatan Real Estate,,USD,,,Large Property Near La Ermita,https://propertypros.mx/listing/large-property-near-la-ermita/,https://propertypros.mx/wp-content/themes/propertyprosmx/images/fb-like.png,"TRIPLE+ (group 27, 159 agencies)",2026-05-09
propertypros,Merida Mexico and Yucatan Real Estate,,USD,,,Loft Sodzil North,https://propertypros.mx/listing/loft-sodzil-north/,https://propertypros.mx/wp-content/themes/propertyprosmx/images/fb-like.png,"TRIPLE+ (group 27, 159 agencies)",2026-05-09
propertypros,Merida Mexico and Yucatan Real Estate,,USD,,,San Ramon Norte Modern House,https://propertypros.mx/listing/san-ramon-norte-modern-house/,https://propertypros.mx/wp-content/themes/propertyprosmx/images/fb-like.png,"TRIPLE+ (group 27, 159 agencies)",2026-05-09
propertypros,Merida Mexico and Yucatan Real Estate,,USD,,,Las Margaritas De Cholul,https://propertypros.mx/listing/las-margaritas-de-cholul/,https://propertypros.mx/wp-content/themes/propertyprosmx/images/fb-like.png,"TRIPLE+ (group 27, 159 agencies)",2026-05-09
propertypros,Merida Mexico and Yucatan Real Estate,,USD,,,Well Located Home In Francisco De Montejo,https://propertypros.mx/listing/well-located-home-in-francisco-de-montejo/,https://propertypros.mx/wp-content/themes/propertyprosmx/images/fb-like.png,"TRIPLE+ (group 27, 159 agencies)",2026-05-09
propertypros,Merida Mexico and Yucatan Real Estate,,USD,,,Pre Sale Beautiful Home In Montealban Merida North,https://propertypros.mx/listing/pre-sale-beautiful-home-in-montealban-merida-north/,https://propertypros.mx/wp-content/themes/propertyprosmx/images/fb-like.png,"TRIPLE+ (group 27, 159 agencies)",2026-05-09
propertypros,Merida Mexico and Yucatan Real Estate,,USD,,,Modern And Minimalist,https://propertypros.mx/listing/modern-and-minimalist/,https://propertypros.mx/wp-content/themes/propertyprosmx/images/fb-like.png,"TRIPLE+ (group 27, 159 agencies)",2026-05-09
propertypros,Merida Mexico and Yucatan Real Estate,,USD,,,Brand New Single Story House In Gated Community,https://propertypros.mx/listing/brand-new-single-story-house-in-gated-community/,https://propertypros.mx/wp-content/themes/propertyprosmx/images/fb-like.png,"TRIPLE+ (group 27, 159 agencies)",2026-05-09
propertypros,Merida Mexico and Yucatan Real Estate,,USD,,,Montebello Modern Style Home,https://propertypros.mx/listing/montebello-modern-style-home/,https://propertypros.mx/wp-content/themes/propertyprosmx/images/fb-like.png,"TRIPLE+ (group 27, 159 agencies)",2026-05-09
propertypros,Merida Mexico and Yucatan Real Estate,,USD,,,Contemporary House In Gated Community Los Alamos,https://propertypros.mx/listing/contemporary-house-in-gated-community-los-alamos/,https://propertypros.mx/wp-content/themes/propertyprosmx/images/fb-like.png,"TRIPLE+ (group 27, 159 agencies)",2026-05-09
propertypros,Merida Mexico and Yucatan Real Estate,,USD,,,House In La Azcorra With Great Fixer Up Potential,https://propertypros.mx/listing/house-in-la-azcorra-with-great-fixer-up-potential/,https://propertypros.mx/wp-content/themes/propertyprosmx/images/fb-like.png,"TRIPLE+ (group 27, 159 agencies)",2026-05-09
propertypros,Merida Mexico and Yucatan Real Estate,,USD,,,Big Land For A Big Project,https://propertypros.mx/listing/big-land-for-a-big-project/,https://propertypros.mx/wp-content/themes/propertyprosmx/images/fb-like.png,"TRIPLE+ (group 27, 159 agencies)",2026-05-09
propertypros,Merida Mexico and Yucatan Real Estate,,USD,,,Spacious Garcia Gineres Home,https://propertypros.mx/listing/spacious-garcia-gineres-home/,https://propertypros.mx/wp-content/themes/propertyprosmx/images/fb-like.png,"TRIPLE+ (group 27, 159 agencies)",2026-05-09
propertypros,Merida Mexico and Yucatan Real Estate,,USD,,,Two Story Home In Aleman,https://propertypros.mx/listing/two-story-home-in-aleman/,https://propertypros.mx/wp-content/themes/propertyprosmx/images/fb-like.png,"TRIPLE+ (group 27, 159 agencies)",2026-05-09
propertypros,Merida Mexico and Yucatan Real Estate,,USD,,,Pedregales De Tanlum,https://propertypros.mx/listing/pedregales-de-tanlum/,https://propertypros.mx/wp-content/themes/propertyprosmx/images/fb-like.png,"TRIPLE+ (group 27, 159 agencies)",2026-05-09
propertypros,Merida Mexico and Yucatan Real Estate,,USD,,,Spacious Modern Angular Concrete Home,https://propertypros.mx/listing/spacious-modern-angular-concrete-home/,https://propertypros.mx/wp-content/themes/propertyprosmx/images/fb-like.png,"TRIPLE+ (group 27, 159 agencies)",2026-05-09
propertypros,Merida Mexico and Yucatan Real Estate,,USD,,,Mini Home In The Heart Of Centro,https://propertypros.mx/listing/mini-home-in-the-heart-of-centro/,https://propertypros.mx/wp-content/themes/propertyprosmx/images/fb-like.png,"TRIPLE+ (group 27, 159 agencies)",2026-05-09
propertypros,Listings Search,,USD,,,Listings Search,https://propertypros.mx/listings-search/,https://propertypros.mx/wp-content/themes/propertyprosmx/images/fb-like.png,,2026-05-09
propertypros,Merida Mexico and Yucatan Real Estate,,USD,,,Massive Lot Just Steps From Montejo,https://propertypros.mx/listing/massive-lot-just-steps-from-montejo/,https://propertypros.mx/wp-content/themes/propertyprosmx/images/fb-like.png,"TRIPLE+ (group 27, 159 agencies)",2026-05-09
propertypros,Merida Mexico and Yucatan Real Estate,,USD,,,Montes De Ame Beautiful Family Home,https://propertypros.mx/listing/montes-de-ame-beautiful-family-home/,https://propertypros.mx/wp-content/themes/propertyprosmx/images/fb-like.png,"TRIPLE+ (group 27, 159 agencies)",2026-05-09
propertypros,Merida Mexico and Yucatan Real Estate,,USD,,,Casa Buena Vista,https://propertypros.mx/listing/casa-buena-vista/,https://propertypros.mx/wp-content/themes/propertyprosmx/images/fb-like.png,"TRIPLE+ (group 27, 159 agencies)",2026-05-09
propertypros,Merida Mexico and Yucatan Real Estate,,USD,,,First Row Back Telchac Beach House,https://propertypros.mx/listing/first-row-back-telchac-beach-house/,https://propertypros.mx/wp-content/themes/propertyprosmx/images/fb-like.png,"TRIPLE+ (group 27, 159 agencies)",2026-05-09
propertypros,Merida Mexico and Yucatan Real Estate,,USD,,,Chelem Beach Front,https://propertypros.mx/listing/chelem-beach-front/,https://propertypros.mx/wp-content/themes/propertyprosmx/images/fb-like.png,"TRIPLE+ (group 27, 159 agencies)",2026-05-09
propertypros,Merida Mexico and Yucatan Real Estate,,USD,,,5M High Ceilings On A Budget,https://propertypros.mx/listing/5m-high-ceilings-on-a-budget/,https://propertypros.mx/wp-content/themes/propertyprosmx/images/fb-like.png,"TRIPLE+ (group 27, 159 agencies)",2026-05-09
propertypros,Merida Mexico and Yucatan Real Estate,,USD,,,Colonial Fixer Upper In Calle 61,https://propertypros.mx/listing/colonial-fixer-upper-in-calle-61/,https://propertypros.mx/wp-content/themes/propertyprosmx/images/fb-like.png,"TRIPLE+ (group 27, 159 agencies)",2026-05-09
propertypros,Merida Mexico and Yucatan Real Estate,,USD,,,Centro Calle 57 Chem Bech,https://propertypros.mx/listing/centro-calle-57-chem-bech/,https://propertypros.mx/wp-content/themes/propertyprosmx/images/fb-like.png,"TRIPLE+ (group 27, 159 agencies)",2026-05-09
propertypros,Merida Mexico and Yucatan Real Estate,,USD,,,Colonial Remodel Or Hold And Sell,https://propertypros.mx/listing/colonial-remodel-or-hold-and-sell/,https://propertypros.mx/wp-content/themes/propertyprosmx/images/fb-like.png,"TRIPLE+ (group 27, 159 agencies)",2026-05-09
propertypros,Merida Mexico and Yucatan Real Estate,,USD,,,Brand New Home In Benito Juarez North,https://propertypros.mx/listing/brand-new-home-in-benito-juarez-north/,https://propertypros.mx/wp-content/themes/propertyprosmx/images/fb-like.png,"TRIPLE+ (group 27, 159 agencies)",2026-05-09
propertypros,Merida Mexico and Yucatan Real Estate,,USD,,,Residence Vista Alegre,https://propertypros.mx/listing/residence-vista-alegre/,https://propertypros.mx/wp-content/themes/propertyprosmx/images/fb-like.png,"TRIPLE+ (group 27, 159 agencies)",2026-05-09
propertypros,Merida Mexico and Yucatan Real Estate,,USD,,,Prime Commercial In Colonia Canek,https://propertypros.mx/listing/prime-commercial-in-colonia-canek/,https://propertypros.mx/wp-content/themes/propertyprosmx/images/fb-like.png,"TRIPLE+ (group 27, 159 agencies)",2026-05-09
trustfirst,Homes For Sale in Chelem Mexico,226000.0,USD,,2,Homes For Sale In Chelem Mexico,https://www.meridarealestatecompany.com/chelem/homes-for-sale-in-chelem-mexico,,"TRIPLE+ (group 31, 8 agencies)",2026-05-09
trustfirst,Casa Camelia - Jardines De Merida,379800.0,USD,4,,Casa Camelia   Jardines De Merida   442667 Usd,https://www.meridarealestatecompany.com/listings/casa-camelia---jardines-de-merida---442667-usd,https://img.pagecloud.com/MOL4xX66JPVLtpjAQ81Yj6nNM8g=/640x0/filters:no_upscale()/peanutbutter-web-design/images/20231201_1031551.jpg,"TRIPLE+ (group 2, 3 agencies)",2026-05-09
trustfirst,Luxury Real Estate,800000.0,USD,,2,Luxury Homes For Sale In Merida Mexico,https://www.meridarealestatecompany.com/luxury-homes-for-sale-in-merida-mexico,https://siteassets.pagecloud.com/peanutbutter-web-design/images/8661de49-337a-4793-a78e-ce539b057c7b.jpeg,,2026-05-09
trustfirst,Coral House Chelem,226000.0,USD,,,Coral House Chelem,https://www.meridarealestatecompany.com/listings/coral-house-chelem,https://img.pagecloud.com/RXSl-8RX-U_wFtsCKEynRkgOH6I=/1600x0/filters:no_upscale()/peanutbutter-web-design/images/Coral-house-chelem-04-f57b5.jpg,,2026-05-09
trustfirst,Why People Are Leaving Chelem Mexico,,USD,,,Why People Are Leaving Chelem Mexico,https://www.meridarealestatecompany.com/chelem/why-people-are-leaving-chelem-mexico,,,2026-05-09
trustfirst,Homes For Sale in Real Montejo,,USD,,3,Homes For Sale In Real Montejo,https://www.meridarealestatecompany.com/homes-for-sale-in-real-montejo,https://img.pagecloud.com/jqN8nn7lUObblalTm64IbYIJw1U=/1300x0/filters:no_upscale()/peanutbutter-web-design/images/socialgraph_image-o2f40.jpg,"TRIPLE+ (group 27, 159 agencies)",2026-05-09
trustfirst,Merida Houses For Sale,146299.0,USD,3,3,Houses For Sale Merida,https://www.meridarealestatecompany.com/houses-for-sale-merida,"https://siteassets.pagecloud.com/peanutbutter-web-design/images/Photo_13-01-25,_10_06_47_am_1.jpg","TRIPLE+ (group 32, 22 agencies)",2026-05-09
trustfirst,TrustFirst - Bienes Raices Merida Yucatan,146299.0,USD,,3,Bienes Raices Merida,https://www.meridarealestatecompany.com/bienes-raices-merida,https://img.pagecloud.com/bdm6waCszh9KrJwrg5PReQA0zm4=/1300x0/filters:no_upscale()/peanutbutter-web-design/Bienes-raices-merida-v178f.png,,2026-05-09
trustfirst,200M to Paradise Chelem Real Estate,3750000.0,MXN,,,200M To Paradise Chelem,https://www.meridarealestatecompany.com/listings/200m-to-paradise-chelem,https://img.pagecloud.com/2zKL0OvTPDWstxg2ExjQHsOcstg=/1600x0/filters:no_upscale()/peanutbutter-web-design/images/Chelem-Yuc-Paradise-01-ba1be.jpg,,2026-05-09
christies,3 Bedroom Villa for Sale in Yucatan Country Club,940000.0,USD,3,5,Amanha A 16,https://www.christiesrealestatemexico.com/listings/for-sale/merida/amanha-a-16/,https://www.christiesrealestatemexico.com/wp-content/uploads/2025/01/Amanha-Casa-Muestra-03-scaled.jpg,,2026-05-09
yucatanbeach,Casa Azul Grand Colonial Residence in García Ginerés - Yucatan Beach and City Properties,940000.0,USD,5,4,Casa Azul Grand Colonial Residence In Garcia Gineres,https://yucatanbeachandcityproperties.com/casa-azul-grand-colonial-residence-in-garcia-gineres/,https://assets.agentfire3.com/uploads/sites/2094/2025/12/CasaAzulWatermark45.jpg,,2026-05-09
yucatanbeach,CASA BRUNI - Yucatan Beach and City Properties,6300000.0,MXN,1,0,Casa Bruni 2,https://yucatanbeachandcityproperties.com/casa-bruni-2/,https://assets.agentfire3.com/uploads/sites/2094/2026/04/16.jpg,,2026-05-09
yucatanbeach,Casa Beto: Large Single Level Family Home in Cholul– Fully Loaded! - Yucatan Beach and City Properties,299900.0,USD,4,3,Casa Beto Large Single Level Family Home In Cholul Fully Loaded,https://yucatanbeachandcityproperties.com/casa-beto-large-single-level-family-home-in-cholul-fully-loaded/,https://assets.agentfire3.com/uploads/sites/2094/2026/01/CasaBetoWatermark6.jpg,,2026-05-09
yucatanbeach,Casa De Lo - Yucatan Beach and City Properties,2900000.0,MXN,1,4,Casa De Lo,https://yucatanbeachandcityproperties.com/casa-de-lo/,https://assets.agentfire3.com/uploads/sites/2094/2026/04/Untitled-Design-3.jpg,,2026-05-09
yucatanbeach,Casa Waspa - Revived Retro Vibe Home in Centro - Yucatan Beach and City Properties,5250000.0,MXN,2,1,Casa Waspa Revived Retro Vibe Home In Centro,https://yucatanbeachandcityproperties.com/casa-waspa-revived-retro-vibe-home-in-centro/,https://assets.agentfire3.com/uploads/sites/2094/2026/04/CasaWaspaWatermark3.jpg,,2026-05-09
yucatanbeach,A Private Oasis - Yucatan Beach and City Properties,980000.0,USD,1,5,A Private Oasis,https://yucatanbeachandcityproperties.com/a-private-oasis/,https://assets.agentfire3.com/uploads/sites/2094/2026/04/57-2.jpg,DOUBLE (group 33),2026-05-09
yucatanbeach,Casa de Agaves Mexican Modern 15 Solar Panels - Yucatan Beach and City Properties,469000.0,USD,2,2,Casa De Agaves Mexican Modern 15 Solar Panels,https://yucatanbeachandcityproperties.com/casa-de-agaves-mexican-modern-15-solar-panels/,https://assets.agentfire3.com/uploads/sites/2094/2026/03/CasadeAgavesWatermark104.jpg,,2026-05-09
yucatanbeach,Casa Irmita 2 Bedroom wParking in centro - Yucatan Beach and City Properties,3850000.0,MXN,2,2,Casa Irmita 2 Bedroom Wparking In Centro,https://yucatanbeachandcityproperties.com/casa-irmita-2-bedroom-wparking-in-centro/,https://assets.agentfire3.com/uploads/sites/2094/2026/03/CasaIrmitaWatermark32.jpg,,2026-05-09
yucatanbeach,"Casa Nala, Spectacular Single Level in San Sebastián Turn-Key! - Yucatan Beach and City Properties",335000.0,USD,1,3,Casa Nala Spectacular Single Level In San Sebastian Turn Key,https://yucatanbeachandcityproperties.com/casa-nala-spectacular-single-level-in-san-sebastian-turn-key/,https://assets.agentfire3.com/uploads/sites/2094/2026/01/CasaNalaWatermark10.jpg,,2026-05-09
yucatanbeach,CASA FELIZ - Yucatan Beach and City Properties,6900000.0,MXN,3,3,Casa Feliz,https://yucatanbeachandcityproperties.com/casa-feliz/,https://assets.agentfire3.com/uploads/sites/2094/2026/04/70.jpg,,2026-05-09
yucatanbeach,El Retiro - Yucatan Beach and City Properties,5950000.0,MXN,3,3,El Retiro,https://yucatanbeachandcityproperties.com/el-retiro/,https://assets.agentfire3.com/uploads/sites/2094/2026/05/Rafaela-front-1.jpg,,2026-05-09
yucatanbeach,Casa Carpintero: Stunning Brand New Contemporary Home in Lourdes/Chembech - Yucatan Beach and City Properties,7750000.0,MXN,0,3,Casa Carpintero Stunning Brand New Contemporary Home In Lourdes Chembech,https://yucatanbeachandcityproperties.com/casa-carpintero-stunning-brand-new-contemporary-home-in-lourdes-chembech/,https://assets.agentfire3.com/uploads/sites/2094/2026/04/Casa-del-Zapatero-Watermark7.jpg,,2026-05-09
yucatanbeach,Starter Home or Studio - Yucatan Beach and City Properties,169000.0,USD,0,1,Starter Home Or Studio,https://yucatanbeachandcityproperties.com/starter-home-or-studio/,https://assets.agentfire3.com/uploads/sites/2094/2026/04/02-2.jpg,"TRIPLE+ (group 34, 3 agencies)",2026-05-09
yucatanbeach,Casa Clavel Charming Renovated Home in Barrio La Ermita - Yucatan Beach and City Properties,265000.0,USD,2,1,Casa Clavel Charming Renovated Home In Barrio La Ermita 2,https://yucatanbeachandcityproperties.com/casa-clavel-charming-renovated-home-in-barrio-la-ermita-2/,https://assets.agentfire3.com/uploads/sites/2094/2025/09/CasaClavelWatermark47.jpg,,2026-05-09
yucatanbeach,Casa 57 Beautiful 2-Bedroom House with Pool and Tropical Garden - Yucatan Beach and City Properties,249000.0,USD,1,2,Casa 57 Beautiful 2 Bedroom House With Pool And Tropical Garden,https://yucatanbeachandcityproperties.com/casa-57-beautiful-2-bedroom-house-with-pool-and-tropical-garden/,https://assets.agentfire3.com/uploads/sites/2094/2026/04/Casa5743.jpg,,2026-05-09
yucatanbeach,"Casa El Amanecer, Stunning Home w/Premier Location in Santa Ana! - Yucatan Beach and City Properties",679000.0,USD,1,3,Casa El Amanecer Stunning Home W Premier Location In Santa Ana,https://yucatanbeachandcityproperties.com/casa-el-amanecer-stunning-home-w-premier-location-in-santa-ana/,https://assets.agentfire3.com/uploads/sites/2094/2025/09/CasaElAmanecer50.jpg,,2026-05-09
yucatanbeach,Casa Linda: 2-Bedroom Contemporary Two-Story in Chicxulub Pueblo - Yucatan Beach and City Properties,3250000.0,MXN,2,2,Casa Linda 2 Bedroom Contemporary Two Story In Chicxulub Pueblo,https://yucatanbeachandcityproperties.com/casa-linda-2-bedroom-contemporary-two-story-in-chicxulub-pueblo/,https://assets.agentfire3.com/uploads/sites/2094/2026/04/CasaLinda9.jpg,,2026-05-09
yucatanbeach,Casa Colibri | 5 Bedroom Home Near the International Malecon - Yucatan Beach and City Properties,598000.0,USD,1,5,Casa Colibri 5 Bedroom Home Near The International Malecon,https://yucatanbeachandcityproperties.com/casa-colibri-5-bedroom-home-near-the-international-malecon/,https://assets.agentfire3.com/uploads/sites/2094/2026/04/CasaColibri69.jpg,,2026-05-09
yucatanbeach,Quinta Portico Grand Duplex Style Country Home - Yucatan Beach and City Properties,569900.0,USD,5,900,Quinta Portico Grand Duplex Style Country Home,https://yucatanbeachandcityproperties.com/quinta-portico-grand-duplex-style-country-home/,https://assets.agentfire3.com/uploads/sites/2094/2026/03/QuintaPorticoWatermark39.jpg,,2026-05-09
yucatanbeach,Casa Talavera: Single Level Family Beach Residence in Chuburna Puerto - Yucatan Beach and City Properties,269000.0,USD,4,3,Casa Talavera Single Level Family Beach Residence In Chuburna Puerto,https://yucatanbeachandcityproperties.com/casa-talavera-single-level-family-beach-residence-in-chuburna-puerto/,https://assets.agentfire3.com/uploads/sites/2094/2026/02/CasaTalaveraWatermark22.jpg,,2026-05-09
yucatanbeach,BEAUTIFUL COLONIAL - Yucatan Beach and City Properties,399000.0,USD,0,3,Beautiful Colonial,https://yucatanbeachandcityproperties.com/beautiful-colonial/,https://assets.agentfire3.com/uploads/sites/2094/2026/04/11-1.jpg,"TRIPLE+ (group 7, 155 agencies)",2026-05-09
yucatanbeach,Casa Arcoíris: Single Floor 2 Bedroom in Vicente Solis! - Yucatan Beach and City Properties,3500000.0,MXN,2,2,Casa Arcoiris Single Floor 2 Bedroom In Vicente Solis,https://yucatanbeachandcityproperties.com/casa-arcoiris-single-floor-2-bedroom-in-vicente-solis/,https://assets.agentfire3.com/uploads/sites/2094/2026/04/CasaArcoiris9.jpg,,2026-05-09
yucatanbeach,Casa Yaxlum: 3 Bedroom Contemporary Residence in Conkal - Yucatan Beach and City Properties,5200000.0,MXN,3,3,Casa Yaxlum 3 Bedroom Contemporary Residence In Conkal,https://yucatanbeachandcityproperties.com/casa-yaxlum-3-bedroom-contemporary-residence-in-conkal/,https://assets.agentfire3.com/uploads/sites/2094/2026/04/CasaYaxlum29.jpg,,2026-05-09
yucatanbeach,Lote 54: Versatile Property in the Heart of Barrio San Cristobal - Yucatan Beach and City Properties,7500000.0,MXN,20,2,Lote 54 Versatile Property In The Heart Of Barrio San Cristobal,https://yucatanbeachandcityproperties.com/lote-54-versatile-property-in-the-heart-of-barrio-san-cristobal/,https://assets.agentfire3.com/uploads/sites/2094/2026/03/Lote541.jpg,,2026-05-09
yucatanbeach,Casa Bosques - Charming Renovated Home - Yucatan Beach and City Properties,2450000.0,MXN,2,1,Casa Bosques Charming Renovated Home,https://yucatanbeachandcityproperties.com/casa-bosques-charming-renovated-home/,https://assets.agentfire3.com/uploads/sites/2094/2026/03/file-00000000208471f5a8bb1c8ae439956c-1.png,,2026-05-09
yucatanbeach,"Casa Mariposa: Grand Colonial with Potential Income in San Juan, Fully Furnished! - Yucatan Beach and City Properties",794600.0,USD,1,5,Casa Mariposa Grand Colonial With Potential Income In San Juan Fully Furnished,https://yucatanbeachandcityproperties.com/casa-mariposa-grand-colonial-with-potential-income-in-san-juan-fully-furnished/,https://assets.agentfire3.com/uploads/sites/2094/2026/03/CasaMariposaWatermark23.jpg,,2026-05-09
yucatanbeach,Casa Celeste: A Grand Colonial in the Heart of Barrio San Cristobal - Yucatan Beach and City Properties,15000000.0,MXN,5,4,Casa Celeste A Grand Colonial In The Heart Of Barrio San Cristobal,https://yucatanbeachandcityproperties.com/casa-celeste-a-grand-colonial-in-the-heart-of-barrio-san-cristobal/,https://assets.agentfire3.com/uploads/sites/2094/2026/03/CasaCeleste4.jpg,,2026-05-09
yucatanbeach,Casa Azul Beachfront in San Crisanto - Yucatan Beach and City Properties,350000.0,USD,2,2,Casa Azul Beachfront In San Crisanto,https://yucatanbeachandcityproperties.com/casa-azul-beachfront-in-san-crisanto/,https://assets.agentfire3.com/uploads/sites/2094/2025/05/IMG-20241230-111049596-HDR.jpeg,,2026-05-09
yucatanbeach,Casa Cholul - Yucatan Beach and City Properties,319000.0,USD,2,3,Casa Cholul,https://yucatanbeachandcityproperties.com/casa-cholul/,https://assets.agentfire3.com/uploads/sites/2094/2025/08/1.jpeg,"TRIPLE+ (group 35, 6 agencies)",2026-05-09
yucatanbeach,Casa Brisas - Yucatan Beach and City Properties,259000.0,USD,2,3,Casa Brisas,https://yucatanbeachandcityproperties.com/casa-brisas/,https://assets.agentfire3.com/uploads/sites/2094/2025/05/CasaBrisas8.jpg,,2026-05-09
yucatanbeach,Beach Estate Paradise in Chelem - Yucatan Beach and City Properties,610000.0,USD,2,5,Beach Estate Paradise In Chelem,https://yucatanbeachandcityproperties.com/beach-estate-paradise-in-chelem/,https://assets.agentfire3.com/uploads/sites/2094/2025/05/EB-RF6685-4.jpeg,,2026-05-09
yucatanbeach,"Casa Oasis with Rental $249,999 USD - Yucatan Beach and City Properties",249999.0,USD,2,3,Casa Oasis With Rental 249999 Usd,https://yucatanbeachandcityproperties.com/casa-oasis-with-rental-249999-usd/,https://assets.agentfire3.com/uploads/sites/2094/2025/05/EB-RH2279.jpg,,2026-05-09
yucatanbeach,Casa Tamora: 100% Brand New Single Level in Conkal - Yucatan Beach and City Properties,3850000.0,MXN,4,2,Casa Tamora 100 Brand New Single Level In Conkal,https://yucatanbeachandcityproperties.com/casa-tamora-100-brand-new-single-level-in-conkal/,https://assets.agentfire3.com/uploads/sites/2094/2026/02/CasaTamoraWatermark23.jpg,,2026-05-09
yucatanbeach,Casa Parque - Yucatan Beach and City Properties,249000.0,USD,3597,2,Casa Parque,https://yucatanbeachandcityproperties.com/casa-parque/,https://assets.agentfire3.com/uploads/sites/2094/2025/05/EB-RF6661.jpg,,2026-05-09
yucatanbeach,Casa Chuburna - Yucatan Beach and City Properties,249000.0,USD,3,3,Casa Chuburna,https://yucatanbeachandcityproperties.com/casa-chuburna/,https://assets.agentfire3.com/uploads/sites/2094/2025/05/EB-RL7509.jpg,DOUBLE (group 6),2026-05-09
yucatanbeach,Casa Blanco Beachfront - Yucatan Beach and City Properties,329000.0,USD,2,2,Casa Blanco Beachfront,https://yucatanbeachandcityproperties.com/casa-blanco-beachfront/,https://assets.agentfire3.com/uploads/sites/2094/2025/05/EB-RY2273-1.jpg,"TRIPLE+ (group 35, 6 agencies)",2026-05-09
yucatanbeach,Casa Cascada Fully Loaded Contemporary Home - Yucatan Beach and City Properties,399000.0,USD,1,3,Casa Cascada Fully Loaded Contemporary Home,https://yucatanbeachandcityproperties.com/casa-cascada-fully-loaded-contemporary-home/,https://assets.agentfire3.com/uploads/sites/2094/2026/03/CasaCascadaWatermark11.jpg,DOUBLE (group 20),2026-05-09
yucatanbeach,Casa San Benito beach - Yucatan Beach and City Properties,472500.0,USD,51,3,Casa San Benito Beach,https://yucatanbeachandcityproperties.com/casa-san-benito-beach/,https://assets.agentfire3.com/uploads/sites/2094/2025/05/EB-RQ3205.jpg,,2026-05-09
yucatanbeach,Elegance in Baspul with Casita - Yucatan Beach and City Properties,660000.0,MXN,93,5,Elegance In Baspul With Casita,https://yucatanbeachandcityproperties.com/elegance-in-baspul-with-casita/,https://assets.agentfire3.com/uploads/sites/2094/2025/05/EB-RF9392.jpg,"TRIPLE+ (group 36, 5 agencies)",2026-05-09
yucatanbeach,Casa Nativa Contemporary Home with solar - Yucatan Beach and City Properties,165000.0,USD,2,2,Casa Nativa Contemporary Home With Solar,https://yucatanbeachandcityproperties.com/casa-nativa-contemporary-home-with-solar/,https://assets.agentfire3.com/uploads/sites/2094/2025/08/CasaNativa21.jpg,"TRIPLE+ (group 34, 3 agencies)",2026-05-09
yucatanbeach,Casa Flamingo Beachfront Chelem - Yucatan Beach and City Properties,650000.0,USD,2,3,Casa Flamingo Beachfront Chelem,https://yucatanbeachandcityproperties.com/casa-flamingo-beachfront-chelem/,https://assets.agentfire3.com/uploads/sites/2094/2025/09/EB-SM3414-26.jpg,"TRIPLE+ (group 36, 5 agencies)",2026-05-09
yucatanbeach,Casa Marisol-Beautiful Modern Two Story in Conkal w/Solar!   - Yucatan Beach and City Properties,4099000.0,MXN,3,3,Casa Marisol Beautiful Modern Two Story In Conkal W Solar,https://yucatanbeachandcityproperties.com/casa-marisol-beautiful-modern-two-story-in-conkal-w-solar/,https://assets.agentfire3.com/uploads/sites/2094/2025/08/CasaMarisolWatermark3.jpg,,2026-05-09
yucatanbeach,Modern Home in Santiago - Yucatan Beach and City Properties,379000.0,USD,2,2,Modern Home In Santiago,https://yucatanbeachandcityproperties.com/modern-home-in-santiago/,https://assets.agentfire3.com/uploads/sites/2094/2025/05/29.jpeg,"TRIPLE+ (group 18, 6 agencies)",2026-05-09
yucatanbeach,Incredible Beachfront Condo - Yucatan Beach and City Properties,299900.0,USD,1,2,Incredible Beachfront Condo,https://yucatanbeachandcityproperties.com/incredible-beachfront-condo/,https://assets.agentfire3.com/uploads/sites/2094/2025/05/EB-SE3894-4.jpg,,2026-05-09
yucatanbeach,"Casa Mary, Single Story Home in Conkal - Yucatan Beach and City Properties",3400000.0,MXN,2,3,Casa Mary Single Story Home In Conkal,https://yucatanbeachandcityproperties.com/casa-mary-single-story-home-in-conkal/,https://assets.agentfire3.com/uploads/sites/2094/2025/09/CasaMary-3.jpg,,2026-05-09
yucatanbeach,"Lote 04, Large Land in Cholul - Yucatan Beach and City Properties",2390000.0,MXN,0,0,Lote 04 Large Land In Cholul 2,https://yucatanbeachandcityproperties.com/lote-04-large-land-in-cholul-2/,https://assets.agentfire3.com/uploads/sites/2094/2025/09/0033144.jpg,"TRIPLE+ (group 38, 3 agencies)",2026-05-09
yucatanbeach,Lote 11 in Cholul - Yucatan Beach and City Properties,2390000.0,MXN,0,0,Lote 11 In Cholul,https://yucatanbeachandcityproperties.com/lote-11-in-cholul/,https://assets.agentfire3.com/uploads/sites/2094/2025/09/0033153.jpg,"TRIPLE+ (group 38, 3 agencies)",2026-05-09
yucatanbeach,Gorgeous Altabrisa Home - Yucatan Beach and City Properties,650000.0,USD,2,3,Gorgeous Altabrisa Home,https://yucatanbeachandcityproperties.com/gorgeous-altabrisa-home/,https://assets.agentfire3.com/uploads/sites/2094/2025/05/29f12868d0a4366f67c91efb64941624.jpg,"TRIPLE+ (group 36, 5 agencies)",2026-05-09
yucatanbeach,Casa Emmi - Yucatan Beach and City Properties,299999.0,USD,2,2,Casa Emmi,https://yucatanbeachandcityproperties.com/casa-emmi/,https://assets.agentfire3.com/uploads/sites/2094/2025/05/065d865a5bfa2fefd5e762bec671d9ed.jpg,,2026-05-09
yucatanbeach,Incredible Estate Chelem with Rentals - Yucatan Beach and City Properties,379000.0,USD,1,5,Incredible Estate Chelem With Rentals,https://yucatanbeachandcityproperties.com/incredible-estate-chelem-with-rentals/,https://assets.agentfire3.com/uploads/sites/2094/2025/05/EB-RH4475-23.jpg,,2026-05-09
yucatanbeach,Casa Col Mexico Norte - Yucatan Beach and City Properties,11000000.0,MXN,2,5,Casa Col Mexico Norte,https://yucatanbeachandcityproperties.com/casa-col-mexico-norte/,https://assets.agentfire3.com/uploads/sites/2094/2025/08/EB-ST0782-29.jpeg,,2026-05-09
yucatanbeach,Casa Óox Splendid Beach Villa - Yucatan Beach and City Properties,6500000.0,MXN,2,2,Casa Oox Splendid Beach Villa,https://yucatanbeachandcityproperties.com/casa-oox-splendid-beach-villa/,https://assets.agentfire3.com/uploads/sites/2094/2025/05/2-2.jpeg,,2026-05-09
yucatanbeach,Casa Dos Alba - Yucatan Beach and City Properties,219000.0,USD,2,2,Casa Dos Alba,https://yucatanbeachandcityproperties.com/casa-dos-alba/,https://assets.agentfire3.com/uploads/sites/2094/2025/09/Night.jpg,"TRIPLE+ (group 39, 3 agencies)",2026-05-09
yucatanbeach,"Casa Alegría, Charming Restored Colonial Home Near La Ermita - Yucatan Beach and City Properties",5500000.0,MXN,0,2,Casa Alegria Charming Restored Colonial Home Near La Ermita,https://yucatanbeachandcityproperties.com/casa-alegria-charming-restored-colonial-home-near-la-ermita/,https://assets.agentfire3.com/uploads/sites/2094/2025/09/00331029.jpg,,2026-05-09
yucatanbeach,"Casa Rosita, Charming 1 Bedroom Home Near Lar Ermita Area - Yucatan Beach and City Properties",3150000.0,MXN,1,1,Casa Rosita Charming 1 Bedroom Home Near Lar Ermita Area,https://yucatanbeachandcityproperties.com/casa-rosita-charming-1-bedroom-home-near-lar-ermita-area/,https://assets.agentfire3.com/uploads/sites/2094/2025/09/00309922.jpg,,2026-05-09
yucatanbeach,Casa Santiago - Yucatan Beach and City Properties,319000.0,USD,2,2,Casa Santiago,https://yucatanbeachandcityproperties.com/casa-santiago/,https://assets.agentfire3.com/uploads/sites/2094/2025/05/c2d896fec3327283ee10845a9b45de10.jpg,"TRIPLE+ (group 35, 6 agencies)",2026-05-09
yucatanbeach,Casa Rosa - Yucatan Beach and City Properties,749000.0,USD,2,3,Casa Rosa,https://yucatanbeachandcityproperties.com/casa-rosa/,https://assets.agentfire3.com/uploads/sites/2094/2025/05/4-1.jpeg,,2026-05-09
yucatanbeach,"Casa Secreta, Modern Home in Cholul - Yucatan Beach and City Properties",7750000.0,MXN,2,3,Casa Secreta Modern Home In Cholul,https://yucatanbeachandcityproperties.com/casa-secreta-modern-home-in-cholul/,https://assets.agentfire3.com/uploads/sites/2094/2025/09/00334646.jpg,,2026-05-09
yucatanbeach,"Casa Carlota, Modern Two-Story in Cholul w/Solar Panels - Yucatan Beach and City Properties",4490000.0,MXN,1,3,Casa Carlota Modern Two Story In Cholul W Solar Panels,https://yucatanbeachandcityproperties.com/casa-carlota-modern-two-story-in-cholul-w-solar-panels/,https://assets.agentfire3.com/uploads/sites/2094/2026/03/Casa-Carlota-New24.jpg,,2026-05-09
yucatanbeach,Casa Wright - Yucatan Beach and City Properties,3990000.0,MXN,2,2,Casa Wright,https://yucatanbeachandcityproperties.com/casa-wright/,https://assets.agentfire3.com/uploads/sites/2094/2025/09/Wright-resized20250927-120216-1024x768.fit.jpg,,2026-05-09
yucatanbeach,Casa Sebastián: Affordable Fixer-Upper in Barrio San Sebastián - Yucatan Beach and City Properties,109000.0,USD,1,2,Casa Sebastian Affordable Fixer Upper In Barrio San Sebastian,https://yucatanbeachandcityproperties.com/casa-sebastian-affordable-fixer-upper-in-barrio-san-sebastian/,https://assets.agentfire3.com/uploads/sites/2094/2026/02/CasaSebastianWatermark16.jpg,,2026-05-09
yucatanbeach,Casa Arcos Stunning Single Level Colonial San Juan - Yucatan Beach and City Properties,399000.0,USD,5,0,Casa Arcos Stunning Single Level Colonial San Juan,https://yucatanbeachandcityproperties.com/casa-arcos-stunning-single-level-colonial-san-juan/,https://assets.agentfire3.com/uploads/sites/2094/2026/01/CasaArcosWatermark46.jpg,,2026-05-09
yucatanbeach,"Casa Tony, Two-Story Home in San Sebastián- Furnished! - Yucatan Beach and City Properties",4200000.0,MXN,0,3,Casa Tony Two Story Home In San Sebastian Furnished,https://yucatanbeachandcityproperties.com/casa-tony-two-story-home-in-san-sebastian-furnished/,https://assets.agentfire3.com/uploads/sites/2094/2025/09/CasaTony-4.jpg,,2026-05-09
yucatanbeach,Casa San Apóstol Colonial Elegance in San Sebastian - Yucatan Beach and City Properties,475000.0,USD,5,5,Casa San Apostol Colonial Elegance In San Sebastian,https://yucatanbeachandcityproperties.com/casa-san-apostol-colonial-elegance-in-san-sebastian/,https://assets.agentfire3.com/uploads/sites/2094/2025/10/CasaApostolWatermark4.jpg,,2026-05-09
yucatanbeach,"Hacienda Encantada: 1 Bedroom, 1 Bathroom Charming Home in the Historic Chuminopolis - Yucatan Beach and City Properties",3550000.0,MXN,0,1,Hacienda Encantada 1 Bedroom 1 Bathroom Charming Home In The Historic Chuminopolis,https://yucatanbeachandcityproperties.com/hacienda-encantada-1-bedroom-1-bathroom-charming-home-in-the-historic-chuminopolis/,https://assets.agentfire3.com/uploads/sites/2094/2025/11/HaciendaEncantada2.jpg,,2026-05-09
yucatanbeach,Casa Cinco: Mid-Century Canvas in Lourdes - Yucatan Beach and City Properties,4100000.0,MXN,1,4,Casa Cinco Mid Century Canvas In Lourdes,https://yucatanbeachandcityproperties.com/casa-cinco-mid-century-canvas-in-lourdes/,https://assets.agentfire3.com/uploads/sites/2094/2026/01/CasaCincoWatermark25.jpg,,2026-05-09
yucatanbeach,"Casa Aguamarina, Colonial Charm in Lourdes- Turn Key! - Yucatan Beach and City Properties",3000000.0,MXN,0,1,Casa Aguamarina Colonial Charm In Lourdes Turn Key,https://yucatanbeachandcityproperties.com/casa-aguamarina-colonial-charm-in-lourdes-turn-key/,https://assets.agentfire3.com/uploads/sites/2094/2025/09/CasaAguamarina24.jpg,,2026-05-09
yucatanbeach,Casa Tropical Two-Story Modern Residence in Miguel Alemán Double lot! - Yucatan Beach and City Properties,6500000.0,MXN,3,4,Casa Tropical Two Story Modern Residence In Miguel Aleman Double Lot,https://yucatanbeachandcityproperties.com/casa-tropical-two-story-modern-residence-in-miguel-aleman-double-lot/,https://assets.agentfire3.com/uploads/sites/2094/2025/09/CasaTropical28.jpg,,2026-05-09
yucatanbeach,Casa Urbana - Spacious 4 Bedroom w/Exceptional Amenities - Yucatan Beach and City Properties,9000000.0,MXN,5,2,Casa Urbana Spacious 4 Bedroom W Exceptional Amenities,https://yucatanbeachandcityproperties.com/casa-urbana-spacious-4-bedroom-w-exceptional-amenities/,https://assets.agentfire3.com/uploads/sites/2094/2025/08/CasaUrbanaWatermark31.jpg,,2026-05-09
yucatanbeach,Casa García Investment Opportunity in García Ginerés - Yucatan Beach and City Properties,285000.0,USD,3,3,Casa Garcia Investment Opportunity In Garcia Gineres,https://yucatanbeachandcityproperties.com/casa-garcia-investment-opportunity-in-garcia-gineres/,https://assets.agentfire3.com/uploads/sites/2094/2025/08/CasaGarciaWatermark23.jpg,,2026-05-09
yucatanbeach,Casa Umbral - Spectacular Home in Barrio Santiago - Yucatan Beach and City Properties,9000000.0,MXN,5,1,Casa Umbral Spectacular Home In Barrio Santiago,https://yucatanbeachandcityproperties.com/casa-umbral-spectacular-home-in-barrio-santiago/,https://assets.agentfire3.com/uploads/sites/2094/2025/08/CasaUmbralWatermarked-17.jpg,,2026-05-09
yucatanbeach,Casa Las Amigas - Yucatan Beach and City Properties,4800000.0,MXN,5,0,Casa Las Amigas 2,https://yucatanbeachandcityproperties.com/casa-las-amigas-2/,https://assets.agentfire3.com/uploads/sites/2094/2025/08/CasaLasAmigasWatermark33.jpg,,2026-05-09
yucatanbeach,Casa 562 Hache - Tropical Chic AirBNB Home on Calle 47! - Yucatan Beach and City Properties,4000000.0,MXN,0,2,Casa 562 Hache Tropical Chic Airbnb Home On Calle 47,https://yucatanbeachandcityproperties.com/casa-562-hache-tropical-chic-airbnb-home-on-calle-47/,https://assets.agentfire3.com/uploads/sites/2094/2025/08/Casa562Hache29.jpg,,2026-05-09
yucatanbeach,Casa Rojo - Charming Single Level w/Parking - Yucatan Beach and City Properties,3900000.0,MXN,1,1,Casa Rojo Charming Single Level W Parking,https://yucatanbeachandcityproperties.com/casa-rojo-charming-single-level-w-parking/,https://assets.agentfire3.com/uploads/sites/2094/2025/08/CasaRoja-26.jpg,,2026-05-09
yucatanbeach,Casa Colina Stunning Colonial Home in San Cristobal - Yucatan Beach and City Properties,459000.0,USD,3,1,Casa Colina Stunning Colonial Home In San Cristobal,https://yucatanbeachandcityproperties.com/casa-colina-stunning-colonial-home-in-san-cristobal/,https://assets.agentfire3.com/uploads/sites/2094/2025/08/CasaColina47.jpg,"TRIPLE+ (group 40, 3 agencies)",2026-05-09
yucatanbeach,Casa Colorida Garage Excellent Location In Santa Ana - Yucatan Beach and City Properties,320000.0,USD,1,2,Casa Colorida Garage Excellent Location In Santa Ana,https://yucatanbeachandcityproperties.com/casa-colorida-garage-excellent-location-in-santa-ana/,https://assets.agentfire3.com/uploads/sites/2094/2025/08/00336632.jpg,"TRIPLE+ (group 35, 6 agencies)",2026-05-09
yucatanbeach,Casa California Stunning 3 Bed Home In Santiago - Yucatan Beach and City Properties,289000.0,USD,5,0,Casa California Stunning 3 Bed Home In Santiago,https://yucatanbeachandcityproperties.com/casa-california-stunning-3-bed-home-in-santiago/,https://assets.agentfire3.com/uploads/sites/2094/2025/08/00327126.jpg,,2026-05-09
yucatanbeach,Casa Deco - Prime Location Close to 47 in Santa Ana - Yucatan Beach and City Properties,299000.0,USD,2,2,Casa Deco Prime Location Close To 47 In Santa Ana,https://yucatanbeachandcityproperties.com/casa-deco-prime-location-close-to-47-in-santa-ana/,https://assets.agentfire3.com/uploads/sites/2094/2025/08/00332828.jpg,,2026-05-09
yucatanbeach,Casa Natura - Beautiful Live and Work Opportunity! - Yucatan Beach and City Properties,575000.0,USD,4,2,Casa Natura Beautiful Live And Work Opportunity,https://yucatanbeachandcityproperties.com/casa-natura-beautiful-live-and-work-opportunity/,https://assets.agentfire3.com/uploads/sites/2094/2025/08/CasaNatura45.jpg,,2026-05-09
yucatanbeach,Casa Lazuli Charming Single Level Colonial - Yucatan Beach and City Properties,3980000.0,MXN,2,0,Casa Lazuli Charming Single Level Colonial,https://yucatanbeachandcityproperties.com/casa-lazuli-charming-single-level-colonial/,https://assets.agentfire3.com/uploads/sites/2094/2025/09/CasaLazuliWatermark31.jpg,,2026-05-09
yucatanbeach,Casa Heliconia Immaculate Two Story Residence in San Sebastián - Yucatan Beach and City Properties,299000.0,USD,5,1,Casa Heliconia Immaculate Two Story Residence In San Sebastian,https://yucatanbeachandcityproperties.com/casa-heliconia-immaculate-two-story-residence-in-san-sebastian/,https://assets.agentfire3.com/uploads/sites/2094/2025/08/NicholasPortraitColor-Square-110x110.jpg,,2026-05-09
yucatanbeach,Casa Arborea - Spacious Contemporary Home in Conkal - Yucatan Beach and City Properties,6150000.0,MXN,4,1,Casa Arborea Spacious Contemporary Home In Conkal,https://yucatanbeachandcityproperties.com/casa-arborea-spacious-contemporary-home-in-conkal/,https://assets.agentfire3.com/uploads/sites/2094/2025/09/CasaArboreaWatermark45.jpg,,2026-05-09
yucatanbeach,"Casa K’iin, Fully Equipped Single Level w/Solar  - Yucatan Beach and City Properties",6900000.0,MXN,2,3,Casa Kiin Fully Equipped Single Level W Solar,https://yucatanbeachandcityproperties.com/casa-kiin-fully-equipped-single-level-w-solar/,https://assets.agentfire3.com/uploads/sites/2094/2025/09/CasaKi-in26.jpg,,2026-05-09
yucatanbeach,Casa Seaview - Yucatan Beach and City Properties,375000.0,USD,140,3,Casa Seaview,https://yucatanbeachandcityproperties.com/casa-seaview/,https://assets.agentfire3.com/uploads/sites/2094/2026/01/IMG-20260109-WA0003.png,"TRIPLE+ (group 18, 6 agencies)",2026-05-09
yucatanbeach,Casa Tranquila - Yucatan Beach and City Properties,245000.0,USD,2,2,Casa Tranquila,https://yucatanbeachandcityproperties.com/casa-tranquila/,https://assets.agentfire3.com/uploads/sites/2094/2025/09/20250704-113044-1024x857.fit.jpg,,2026-05-09
yucatanbeach,Casa Chembech Single Level Home Turn-Key! - Yucatan Beach and City Properties,299000.0,USD,2,1,Casa Chembech Single Level Home Turn Key,https://yucatanbeachandcityproperties.com/casa-chembech-single-level-home-turn-key/,https://assets.agentfire3.com/uploads/sites/2094/2025/12/CasaChenBechWatermark6.jpg,,2026-05-09
yucatanbeach,Vista Veranda - Yucatan Beach and City Properties,285000.0,USD,1,2,Vista Veranda,https://yucatanbeachandcityproperties.com/vista-veranda/,https://assets.agentfire3.com/uploads/sites/2094/2026/01/20260113-091554.png,,2026-05-09
yucatanbeach,Casa La Paz - Yucatan Beach and City Properties,369000.0,USD,1,3,Casa La Paz,https://yucatanbeachandcityproperties.com/casa-la-paz/,https://assets.agentfire3.com/uploads/sites/2094/2026/01/20260118-093348-1024x768.fit.png,"TRIPLE+ (group 18, 6 agencies)",2026-05-09
yucatanbeach,Casa Serenidad - Yucatan Beach and City Properties,264000.0,USD,2,2,Casa Serenidad,https://yucatanbeachandcityproperties.com/casa-serenidad/,https://assets.agentfire3.com/uploads/sites/2094/2025/09/EB-TO6170-38.jpeg,"TRIPLE+ (group 7, 155 agencies)",2026-05-09
yucatanbeach,Casa Arena Single Floor in Chelem ¡Turn Key and Solar Panels w/Batteries! - Yucatan Beach and City Properties,6500000.0,MXN,2,3,Casa Arena Single Floor In Chelem Turn Key And Solar Panels W Batteries,https://yucatanbeachandcityproperties.com/casa-arena-single-floor-in-chelem-turn-key-and-solar-panels-w-batteries/,https://assets.agentfire3.com/uploads/sites/2094/2025/09/CasaArena2.jpg,,2026-05-09
yucatanbeach,Casa Harmony - Yucatan Beach and City Properties,480000.0,USD,94,3,Casa Harmony,https://yucatanbeachandcityproperties.com/casa-harmony/,https://assets.agentfire3.com/uploads/sites/2094/2026/02/EB-SR6928-1.jpg,"TRIPLE+ (group 40, 3 agencies)",2026-05-09
yucatanbeach,Chelem Gym - Yucatan Beach and City Properties,249000.0,USD,2,2025,Chelem Gym,https://yucatanbeachandcityproperties.com/chelem-gym/,https://assets.agentfire3.com/uploads/sites/2094/2025/08/3jx-resized-April-2025equip17-1-1024x684.fit.jpg,,2026-05-09
yucatanbeach,Casa del Sol - Yucatan Beach and City Properties,189900.0,USD,2,2,Casa Del Sol,https://yucatanbeachandcityproperties.com/casa-del-sol/,https://assets.agentfire3.com/uploads/sites/2094/2025/09/IMG-20241001-WA0022.jpg,,2026-05-09
yucatanbeach,Casa Amarillo - Yucatan Beach and City Properties,409900.0,USD,1,2,Casa Amarillo,https://yucatanbeachandcityproperties.com/casa-amarillo/,https://assets.agentfire3.com/uploads/sites/2094/2025/09/20240920-111215-2-1024x768.fit.jpg,"TRIPLE+ (group 7, 155 agencies)",2026-05-09
yucatanbeach,Casa Jardin Soleado - Yucatan Beach and City Properties,7680000.0,MXN,2,3,Casa Jardin Soleado,https://yucatanbeachandcityproperties.com/casa-jardin-soleado/,https://assets.agentfire3.com/uploads/sites/2094/2025/11/IMG-20251103-WA0030.jpg,,2026-05-09
yucatanbeach,Casa Saasil - Yucatan Beach and City Properties,214000.0,USD,2,3,Casa Saasil,https://yucatanbeachandcityproperties.com/casa-saasil/,https://assets.agentfire3.com/uploads/sites/2094/2025/11/front-1024x785.fit.png,"TRIPLE+ (group 39, 3 agencies)",2026-05-09
yucatanbeach,TH Zyan Brand New in Chelem Puerto with Ocean Views - Yucatan Beach and City Properties,214000.0,USD,5,1,Th Zyan Brand New In Chelem Puerto With Ocean Views,https://yucatanbeachandcityproperties.com/th-zyan-brand-new-in-chelem-puerto-with-ocean-views/,https://assets.agentfire3.com/uploads/sites/2094/2025/12/THZyan-Watermark11.jpg,,2026-05-09
yucatanbeach,Casa Amigoville - Yucatan Beach and City Properties,299000.0,USD,3,3,Casa Amigoville,https://yucatanbeachandcityproperties.com/casa-amigoville/,https://assets.agentfire3.com/uploads/sites/2094/2025/12/f2-1024x768.fit.png,,2026-05-09
yucatanbeach,Villa Tortuga - Yucatan Beach and City Properties,4500000.0,MXN,2,3,Villatortuga,https://yucatanbeachandcityproperties.com/villatortuga/,https://assets.agentfire3.com/uploads/sites/2094/2025/12/7ffe2a1e-6058-479e-a563-16dfd2c405ee.jpg,,2026-05-09
yucatanbeach,Villa Flamingo - Yucatan Beach and City Properties,4350000.0,MXN,2,3,Villa Flamingo 2,https://yucatanbeachandcityproperties.com/villa-flamingo-2/,https://assets.agentfire3.com/uploads/sites/2094/2025/12/b1e973c7-084a-492b-acf0-a8ca2727d242.jpg,,2026-05-09
yucatanbeach,"Casa Arrecifes, Brand New Home in Chelem Puerto, Fully Furnished! - Yucatan Beach and City Properties",229000.0,USD,1,3,Casa Arrecifes Brand New Home In Chelem Puerto Fully Furnished,https://yucatanbeachandcityproperties.com/casa-arrecifes-brand-new-home-in-chelem-puerto-fully-furnished/,https://assets.agentfire3.com/uploads/sites/2094/2025/12/CasaArreclifesWatermark31.jpg,,2026-05-09
yucatanbeach,Casa De Los Hermanos - Yucatan Beach and City Properties,649000.0,USD,463,2,Casa De Los Hermanos,https://yucatanbeachandcityproperties.com/casa-de-los-hermanos/,https://assets.agentfire3.com/uploads/sites/2094/2025/12/Calle-7-588-Chuburna-68-1024x769.fit.jpg,"TRIPLE+ (group 36, 5 agencies)",2026-05-09
yucatanbeach,Casa Serenidad - Yucatan Beach and City Properties,249000.0,USD,2,2,Casa Serenidad 2,https://yucatanbeachandcityproperties.com/casa-serenidad-2/,https://assets.agentfire3.com/uploads/sites/2094/2026/01/1-19.jpeg,"TRIPLE+ (group 31, 8 agencies)",2026-05-09
yucatanbeachhomes,Chuburna Puerto 2/2 Pool New $4.5 Millions MXN - Real Estate Services in Mexico,250000.0,USD,2,2,Chuburna Puerto 2 2 Pool New 4 5 Millions Mxn,https://yucatanbeachhomes.com/blog/listings/chuburna-puerto-2-2-pool-new-4-5-millions-mxn/,https://yucatanbeachhomes.com/wp-content/uploads/2026/03/003-2-1024x743.jpg,,2026-05-09
yucatanbeachhomes,Chuburna Beach House 2/2 Pool $229K - Real Estate Services in Mexico,229000.0,USD,2,2,Chuburna Beach House 2 2 Pool 229K,https://yucatanbeachhomes.com/blog/listings/chuburna-beach-house-2-2-pool-229k/,https://yucatanbeachhomes.com/wp-content/uploads/2026/03/004-2-1024x768.jpg,,2026-05-09
yucatanbeachhomes,Marina Condo 3/2 Progreso $260K - Real Estate Services in Mexico,260000.0,USD,3,2,Marina Condo 3 2 Progreso 260K,https://yucatanbeachhomes.com/blog/listings/marina-condo-3-2-progreso-260k/,https://yucatanbeachhomes.com/wp-content/uploads/2026/03/001-2.jpg,,2026-05-09
yucatanbeachhomes,Chuburná Puerto Pool Home for Sale | $475K USD | MXN $7.98M,475000.0,USD,2,3,Chuburna Puerto Immaculate 2 3 Pool 475K,https://yucatanbeachhomes.com/blog/listings/chuburna-puerto-immaculate-2-3-pool-475k/,https://yucatanbeachhomes.com/wp-content/uploads/2026/03/001.jpeg,,2026-05-09
yucatanbeachhomes,Chelem Beach House for Sale | 3BR Ocean View Home with Pool | $10 Million MXN - Real Estate Services in Mexico,555555.0,USD,3,3,Chelem First Row 3 3 Pool 10 Million Mxn,https://yucatanbeachhomes.com/blog/listings/chelem-first-row-3-3-pool-10-million-mxn/,https://yucatanbeachhomes.com/wp-content/uploads/2026/03/001-1-1024x860.jpg,,2026-05-09
yucatanbeachhomes,Brand New Chuburna Puerto 4/3 $215K - Real Estate Services in Mexico,215000.0,USD,4,3,Brand New Chuburna Puerto 4 3 215K,https://yucatanbeachhomes.com/blog/listings/brand-new-chuburna-puerto-4-3-215k/,https://yucatanbeachhomes.com/wp-content/uploads/2026/05/002.jpg,,2026-05-09
yucatanbeachhomes,"Chelem single-level home just a short walk to the beach $429,000 USD - Real Estate Services in Mexico",429000.0,USD,3,3,Chelem Single Level Home Just A Short Walk To The Beach 429000 Usd,https://yucatanbeachhomes.com/blog/listings/chelem-single-level-home-just-a-short-walk-to-the-beach-429000-usd/,https://yucatanbeachhomes.com/wp-content/uploads/2026/04/01-1.jpg,,2026-05-09
yucatanbeachhomes,Chelem Puerto Lot 320M2 $1.2Million MXN - Real Estate Services in Mexico,66666.0,USD,,,Chelem Puerto Lot 320M2 1 2Million Mxn,https://yucatanbeachhomes.com/blog/listings/chelem-puerto-lot-320m2-1-2million-mxn/,https://yucatanbeachhomes.com/wp-content/uploads/2026/04/001.jpeg,,2026-05-09
yucatanbeachhomes,Beach Home Progreso - Real Estate Services in Mexico,322222.0,USD,3,5,Beach Home Progreso,https://yucatanbeachhomes.com/beach-home-progreso/,https://yucatanbeachhomes.com/wp-content/uploads/2025/04/001-1024x768.jpg,,2026-05-09
yucatanbeachhomes,"3 Bed 3 Bath Furnished Home Pool Chelem Yucatan | $349,000",349000.0,USD,3,3,Beautiful Chelem Home Near The Beach 349000 Usd 3 Bed 3 Bath,https://yucatanbeachhomes.com/blog/listings/beautiful-chelem-home-near-the-beach-349000-usd-3-bed-3-bath/,https://yucatanbeachhomes.com/wp-content/uploads/2026/04/02-768x1024.jpeg,,2026-05-09
yucatanbeachhomes,Chelem 2/2 Pool $220K - Real Estate Services in Mexico,220000.0,USD,2,2,Chelem 2 2 Pool 220K 2,https://yucatanbeachhomes.com/blog/listings/chelem-2-2-pool-220k-2/,https://yucatanbeachhomes.com/wp-content/uploads/2026/02/001-6.jpg,,2026-05-09
yucatanbeachhomes,Chuburna Beachfront construction underway $429K - Real Estate Services in Mexico,429000.0,USD,5,5,Chuburna Beachfront Construction Underway 429K,https://yucatanbeachhomes.com/blog/listings/chuburna-beachfront-construction-underway-429k/,https://yucatanbeachhomes.com/wp-content/uploads/2026/03/001.jpg,,2026-05-09
yucatanbeachhomes,Chelem 2/3+ Pool $212K - Real Estate Services in Mexico,212000.0,USD,2,3,Chelem 2 3 Pool 212K,https://yucatanbeachhomes.com/blog/listings/chelem-2-3-pool-212k/,https://yucatanbeachhomes.com/wp-content/uploads/2026/02/001-5-1024x768.jpg,,2026-05-09
yucatanbeachhomes,Chelem 2/2.5 Pool $245K USD - Real Estate Services in Mexico,245000.0,USD,2,5,Chelem 2 2 5 Pool 245K,https://yucatanbeachhomes.com/blog/listings/chelem-2-2-5-pool-245k/,https://yucatanbeachhomes.com/wp-content/uploads/2026/02/022-3-811x1024.jpg,,2026-05-09
yucatanbeachhomes,"Progreso Beachfront Condo for Sale | 3 Bed, Ocean View, Coral Beach",322222.0,USD,3,2,Progreso Condo 3 2 322K,https://yucatanbeachhomes.com/blog/listings/progreso-condo-3-2-322k/,https://yucatanbeachhomes.com/wp-content/uploads/2025/04/001-2.jpg,,2026-05-09
yucatanbeachhomes,Progreso 3 Story Amazing Home $495K - Real Estate Services in Mexico,495000.0,USD,3,4,Progreso3 Story Amazing Home 495K,https://yucatanbeachhomes.com/blog/listings/progreso3-story-amazing-home-495k/,https://yucatanbeachhomes.com/wp-content/uploads/2023/04/002-7.jpg,,2026-05-09
yucatanbeachhomes,Progreso 3/2 $176.6K - Real Estate Services in Mexico,176666.0,USD,3,2,Progreso 3 2 176 6K,https://yucatanbeachhomes.com/blog/listings/progreso-3-2-176-6k/,https://yucatanbeachhomes.com/wp-content/uploads/2022/08/001-11.jpg,,2026-05-09
yucatanbeachhomes,Progreso Homes with Casita and Pool | 4 Bed $499K,499000.0,USD,4,5,Progreso 4 3 5 With Casita And Pool 499K,https://yucatanbeachhomes.com/blog/listings/progreso-4-3-5-with-casita-and-pool-499k/,https://yucatanbeachhomes.com/wp-content/uploads/2026/02/001-1.jpg,,2026-05-09
yucatanbeachhomes,"Your Dream Beachside Home Awaits in Chuburná, Mérida | A Turn-Key 3BR Sanctuary with Pool & Ocean Views | Priced at $349,000 USD - Real Estate Services in Mexico",349000.0,USD,3,5,Chuburna Second Row 3 4 5 Pool 349K Usd,https://yucatanbeachhomes.com/blog/listings/chuburna-second-row-3-4-5-pool-349k-usd/,https://yucatanbeachhomes.com/wp-content/uploads/2026/01/030.jpeg,,2026-05-09
yucatanbeachhomes,"3BR Second Row Pool Home in Chelem, Yucatan $279K",279000.0,USD,3,5,Chelem Second Row 3 2 5 279K,https://yucatanbeachhomes.com/blog/listings/chelem-second-row-3-2-5-279k/,https://yucatanbeachhomes.com/wp-content/uploads/2026/02/001-2-1024x717.jpg,,2026-05-09
yucatanbeachhomes,Second-Row Chuburná Puerto Pool Home | $285K,285000.0,USD,2,4,Second Row Chuburna Puerto Pool 285K,https://yucatanbeachhomes.com/blog/listings/second-row-chuburna-puerto-pool-285k/,https://yucatanbeachhomes.com/wp-content/uploads/2025/12/001.jpg,,2026-05-09
yucatanbeachhomes,"Oceanfront Villa Chelem Yucatán | $380,000K USD",380000.0,USD,4,5,Deco Beach Oceanfront Villa In Chelem 4Br 3 5Ba 380K Usd,https://yucatanbeachhomes.com/blog/listings/deco-beach-oceanfront-villa-in-chelem-4br-3-5ba-380k-usd/,https://yucatanbeachhomes.com/wp-content/uploads/2025/10/005-1.jpg,,2026-05-09
yucatanbeachhomes,Chicxulub Studio Condo for Sale: $119K | Beachfront Mexico,119000.0,USD,1,1,Chicxulub Studio Condo 119K,https://yucatanbeachhomes.com/blog/listings/chicxulub-studio-condo-119k/,https://yucatanbeachhomes.com/wp-content/uploads/2026/02/013-1-1024x768.jpg,,2026-05-09
yucatanbeachhomes,Chelem Waterfront Home for Sale | 4 Bedroom House with Pool on the Yucatan Coast | $575K - Real Estate Services in Mexico,575000.0,USD,4,5,Chelem Waterfront 4 3 5 Pool 575K,https://yucatanbeachhomes.com/blog/listings/chelem-waterfront-4-3-5-pool-575k/,https://yucatanbeachhomes.com/wp-content/uploads/2026/02/035-768x1024.jpg,,2026-05-09
yucatanbeachhomes,"Merida 3/ 3 Full 2 Half $3,550,000 MXN - Real Estate Services in Mexico",3550000.0,MXN,3,4,Merida 3 3 Full 2 Half 3550000M Mxn,https://yucatanbeachhomes.com/blog/listings/merida-3-3-full-2-half-3550000m-mxn/,https://yucatanbeachhomes.com/wp-content/uploads/2026/01/019-768x1024.jpg,,2026-05-09
yucatanbeachhomes,Chelem 2/2.5 Pool $259K - Real Estate Services in Mexico,259000.0,USD,2,5,Chelem 2 2 5 Pool 259K,https://yucatanbeachhomes.com/blog/listings/chelem-2-2-5-pool-259k/,https://yucatanbeachhomes.com/wp-content/uploads/2025/11/026-4.jpg,,2026-05-09
yucatanbeachhomes,Brand New Chelem Beach Condo 3 Story 2/3.5 Pool $214K - Real Estate Services in Mexico,214000.0,USD,2,5,Brand New Chelem Beach Condo 3 Story C 2 3 5 Pool 214K,https://yucatanbeachhomes.com/blog/listings/brand-new-chelem-beach-condo-3-story-c-2-3-5-pool-214k/,https://yucatanbeachhomes.com/wp-content/uploads/2025/11/005-5.jpg,,2026-05-09
yucatanbeachhomes,Progreso Home | Casita with Pool | $445K USD,445000.0,USD,3,4,Progreso Main House Casita Pool 445K,https://yucatanbeachhomes.com/blog/listings/progreso-main-house-casita-pool-445k/,https://yucatanbeachhomes.com/wp-content/uploads/2025/11/001-2.jpg,,2026-05-09
yucatanbeachhomes,Privada Chelem 3/2 Pool $229.9K - Real Estate Services in Mexico,229900.0,USD,3,2,Privada Chelem 3 2 Pool 229 9K,https://yucatanbeachhomes.com/blog/listings/privada-chelem-3-2-pool-229-9k/,https://yucatanbeachhomes.com/wp-content/uploads/2025/11/001-3.jpg,,2026-05-09
yucatanbeachhomes,Chuburna 4/3 Pool $639K - Real Estate Services in Mexico,639000.0,USD,4,3,Chuburna 4 3 Pool 639K,https://yucatanbeachhomes.com/blog/listings/chuburna-4-3-pool-639k/,https://yucatanbeachhomes.com/wp-content/uploads/2025/08/003-2-1024x768.jpg,,2026-05-09
yucatanbeachhomes,"Chicxulub Puerto Duplex for Sale — 4 Bed | 4 Bath | Pool | $355,555 USD",355555.0,USD,4,4,Chicxulub Puerto For Sale 4 Bed 4 Bath Pool 355 5K Usd,https://yucatanbeachhomes.com/blog/listings/chicxulub-puerto-for-sale-4-bed-4-bath-pool-355-5k-usd/,https://yucatanbeachhomes.com/wp-content/uploads/2025/05/016-1024x768.jpg,,2026-05-09
yucatanbeachhomes,Merida Penthouse for Sale | Luxury 3-Bedroom in Montebello,350000.0,USD,3,2,Merida Penthouse 350K,https://yucatanbeachhomes.com/blog/listings/merida-penthouse-350k/,https://yucatanbeachhomes.com/wp-content/uploads/2025/05/007-4.jpg,,2026-05-09
yucatanbeachhomes,Telchac Puerto Beachfront Condo for Sale | 2BD | $99K,99000.0,USD,2,2,Telchac Puerto Condo 2 2 Pool 99K,https://yucatanbeachhomes.com/blog/listings/telchac-puerto-condo-2-2-pool-99k/,https://yucatanbeachhomes.com/wp-content/uploads/2025/05/004-3.jpg,,2026-05-09
yucatanbeachhomes,Chuburna Immaculate 2/2 Pool $279K - Real Estate Services in Mexico,279000.0,USD,2,2,Chuburna Immaculate 2 2 Pool 279K,https://yucatanbeachhomes.com/blog/listings/chuburna-immaculate-2-2-pool-279k/,https://yucatanbeachhomes.com/wp-content/uploads/2025/08/015-1024x768.jpg,,2026-05-09
yucatanbeachhomes,Soluna Immaculate 4/3.5 Pool $486K - Real Estate Services in Mexico,486111.0,USD,4,5,Soluna Immaculate 4 3 5 Pool 486K,https://yucatanbeachhomes.com/blog/listings/soluna-immaculate-4-3-5-pool-486k/,https://yucatanbeachhomes.com/wp-content/uploads/2025/07/018.jpg,,2026-05-09
yucatanbeachhomes,Chuburna 2/1 Reno Ready $235.5K - Real Estate Services in Mexico,235555.0,USD,2,1,Chuburna 2 1 Reno Ready 235 5K,https://yucatanbeachhomes.com/blog/listings/chuburna-2-1-reno-ready-235-5k/,https://yucatanbeachhomes.com/wp-content/uploads/2022/08/001-9-1024x462.jpg,,2026-05-09
yucatanbeachhomes,San Crisanto Two 2/1 homes w/oceanviews $425K - Real Estate Services in Mexico,425000.0,USD,4,2,San Crisanto Two 2 1 Homes W Oceanviews 425K,https://yucatanbeachhomes.com/blog/listings/san-crisanto-two-2-1-homes-w-oceanviews-425k/,https://yucatanbeachhomes.com/wp-content/uploads/2022/08/011-2.jpg,,2026-05-09
yucatanbeachhomes,Chuburna 1/1 Reno $116.5K - Real Estate Services in Mexico,116600.0,USD,1,1,Chuburna 1 1 Reno 116 5K,https://yucatanbeachhomes.com/blog/listings/chuburna-1-1-reno-116-5k/,https://yucatanbeachhomes.com/wp-content/uploads/2022/08/001-8-400x400-3.jpg,,2026-05-09
yucatanbeachhomes,"Magical Chuburna Beach House for Sale | 1 Bed, 1 Bath with Pool – $249K",249000.0,USD,1,1,Chuburna 1 1 Pool 249K,https://yucatanbeachhomes.com/blog/listings/chuburna-1-1-pool-249k/,https://yucatanbeachhomes.com/wp-content/uploads/2025/05/008-1-1024x768.jpg,,2026-05-09
yucatanbeachhomes,Beautiful House with Pool for Sale in Monte de Ame | Luxury 3 Bed Merida,527777.0,USD,3,5,Merida Monte De Ame 3 3 5 Pool 527K,https://yucatanbeachhomes.com/blog/listings/merida-monte-de-ame-3-3-5-pool-527k/,https://yucatanbeachhomes.com/wp-content/uploads/2025/04/001-1-1024x768.jpg,,2026-05-09
yucatanbeachhomes,Telchac Puerto Apartment Complex for Sale | 4 Units + Commercial Space – $544K,544444.0,USD,3,3,Telchac Puerto Apartment Complex 544K,https://yucatanbeachhomes.com/blog/listings/telchac-puerto-apartment-complex-544k/,https://yucatanbeachhomes.com/wp-content/uploads/2024/12/002-1.jpg,,2026-05-09
yucatanbeachhomes,Modern Chuburna Puerto Beach House for Sale | 3BR/2BA + Pool – $249K,249000.0,USD,3,2,Chuburna 3 2 Pool 249K,https://yucatanbeachhomes.com/blog/listings/chuburna-3-2-pool-249k/,https://yucatanbeachhomes.com/wp-content/uploads/2024/10/001-2-1024x768.jpg,,2026-05-09
yucatanbeachhomes,"Chelem Beach House for Sale | 3BR/3BA + Pool, Solar Panels – $6Million MXN",6000000.0,MXN,3,3,Chelem 2Nd Row 3 3 Pool,https://yucatanbeachhomes.com/blog/listings/chelem-2nd-row-3-3-pool/,https://yucatanbeachhomes.com/wp-content/uploads/2024/10/001-1-1024x768.jpg,DOUBLE (group 42),2026-05-09
yucatanbeachhomes,New Chuburna Puerto Beach House for Sale | 2BR/2BA + Pool – $294K,294500.0,USD,2,2,Chuburna 2 2 Pool New 294 5K,https://yucatanbeachhomes.com/blog/listings/chuburna-2-2-pool-new-294-5k/,https://yucatanbeachhomes.com/wp-content/uploads/2024/09/002-9.jpg,,2026-05-09
yucatanbeachhomes,Chelem Gymnasium for Sale | Business Opportunity with Land & New Construction – $249K,249000.0,USD,1,,Chelem Gymnasium 249K,https://yucatanbeachhomes.com/blog/listings/chelem-gymnasium-249k/,https://yucatanbeachhomes.com/wp-content/uploads/2024/09/001-6-1024x529.jpg,,2026-05-09
yucatanbeachhomes,Beautiful Chelem Real Estate Property for Sale | 4BR Home with Pool,385000.0,USD,4,4,Chelem 4 4 Pool 385K,https://yucatanbeachhomes.com/blog/listings/chelem-4-4-pool-385k/,https://yucatanbeachhomes.com/wp-content/uploads/2025/03/009-1.jpg,,2026-05-09
yucatanbeachhomes,Luxury House for Sale in Conkal Privada Arbórea | 3BR/4.5BA + Pool – $294K,294444.0,USD,3,4,Conkal Privada 3 4 5 Pool 294K,https://yucatanbeachhomes.com/blog/listings/conkal-privada-3-4-5-pool-294k/,https://yucatanbeachhomes.com/wp-content/uploads/2024/12/007-3.jpg,,2026-05-09
yucatanbeachhomes,"Beachfront Property for Sale in Chelem | 4 Bed, 3 Bath, Pool – $799K",799000.0,USD,4,3,Beachfront Chelem 4 3 Pool 799K,https://yucatanbeachhomes.com/blog/listings/beachfront-chelem-4-3-pool-799k/,https://yucatanbeachhomes.com/wp-content/uploads/2024/09/001-3.jpg,,2026-05-09
yucatanbeachhomes,"Luxury Home in Conkal – 4 Bed, 5.5 Bath, Pool – $333K",333333.0,USD,4,5,Conkal Privada 4 5 Pool 333K,https://yucatanbeachhomes.com/blog/listings/conkal-privada-4-5-pool-333k/,https://yucatanbeachhomes.com/wp-content/uploads/2024/09/001-1-1024x700.jpg,,2026-05-09
yucatanbeachhomes,"3-Bed, 2-Bath Beach Condo in Chicxulub Puerto – Ocean Views – $247K",247222.0,USD,3,2,Chicxulub Condo 3 2 247K,https://yucatanbeachhomes.com/blog/listings/chicxulub-condo-3-2-247k/,https://yucatanbeachhomes.com/wp-content/uploads/2024/09/001-1024x799.jpg,,2026-05-09
yucatanbeachhomes,Conkal Privada 4/4.5 Pool $294K - Real Estate Services in Mexico,294444.0,USD,4,5,Conkal Privada 4 4 5 Pool 294K,https://yucatanbeachhomes.com/blog/listings/conkal-privada-4-4-5-pool-294k/,https://yucatanbeachhomes.com/wp-content/uploads/2024/08/001-3-1024x768.jpg,,2026-05-09
yucatanbeachhomes,Chelem triple lot 5/6.5 Pool $610K - Real Estate Services in Mexico,610000.0,USD,5,6,Chelem Triple Lot 5 6 5 Pool 610K,https://yucatanbeachhomes.com/blog/listings/chelem-triple-lot-5-6-5-pool-610k/,https://yucatanbeachhomes.com/wp-content/uploads/2024/07/001-3.jpg,,2026-05-09
yucatanbeachhomes,Chuburna Pre_sale 3/4.5/2 Pools $429K - Real Estate Services in Mexico,429000.0,USD,3,5,Chuburna Pre Sale 3 4 5 2 Pools 429K,https://yucatanbeachhomes.com/blog/listings/chuburna-pre_sale-3-4-5-2-pools-429k/,https://yucatanbeachhomes.com/wp-content/uploads/2023/11/001-6.jpg,,2026-05-09
yucatanbeachhomes,Yucalpeten duplex 2/2/Pool $189K - Real Estate Services in Mexico,189000.0,USD,2,2,Yucalpeten Duplex 2 2 Pool 189K,https://yucatanbeachhomes.com/blog/listings/yucalpeten-duplex-2-2-pool-189k/,https://yucatanbeachhomes.com/wp-content/uploads/2024/06/010.jpeg,"TRIPLE+ (group 43, 3 agencies)",2026-05-09
yucatanbeachhomes,Progreso 2/2 Pool $119K - Real Estate Services in Mexico,119000.0,USD,2,2,Progreso 2 2 Pool 119K,https://yucatanbeachhomes.com/blog/listings/progreso-2-2-pool-119k/,https://yucatanbeachhomes.com/wp-content/uploads/2023/11/022.jpg,,2026-05-09
yucatanbeachhomes,Chuburna Puerto beach home,409000.0,USD,2,5,Chuburna 2 3 5 Pool 409K,https://yucatanbeachhomes.com/blog/listings/chuburna-2-3-5-pool-409k/,https://yucatanbeachhomes.com/wp-content/uploads/2024/05/039-1024x768.jpg,,2026-05-09
yucatanbeachhomes,Chelem Oceanfront 3/3 Pool $475K - Real Estate Services in Mexico,475000.0,USD,3,3,Chelem Oceanfront 475K,https://yucatanbeachhomes.com/blog/listings/chelem-oceanfront-475k/,https://yucatanbeachhomes.com/wp-content/uploads/2024/05/001-1.jpg,,2026-05-09
yucatanbeachhomes,Chelem 3/5 Pool $305.5K - Real Estate Services in Mexico,305555.0,USD,3,5,Chelem 3 5 Pool 305 5K,https://yucatanbeachhomes.com/blog/listings/chelem-3-5-pool-305-5k/,https://yucatanbeachhomes.com/wp-content/uploads/2023/09/001-3-1024x768.jpg,,2026-05-09
yucatanbeachhomes,Resort Style Business in Telchac Pueblo $444K - Real Estate Services in Mexico,444444.0,USD,,6,Resort Style Business In Telchac Pueblo 444K,https://yucatanbeachhomes.com/blog/listings/resort-style-business-in-telchac-pueblo-444k/,https://yucatanbeachhomes.com/wp-content/uploads/2024/05/001-1024x683.jpg,,2026-05-09
yucatanbeachhomes,Chelem Mini Resort 5/5.5 Pool $379.9K - Real Estate Services in Mexico,379900.0,USD,5,5,Chelem Mini Resort 5 5 5 Pool 379 9K,https://yucatanbeachhomes.com/blog/listings/chelem-mini-resort-5-5-5-pool-379-9k/,https://yucatanbeachhomes.com/wp-content/uploads/2024/04/002-5-1024x768.jpg,,2026-05-09
yucatanbeachhomes,Chelem 2/1 $175K - Real Estate Services in Mexico,175000.0,USD,2,1,Chelem 2 1 175K,https://yucatanbeachhomes.com/blog/listings/chelem-2-1-175k/,https://yucatanbeachhomes.com/wp-content/uploads/2023/12/003.jpg,,2026-05-09
yucatanbeachhomes,Chuburna 2/2 Pool $279K - Real Estate Services in Mexico,279722.0,USD,2,2,Chuburna 2 2 Pool 279K,https://yucatanbeachhomes.com/blog/listings/chuburna-2-2-pool-279k/,https://yucatanbeachhomes.com/wp-content/uploads/2023/09/001-2.jpg,,2026-05-09
yucatanbeachhomes,Merida Centro 2/2 Pool $369K - Real Estate Services in Mexico,369000.0,USD,2,2,Merida Centro 2 2 Pool 369K,https://yucatanbeachhomes.com/blog/listings/merida-centro-2-2-pool-369k/,https://yucatanbeachhomes.com/wp-content/uploads/2023/07/001.jpg,"TRIPLE+ (group 7, 155 agencies)",2026-05-09
yucatanbeachhomes,RENT Chuburna 2/2 Pool $925 monthly - Real Estate Services in Mexico,,USD,2,2,Rent Chuburna 2 2 Pool 925 Monthly,https://yucatanbeachhomes.com/blog/listings/rent-chuburna-2-2-pool-925-monthly/,https://yucatanbeachhomes.com/wp-content/uploads/2023/08/001-3-1024x768.jpg,"TRIPLE+ (group 44, 90 agencies)",2026-05-09
yucatanbeachhomes,"2 Bed, 2 Bath Home with Private Pool in Chelem, Yucatán | Steps to the Beach | $220,000 USD - Real Estate Services in Mexico",220000.0,USD,2,2,Chelem 2 2 Pool 220K,https://yucatanbeachhomes.com/blog/listings/chelem-2-2-pool-220k/,https://yucatanbeachhomes.com/wp-content/uploads/2023/07/001-1.jpg,,2026-05-09
yucatanbeachhomes,Motul New Villa Style 2/2 $194.4K - Real Estate Services in Mexico,194444.0,USD,2,2,Motul New Villa Style 2 2 194 4K,https://yucatanbeachhomes.com/blog/listings/motul-new-villa-style-2-2-194-4k/,https://yucatanbeachhomes.com/wp-content/uploads/2023/06/001-3-1024x768.jpg,"TRIPLE+ (group 43, 3 agencies)",2026-05-09
yucatanbeachhomes,Merida 7/7 Fracc. Montejo $319K - Real Estate Services in Mexico,319444.0,USD,7,7,Merida 7 7 Fracc Montejo 319K,https://yucatanbeachhomes.com/blog/listings/merida-7-7-fracc-montejo-319k/,https://yucatanbeachhomes.com/wp-content/uploads/2022/12/001.jpg,,2026-05-09
yucatanbeachhomes,Motul New Villa Style 3/3 $216.6K - Real Estate Services in Mexico,216666.0,USD,3,3,Motul New Villa Style 3 3 216 6K,https://yucatanbeachhomes.com/blog/listings/motul-new-villa-style-3-3-216-6k/,https://yucatanbeachhomes.com/wp-content/uploads/2023/06/001-2-1024x921.jpg,,2026-05-09
yucatanbeachhomes,Chelem 3/3.5 Pool $985K - Real Estate Services in Mexico,985000.0,USD,3,5,Chelem 3 3 5 Pool 985K,https://yucatanbeachhomes.com/blog/listings/chelem-3-3-5-pool-985k/,https://yucatanbeachhomes.com/wp-content/uploads/2023/05/001-4.jpg,,2026-05-09
yucatanbeachhomes,Chicxulub Puerto 3/3 Pool $388.8K - Real Estate Services in Mexico,388888.0,USD,3,3,Chicxulub Puerto 3 3 Pool 388 8K,https://yucatanbeachhomes.com/blog/listings/chicxulub-puerto-3-3-pool-388-8k/,https://yucatanbeachhomes.com/wp-content/uploads/2023/01/001-10.jpg,,2026-05-09
yucatanbeachhomes,"Beachfront Estate $30,000,000 MXP - Real Estate Services in Mexico",30000000.0,MXN,4,5,Beachfront Estate,https://yucatanbeachhomes.com/blog/listings/beachfront-estate/,https://yucatanbeachhomes.com/wp-content/uploads/2023/01/001-7.jpg,,2026-05-09
yucatanbeachhomes,Remarkable Merida Real Estate: Limited Time Offer! - Real Estate Services in Mexico,,USD,,2,Remarkable Merida Real Estate Limited Time Offer,https://yucatanbeachhomes.com/remarkable-merida-real-estate-limited-time-offer/,https://yucatanbeachhomes.com/wp-content/uploads/2024/11/Remarkable-Merida-Real-Estate.jpg,,2026-05-09
yucatanbeachhomes,"A Contemporary Beach House for Sale in Chuburná Puerto, Just Steps from the Ocean - Real Estate Services in Mexico",379000.0,USD,3,,A Contemporary Beach House For Sale In Chuburna Puerto Just Steps From The Ocean,https://yucatanbeachhomes.com/a-contemporary-beach-house-for-sale-in-chuburna-puerto-just-steps-from-the-ocean/,https://yucatanbeachhomes.com/wp-content/uploads/2025/12/Contemporary-beach-house-for-sale-in-Chuburna-Puerto-just-steps-from-the-ocean.jpg,,2026-05-09
yucatanbeachhomes,Home - Real Estate Services in Mexico,50001.0,MXN,7,7,Yucatanbeachhomes.Com,https://yucatanbeachhomes.com/,https://yucatanbeachhomes.com/wp-content/uploads/2026/03/004-2.jpg,,2026-05-09
yucatanbeachhomes,City Centro - Real Estate Services in Mexico,215000.0,USD,3,3,City Centro,https://yucatanbeachhomes.com/listings/city-centro/,https://yucatanbeachhomes.com/wp-content/uploads/2026/05/002.jpg,,2026-05-09
yucatanbeachhomes,Home - Real Estate Services in Mexico,50001.0,MXN,7,7,Yucatanbeachhomes.Com,https://yucatanbeachhomes.com/,https://yucatanbeachhomes.com/wp-content/uploads/2026/03/004-2.jpg,,2026-05-09
yucatanbeachhomes,Home - Real Estate Services in Mexico,50001.0,MXN,7,7,Yucatanbeachhomes.Com,https://yucatanbeachhomes.com/,https://yucatanbeachhomes.com/wp-content/uploads/2026/03/004-2.jpg,,2026-05-09
yucatanbeachhomes,Home - Real Estate Services in Mexico,50001.0,MXN,7,7,Yucatanbeachhomes.Com,https://yucatanbeachhomes.com/,https://yucatanbeachhomes.com/wp-content/uploads/2026/03/004-2.jpg,,2026-05-09
yucatanbeachhomes,Home - Real Estate Services in Mexico,50001.0,MXN,7,7,Yucatanbeachhomes.Com,https://yucatanbeachhomes.com/,https://yucatanbeachhomes.com/wp-content/uploads/2026/03/004-2.jpg,,2026-05-09
meridaliving,Merida Living Real Estate,142500.0,USD,1,1,Newlistings,https://www.meridalivingrealestate.com/casas/newListings,https://meridalivingrealestate.com/images/casas/,"TRIPLE+ (group 32, 22 agencies)",2026-05-09
meridaliving,Merida Living Real Estate,145000.0,USD,,,Beachproperties,https://www.meridalivingrealestate.com/casas/beachProperties,https://meridalivingrealestate.com/images/casas/,"TRIPLE+ (group 32, 22 agencies)",2026-05-09
meridaliving,Merida Living Real Estate,116000.0,USD,1,1,Centrohomes,https://www.meridalivingrealestate.com/casas/centroHomes,https://meridalivingrealestate.com/images/casas/,"TRIPLE+ (group 46, 6 agencies)",2026-05-09
meridaliving,Merida Living Real Estate,72000.0,USD,1,1,Exclusivelistings,https://www.meridalivingrealestate.com/casas/exclusiveListings,https://meridalivingrealestate.com/images/casas/,,2026-05-09
meridaliving,Merida Living Real Estate,43527.0,USD,1,,Northsidehomes,https://www.meridalivingrealestate.com/casas/northsideHomes,https://meridalivingrealestate.com/images/casas/,,2026-05-09
meridaliving,Merida Living Real Estate,142500.0,USD,1,1,Meridamexicorealestate,https://www.meridalivingrealestate.com/2130/meridamexicorealestate,https://meridalivingrealestate.com/images/casas/2026-05-05_10-28-16_House_1.jpg,"TRIPLE+ (group 32, 22 agencies)",2026-05-09
meridaliving,Merida Living Real Estate,625000.0,USD,,,Meridamexicorealestate,https://www.meridalivingrealestate.com/2129%20/meridamexicorealestate,https://meridalivingrealestate.com/images/casas/2026-04-27_17-07-38_House_1.jpg,"TRIPLE+ (group 24, 8 agencies)",2026-05-09
meridaliving,Merida Living Real Estate,142500.0,USD,1,1,Charity,https://www.meridalivingrealestate.com/charity,https://www.meridalivingrealestate.com/images/facebook.png,"TRIPLE+ (group 32, 22 agencies)",2026-05-09
meridaliving,Merida Living Real Estate,142500.0,USD,1,1,Privacynotice,https://www.meridalivingrealestate.com/privacyNotice,https://www.meridalivingrealestate.com/images/facebook.png,"TRIPLE+ (group 32, 22 agencies)",2026-05-09
meridaliving,Merida Living Real Estate,209000.0,USD,3,3,Meridamexicorealestate,https://www.meridalivingrealestate.com/2121/meridamexicorealestate,https://meridalivingrealestate.com/images/casas/2026-03-11_12-56-28_House_13.jpg,,2026-05-09
meridaliving,Merida Living Real Estate,419000.0,USD,,5,Meridamexicorealestate,https://www.meridalivingrealestate.com/2125/meridamexicorealestate,https://meridalivingrealestate.com/images/casas/2026-04-16_16-58-31_House__DSC1273.jpg,"TRIPLE+ (group 7, 155 agencies)",2026-05-09
meridaliving,Merida Living Real Estate,319000.0,USD,,3,Meridamexicorealestate,https://www.meridalivingrealestate.com/2111/meridamexicorealestate,https://meridalivingrealestate.com/images/casas/2026-02-27_09-31-50_House_WhatsAppImage2026-02-27at7.54.30AM(7).jpeg,"TRIPLE+ (group 7, 155 agencies)",2026-05-09
meridaliving,Merida Living Real Estate,156000.0,USD,,,Meridamexicorealestate,https://www.meridalivingrealestate.com/2128/meridamexicorealestate,https://www.meridalivingrealestate.com/images/casas/2026-04-27_11-41-26_House_2.jpg,"TRIPLE+ (group 32, 22 agencies)",2026-05-09
meridaliving,Merida Living Real Estate,350000.0,USD,,,Meridamexicorealestate,https://www.meridalivingrealestate.com/2068/meridamexicorealestate,https://meridalivingrealestate.com/images/casas/2025-09-25_17-14-32_House_0.webp,"TRIPLE+ (group 7, 155 agencies)",2026-05-09
meridaliving,Merida Living Real Estate,559000.0,USD,,,Meridamexicorealestate,https://www.meridalivingrealestate.com/2124/meridamexicorealestate,https://meridalivingrealestate.com/images/casas/2026-04-08_11-21-48_House_1.jpg,"TRIPLE+ (group 14, 7 agencies)",2026-05-09
meridaliving,Merida Living Real Estate,349000.0,USD,,,Meridamexicorealestate,https://www.meridalivingrealestate.com/2120/meridamexicorealestate,https://meridalivingrealestate.com/images/casas/2026-03-09_12-56-01_House_meridahomerenovation1.png,"TRIPLE+ (group 7, 155 agencies)",2026-05-09
meridaliving,Merida Living Real Estate,469000.0,USD,,,Meridamexicorealestate,https://www.meridalivingrealestate.com/1900/meridamexicorealestate,https://meridalivingrealestate.com/images/casas/2024-04-12_13-12-08_House_1.jpg,"TRIPLE+ (group 7, 155 agencies)",2026-05-09
meridaliving,Merida Living Real Estate,365000.0,USD,,,Meridamexicorealestate,https://www.meridalivingrealestate.com/2116/meridamexicorealestate,https://meridalivingrealestate.com/images/casas/2026-02-20_09-45-44_House_1.jpg,"TRIPLE+ (group 7, 155 agencies)",2026-05-09
meridaliving,Merida Living Real Estate,349000.0,USD,3,,Meridamexicorealestate,https://www.meridalivingrealestate.com/2112/meridamexicorealestate,https://meridalivingrealestate.com/images/casas/2026-02-03_14-48-21_House_IMG_5954.jpeg,"TRIPLE+ (group 7, 155 agencies)",2026-05-09
meridaliving,Merida Living Real Estate,145000.0,USD,,17,Meridamexicorealestate,https://www.meridalivingrealestate.com/2109/meridamexicorealestate,https://meridalivingrealestate.com/images/casas/2026-01-29_12-09-15_House_1.jpg,"TRIPLE+ (group 32, 22 agencies)",2026-05-09
meridaliving,Merida Living Real Estate,72000.0,USD,,,Meridamexicorealestate,https://www.meridalivingrealestate.com/1929/meridamexicorealestate,https://meridalivingrealestate.com/images/casas/2024-07-29_12-29-36_House_89697D19-EC5A-4912-A441-3A7FF7F650B2.jpeg,,2026-05-09
meridaliving,Merida Living Real Estate,119000.0,USD,3,,Meridamexicorealestate,https://www.meridalivingrealestate.com/1830/meridamexicorealestate,https://meridalivingrealestate.com/images/casas/2023-10-31_10-26-16_House_0.jpg,"TRIPLE+ (group 46, 6 agencies)",2026-05-09
meridaliving,Merida Living Real Estate,132000.0,USD,,,Meridamexicorealestate,https://www.meridalivingrealestate.com/2106/meridamexicorealestate,https://meridalivingrealestate.com/images/casas/2026-01-14_10-02-43_House_1.jpg,"TRIPLE+ (group 51, 5 agencies)",2026-05-09
meridaliving,Merida Living Real Estate,116000.0,USD,3,5,Meridamexicorealestate,https://www.meridalivingrealestate.com/2118/meridamexicorealestate,https://meridalivingrealestate.com/images/casas/2026-02-26_13-09-11_House_16.jpeg,"TRIPLE+ (group 46, 6 agencies)",2026-05-09
meridaliving,Merida Living Real Estate,43527.0,USD,,,Meridamexicorealestate,https://www.meridalivingrealestate.com/1690/meridamexicorealestate,https://meridalivingrealestate.com/images/casas/2022-12-10_11-09-22_House_CASACLUBBLANCA_SimcaDesarrollos-2.jpg,,2026-05-09
meridaliving,Merida Living Real Estate,439000.0,USD,5,7,Meridamexicorealestate,https://www.meridalivingrealestate.com/2105/meridamexicorealestate,https://meridalivingrealestate.com/images/casas/2026-01-12_10-20-56_House_1.jpg,,2026-05-09
meridaliving,Merida Living Real Estate,400000.0,USD,3,5,Meridamexicorealestate,https://www.meridalivingrealestate.com/2131/meridamexicorealestate,https://meridalivingrealestate.com/images/casas/2026-05-07_15-11-43_House__DSC7723.jpg,"TRIPLE+ (group 7, 155 agencies)",2026-05-09
meridaliving,Merida Living Real Estate,67000.0,USD,3,,Meridamexicorealestate,https://www.meridalivingrealestate.com/1716/meridamexicorealestate,https://meridalivingrealestate.com/images/casas/2023-01-09_10-59-34_House_Render2Post2(1).png,,2026-05-09
meridaliving,Merida Living Real Estate,495000.0,USD,,,Meridamexicorealestate,https://www.meridalivingrealestate.com/2127/meridamexicorealestate,https://meridalivingrealestate.com/images/casas/2026-04-23_16-28-43_House_IMG_9673.jpeg,"TRIPLE+ (group 7, 155 agencies)",2026-05-09
meridaliving,Merida Living Real Estate,125000.0,USD,4,5,Meridamexicorealestate,https://www.meridalivingrealestate.com/1754/meridamexicorealestate,https://meridalivingrealestate.com/images/casas/2023-04-24_14-15-51_House_1.jpg,,2026-05-09
meridaliving,Merida Living Real Estate,108000.0,USD,3,,Meridamexicorealestate,https://www.meridalivingrealestate.com/1711/meridamexicorealestate,https://meridalivingrealestate.com/images/casas/2023-01-02_15-46-23_House_B03C8426-8A43-4421-BD68-796C44AE5A73.jpeg,DOUBLE (group 52),2026-05-09
meridaliving,Merida Living Real Estate,313000.0,USD,3,5,Meridamexicorealestate,https://www.meridalivingrealestate.com/2122/meridamexicorealestate,https://meridalivingrealestate.com/images/casas/2026-03-11_15-26-00_House_4a.jpeg,"TRIPLE+ (group 7, 155 agencies)",2026-05-09
meridaliving,Merida Living Real Estate,475000.0,USD,1,3,Meridamexicorealestate,https://www.meridalivingrealestate.com/2077/meridamexicorealestate,https://meridalivingrealestate.com/images/casas/2025-10-20_15-40-13_House_WhatsAppImage2025-10-19at10.18.44PM.jpeg,"TRIPLE+ (group 7, 155 agencies)",2026-05-09
meridaliving,Merida Living Real Estate,389000.0,USD,,,Meridamexicorealestate,https://www.meridalivingrealestate.com/1881/meridamexicorealestate,https://meridalivingrealestate.com/images/casas/2024-02-23_10-38-40_House_1.jpg,"TRIPLE+ (group 7, 155 agencies)",2026-05-09
meridaliving,Merida Living Real Estate,145000.0,USD,,,Meridamexicorealestate,https://www.meridalivingrealestate.com/2037/meridamexicorealestate,https://meridalivingrealestate.com/images/casas/2026-01-27_09-33-07_House_IMG_9263.jpeg,"TRIPLE+ (group 32, 22 agencies)",2026-05-09
meridaliving,Merida Living Real Estate,122737.0,USD,1,,Meridamexicorealestate,https://www.meridalivingrealestate.com/1707/meridamexicorealestate,"https://meridalivingrealestate.com/images/casas/2022-12-30_11-17-38_House_Depto906,907,910y911.jpeg","TRIPLE+ (group 46, 6 agencies)",2026-05-09
meridaliving,Merida Living Real Estate,332000.0,USD,2,,Meridamexicorealestate,https://www.meridalivingrealestate.com/1960/meridamexicorealestate,https://meridalivingrealestate.com/images/casas/2024-11-11_14-19-46_House_IMG_8475.jpeg,"TRIPLE+ (group 7, 155 agencies)",2026-05-09
meridaliving,Merida Living Real Estate,595000.0,USD,1,,Meridamexicorealestate,https://www.meridalivingrealestate.com/2084/meridamexicorealestate,https://meridalivingrealestate.com/images/casas/2025-11-21_11-19-02_House_1.jpg,"TRIPLE+ (group 24, 8 agencies)",2026-05-09
meridaliving,Merida Living Real Estate,515000.0,USD,3,5,Meridamexicorealestate,https://www.meridalivingrealestate.com/1995/meridamexicorealestate,https://meridalivingrealestate.com/images/casas/2025-02-19_16-13-59_House_1.jpg,"TRIPLE+ (group 14, 7 agencies)",2026-05-09
meridaliving,Merida Living Real Estate,297000.0,USD,,,Meridamexicorealestate,https://www.meridalivingrealestate.com/1968/meridamexicorealestate,https://meridalivingrealestate.com/images/casas/2024-12-02_11-03-06_House_1.jpg,"TRIPLE+ (group 7, 155 agencies)",2026-05-09
meridaliving,Merida Living Real Estate,349000.0,USD,,,Meridamexicorealestate,https://www.meridalivingrealestate.com/2061/meridamexicorealestate,https://meridalivingrealestate.com/images/casas/2025-08-29_11-17-55_House_PHOTO-2025-08-28-21-40-55.jpg,"TRIPLE+ (group 7, 155 agencies)",2026-05-09
meridaliving,Merida Living Real Estate,200500.0,USD,,,Meridamexicorealestate,https://www.meridalivingrealestate.com/1961/meridamexicorealestate,https://meridalivingrealestate.com/images/casas/2024-11-12_10-18-14_House_5.jpeg,"TRIPLE+ (group 3, 7 agencies)",2026-05-09
meridaliving,Merida Living Real Estate,175000.0,USD,1,,Meridamexicorealestate,https://www.meridalivingrealestate.com/2033/meridamexicorealestate,https://meridalivingrealestate.com/images/casas/2025-06-20_11-41-23_House_0.jpg,"TRIPLE+ (group 17, 9 agencies)",2026-05-09
meridaliving,Merida Living Real Estate,307000.0,USD,3,,Meridamexicorealestate,https://www.meridalivingrealestate.com/1917/meridamexicorealestate,https://meridalivingrealestate.com/images/casas/2024-06-17_13-17-48_House_1.jpeg,"TRIPLE+ (group 7, 155 agencies)",2026-05-09
meridaliving,Merida Living Real Estate,167000.0,USD,,,Meridamexicorealestate,https://www.meridalivingrealestate.com/1803/meridamexicorealestate,https://meridalivingrealestate.com/images/casas/2023-08-02_10-42-14_House_1.jpeg,"TRIPLE+ (group 17, 9 agencies)",2026-05-09
meridaliving,Merida Living Real Estate,143000.0,USD,,,Meridamexicorealestate,https://www.meridalivingrealestate.com/2071/meridamexicorealestate,https://meridalivingrealestate.com/images/casas/2025-10-03_16-44-27_House_1.jpg,"TRIPLE+ (group 32, 22 agencies)",2026-05-09
meridaliving,Merida Living Real Estate,378000.0,USD,3,5,Meridamexicorealestate,https://www.meridalivingrealestate.com/2117/meridamexicorealestate,https://meridalivingrealestate.com/images/casas/2026-02-26_11-47-25_House_WhatsAppImage2026-02-26at11.20.33AM(5).jpeg,"TRIPLE+ (group 7, 155 agencies)",2026-05-09
meridaliving,Merida Living Real Estate,199000.0,USD,,,Meridamexicorealestate,https://www.meridalivingrealestate.com/1770/meridamexicorealestate,https://meridalivingrealestate.com/images/casas/2024-06-17_11-39-40_House_1.jpg,"TRIPLE+ (group 3, 7 agencies)",2026-05-09
meridaliving,Merida Living Real Estate,290000.0,USD,3,,Meridamexicorealestate,https://www.meridalivingrealestate.com/1654/meridamexicorealestate,https://meridalivingrealestate.com/images/casas/2024-03-06_13-48-38_House_image00001.jpeg,"TRIPLE+ (group 7, 155 agencies)",2026-05-09
meridaliving,Merida Living Real Estate,295000.0,USD,3,5,Meridamexicorealestate,https://www.meridalivingrealestate.com/2085/meridamexicorealestate,https://meridalivingrealestate.com/images/casas/2025-11-21_15-12-28_House_1.jpg,"TRIPLE+ (group 7, 155 agencies)",2026-05-09
meridaliving,Merida Living Real Estate,315000.0,USD,3,,Meridamexicorealestate,https://www.meridalivingrealestate.com/2010/meridamexicorealestate,https://meridalivingrealestate.com/images/casas/2025-04-09_16-13-45_House_1.jpg,"TRIPLE+ (group 7, 155 agencies)",2026-05-09
meridaliving,Merida Living Real Estate,221000.0,USD,3,,Meridamexicorealestate,https://www.meridalivingrealestate.com/1659/meridamexicorealestate,https://meridalivingrealestate.com/images/casas/2022-09-07_13-12-48_House_MASTERPLAN.jpeg,"TRIPLE+ (group 7, 155 agencies)",2026-05-09
meridaliving,Merida Living Real Estate,292000.0,USD,1,5,Meridamexicorealestate,https://www.meridalivingrealestate.com/2057/meridamexicorealestate,https://meridalivingrealestate.com/images/casas/2025-08-19_16-33-15_House_haciendastylehouse1.jpg,"TRIPLE+ (group 7, 155 agencies)",2026-05-09
meridaliving,Merida Living Real Estate,369000.0,USD,,,Meridamexicorealestate,https://www.meridalivingrealestate.com/1920/meridamexicorealestate,https://meridalivingrealestate.com/images/casas/2024-06-19_15-52-37_House_1.jpg,"TRIPLE+ (group 7, 155 agencies)",2026-05-09
meridaliving,Merida Living Real Estate,419000.0,USD,3,3,Meridamexicorealestate,https://www.meridalivingrealestate.com/2091/meridamexicorealestate,https://meridalivingrealestate.com/images/casas/2025-12-08_10-28-54_House_1.jpg,"TRIPLE+ (group 7, 155 agencies)",2026-05-09
meridaliving,Merida Living Real Estate,405000.0,USD,,3,Meridamexicorealestate,https://www.meridalivingrealestate.com/2092/meridamexicorealestate,https://meridalivingrealestate.com/images/casas/2025-12-08_12-24-35_House_1.jpg,"TRIPLE+ (group 7, 155 agencies)",2026-05-09
meridaliving,Merida Living Real Estate,425000.0,USD,1,1,Meridamexicorealestate,https://www.meridalivingrealestate.com/2074/meridamexicorealestate,https://meridalivingrealestate.com/images/casas/2025-10-07_12-54-54_House_IMG_3889-HDR.jpg,,2026-05-09
meridaliving,Merida Living Real Estate,367000.0,USD,,,Meridamexicorealestate,https://www.meridalivingrealestate.com/1979/meridamexicorealestate,https://meridalivingrealestate.com/images/casas/2025-01-16_12-25-13_House_1.jpg,"TRIPLE+ (group 7, 155 agencies)",2026-05-09
meridaliving,Merida Living Real Estate,149000.0,USD,,,Meridamexicorealestate,https://www.meridalivingrealestate.com/1897/meridamexicorealestate,https://meridalivingrealestate.com/images/casas/2024-04-11_11-54-42_House_1.jpg,"TRIPLE+ (group 32, 22 agencies)",2026-05-09
meridaliving,Merida Living Real Estate,369000.0,USD,,,Meridamexicorealestate,https://www.meridalivingrealestate.com/1880/meridamexicorealestate,https://meridalivingrealestate.com/images/casas/2024-02-23_10-03-28_House_0.jpg,"TRIPLE+ (group 7, 155 agencies)",2026-05-09
meridaliving,Merida Living Real Estate,359000.0,USD,5,7,Meridamexicorealestate,https://www.meridalivingrealestate.com/1448/meridamexicorealestate,https://meridalivingrealestate.com/images/casas/2020-10-19_15-30-00_House_1(1).jpg,,2026-05-09
meridaliving,Merida Living Real Estate,403000.0,USD,,,Meridamexicorealestate,https://www.meridalivingrealestate.com/2063/meridamexicorealestate,https://meridalivingrealestate.com/images/casas/2025-09-09_16-56-13_House_1.jpg,"TRIPLE+ (group 7, 155 agencies)",2026-05-09
meridaliving,Merida Living Real Estate,707000.0,USD,2,,Meridamexicorealestate,https://www.meridalivingrealestate.com/1884/meridamexicorealestate,https://meridalivingrealestate.com/images/casas/2024-02-28_12-45-35_House_12.jpeg,,2026-05-09
meridaliving,Merida Living Real Estate,315000.0,USD,,,Meridamexicorealestate,https://www.meridalivingrealestate.com/2015/meridamexicorealestate,https://meridalivingrealestate.com/images/casas/2026-03-02_10-05-26_House_1.jpg,"TRIPLE+ (group 7, 155 agencies)",2026-05-09
meridaliving,Merida Living Real Estate,429000.0,USD,3,5,Meridamexicorealestate,https://www.meridalivingrealestate.com/1983/meridamexicorealestate,https://meridalivingrealestate.com/images/casas/2025-01-23_10-42-47_House_1.jpeg,"TRIPLE+ (group 7, 155 agencies)",2026-05-09
meridaliving,Merida Living Real Estate,415000.0,USD,,,Meridamexicorealestate,https://www.meridalivingrealestate.com/1969/meridamexicorealestate,https://meridalivingrealestate.com/images/casas/2024-12-03_13-56-38_House_DSC05146.jpg,"TRIPLE+ (group 7, 155 agencies)",2026-05-09
meridaliving,Merida Living Real Estate,495000.0,USD,,,Meridamexicorealestate,https://www.meridalivingrealestate.com/2096/meridamexicorealestate,https://meridalivingrealestate.com/images/casas/2025-12-10_15-49-53_House__DSC6946.jpg,"TRIPLE+ (group 7, 155 agencies)",2026-05-09
meridaliving,Merida Living Real Estate,752000.0,USD,4,,Meridamexicorealestate,https://www.meridalivingrealestate.com/2100/meridamexicorealestate,https://meridalivingrealestate.com/images/casas/2025-12-31_09-32-56_House_meridahouseforsale56.jpg,"TRIPLE+ (group 55, 6 agencies)",2026-05-09
meridaliving,Merida Living Real Estate,480000.0,USD,3,,Meridamexicorealestate,https://www.meridalivingrealestate.com/1936/meridamexicorealestate,https://meridalivingrealestate.com/images/casas/2024-09-03_11-09-18_House_Featured.jpeg,"TRIPLE+ (group 7, 155 agencies)",2026-05-09
meridaliving,Merida Living Real Estate,418000.0,USD,4,5,Meridamexicorealestate,https://www.meridalivingrealestate.com/1905/meridamexicorealestate,https://meridalivingrealestate.com/images/casas/2024-04-29_11-25-19_House_2.JPG,"TRIPLE+ (group 7, 155 agencies)",2026-05-09
meridaliving,Merida Living Real Estate,7600000.0,USD,5,7,Meridamexicorealestate,https://www.meridalivingrealestate.com/1934/meridamexicorealestate,https://meridalivingrealestate.com/images/casas/2024-08-28_10-48-44_House_IMG_4737.jpeg,,2026-05-09
meridaliving,Merida Living Real Estate,400000.0,USD,4,5,Meridamexicorealestate,https://www.meridalivingrealestate.com/1817/meridamexicorealestate,https://meridalivingrealestate.com/images/casas/2023-09-06_15-44-52_House_9.jpeg,"TRIPLE+ (group 7, 155 agencies)",2026-05-09
meridaliving,Merida Living Real Estate,385000.0,USD,1,1,Meridamexicorealestate,https://www.meridalivingrealestate.com/1919/meridamexicorealestate,https://meridalivingrealestate.com/images/casas/2024-06-18_17-47-33_House_WhatsAppImage2024-05-13at5.03.27PM(1).jpeg,"TRIPLE+ (group 7, 155 agencies)",2026-05-09
meridaliving,Merida Living Real Estate,569900.0,USD,4,5,Meridamexicorealestate,https://www.meridalivingrealestate.com/2099/meridamexicorealestate,https://meridalivingrealestate.com/images/casas/2025-12-22_10-19-18_House_1.jpg,,2026-05-09
meridaliving,Merida Living Real Estate,169000.0,USD,,,Meridamexicorealestate,https://www.meridalivingrealestate.com/2064/meridamexicorealestate,https://meridalivingrealestate.com/images/casas/2025-09-12_12-45-56_House_1.jpg,"TRIPLE+ (group 17, 9 agencies)",2026-05-09
meridaliving,Merida Living Real Estate,342000.0,USD,3,,Meridamexicorealestate,https://www.meridalivingrealestate.com/1665/meridamexicorealestate,https://meridalivingrealestate.com/images/casas/2022-09-15_12-54-30_House_AlbercaBali.jpeg,"TRIPLE+ (group 7, 155 agencies)",2026-05-09
meridaliving,Merida Living Real Estate,725000.0,USD,3,5,Meridamexicorealestate,https://www.meridalivingrealestate.com/1944/meridamexicorealestate,https://meridalivingrealestate.com/images/casas/2024-10-07_12-09-34_House_casaaxioticfinales74.jpg,,2026-05-09
meridaliving,Merida Living Real Estate,349000.0,USD,,3,Meridamexicorealestate,https://www.meridalivingrealestate.com/1918/meridamexicorealestate,https://meridalivingrealestate.com/images/casas/2024-06-18_16-49-22_House_CasaLu-11.JPG,"TRIPLE+ (group 7, 155 agencies)",2026-05-09
meridaliving,Merida Living Real Estate,232000.0,USD,4,,Meridamexicorealestate,https://www.meridalivingrealestate.com/2094/meridamexicorealestate,https://meridalivingrealestate.com/images/casas/2025-12-08_16-25-40_House_22.jpg,,2026-05-09
meridaliving,Merida Living Real Estate,375000.0,USD,3,5,Meridamexicorealestate,https://www.meridalivingrealestate.com/1967/meridamexicorealestate,https://meridalivingrealestate.com/images/casas/2024-11-29_10-30-23_House_1.jpg,"TRIPLE+ (group 7, 155 agencies)",2026-05-09
meridaliving,Merida Living Real Estate,305000.0,USD,,,Meridamexicorealestate,https://www.meridalivingrealestate.com/1956/meridamexicorealestate,https://meridalivingrealestate.com/images/casas/2024-11-04_16-04-05_House_1.jpg,"TRIPLE+ (group 7, 155 agencies)",2026-05-09
meridaliving,Merida Living Real Estate,159000.0,USD,,,Meridamexicorealestate,https://www.meridalivingrealestate.com/2089/meridamexicorealestate,https://meridalivingrealestate.com/images/casas/2025-12-05_09-44-19_House_1.jpg,"TRIPLE+ (group 32, 22 agencies)",2026-05-09
meridaliving,Merida Living Real Estate,479000.0,USD,3,3,Meridamexicorealestate,https://www.meridalivingrealestate.com/2034/meridamexicorealestate,https://meridalivingrealestate.com/images/casas/2025-06-20_13-27-03_House_1.jpg,"TRIPLE+ (group 7, 155 agencies)",2026-05-09
meridaliving,Merida Living Real Estate,535000.0,USD,4,5,Meridamexicorealestate,https://www.meridalivingrealestate.com/2078/meridamexicorealestate,https://meridalivingrealestate.com/images/casas/2025-10-21_12-12-50_House_1.jpg,,2026-05-09
meridaliving,Merida Living Real Estate,389000.0,USD,3,,Meridamexicorealestate,https://www.meridalivingrealestate.com/2097/meridamexicorealestate,https://meridalivingrealestate.com/images/casas/2025-12-15_11-28-13_House_1.JPG,"TRIPLE+ (group 7, 155 agencies)",2026-05-09
meridaliving,Merida Living Real Estate,179000.0,USD,1,1,Meridamexicorealestate,https://www.meridalivingrealestate.com/2066/meridamexicorealestate,https://meridalivingrealestate.com/images/casas/2025-09-23_12-35-21_House_1.jpg,,2026-05-09
meridaliving,Merida Living Real Estate,175000.0,USD,,,Meridamexicorealestate,https://www.meridalivingrealestate.com/2080%20/meridamexicorealestate,https://meridalivingrealestate.com/images/casas/2025-10-29_12-11-46_House_1.jpg,"TRIPLE+ (group 17, 9 agencies)",2026-05-09
meridaliving,Merida Living Real Estate,395000.0,USD,2,,Meridamexicorealestate,https://www.meridalivingrealestate.com/2081/meridamexicorealestate,https://meridalivingrealestate.com/images/casas/2025-11-06_10-41-58_House_45546bfd-f652-4395-aeed-796343d2446d.jpeg,"TRIPLE+ (group 7, 155 agencies)",2026-05-09
meridaliving,Merida Living Real Estate,499000.0,USD,2,5,Meridamexicorealestate,https://www.meridalivingrealestate.com/2088/meridamexicorealestate,https://meridalivingrealestate.com/images/casas/2025-12-03_11-50-13_House_1.jpg,"TRIPLE+ (group 7, 155 agencies)",2026-05-09
meridaliving,Merida Living Real Estate,399000.0,USD,,,Meridamexicorealestate,https://www.meridalivingrealestate.com/2058/meridamexicorealestate,https://meridalivingrealestate.com/images/casas/2025-08-21_13-17-25_House_1.jpg,"TRIPLE+ (group 7, 155 agencies)",2026-05-09
meridaliving,Merida Living Real Estate,714000.0,USD,4,,Meridamexicorealestate,https://www.meridalivingrealestate.com/2086/meridamexicorealestate,https://meridalivingrealestate.com/images/casas/2025-11-24_09-14-22_House_1.jpg,"TRIPLE+ (group 55, 6 agencies)",2026-05-09
meridaliving,Merida Living Real Estate,240000.0,USD,3,5,Meridamexicorealestate,https://www.meridalivingrealestate.com/1292/meridamexicorealestate,https://meridalivingrealestate.com/images/casas/2019-11-12_15-50-44_House_1.jpg,"TRIPLE+ (group 7, 155 agencies)",2026-05-09
meridaliving,Merida Living Real Estate,292000.0,USD,3,5,Meridamexicorealestate,https://www.meridalivingrealestate.com/2062/meridamexicorealestate,https://meridalivingrealestate.com/images/casas/2025-09-05_14-36-35_House_file1merida.jpg,"TRIPLE+ (group 7, 155 agencies)",2026-05-09
meridaliving,Merida Living Real Estate,357000.0,USD,3,5,Meridamexicorealestate,https://www.meridalivingrealestate.com/2119/meridamexicorealestate,https://meridalivingrealestate.com/images/casas/2026-03-03_11-24-18_House_1.jpeg,"TRIPLE+ (group 7, 155 agencies)",2026-05-09
meridaliving,Merida Living Real Estate,329000.0,USD,,,Meridamexicorealestate,https://www.meridalivingrealestate.com/2001/meridamexicorealestate,https://www.meridalivingrealestate.com/images/casas/2025-05-19_11-15-16_House_Casabuenafe-1.jpg,"TRIPLE+ (group 7, 155 agencies)",2026-05-09
meridaliving,Merida Living Real Estate,209000.0,USD,1,5,Meridamexicorealestate,https://www.meridalivingrealestate.com/2048/meridamexicorealestate,https://meridalivingrealestate.com/images/casas/2025-08-01_11-07-25_House_1.jpg,,2026-05-09
meridaliving,Merida Living Real Estate,292000.0,USD,3,5,Meridamexicorealestate,https://www.meridalivingrealestate.com/1965/meridamexicorealestate,https://meridalivingrealestate.com/images/casas/2024-11-20_15-57-12_House_1.jpg,"TRIPLE+ (group 7, 155 agencies)",2026-05-09
meridaliving,Merida Living Real Estate,125500.0,USD,,,Meridamexicorealestate,https://www.meridalivingrealestate.com/1684/meridamexicorealestate,https://meridalivingrealestate.com/images/casas/2022-11-19_13-15-45_House_1.jpg,"TRIPLE+ (group 51, 5 agencies)",2026-05-09
meridaliving,Merida Living Real Estate,689400.0,USD,3,3,Meridamexicorealestate,https://www.meridalivingrealestate.com/1975/meridamexicorealestate,https://meridalivingrealestate.com/images/casas/2025-01-08_10-17-18_House_1.jpeg,,2026-05-09
meridaliving,Merida Living Real Estate,279000.0,USD,1,1,Meridamexicorealestate,https://www.meridalivingrealestate.com/2043/meridamexicorealestate,https://meridalivingrealestate.com/images/casas/2025-07-14_11-28-27_House_1.jpg,"TRIPLE+ (group 7, 155 agencies)",2026-05-09
meridaliving,Merida Living Real Estate,265000.0,USD,,,Meridamexicorealestate,https://www.meridalivingrealestate.com/2101/meridamexicorealestate,https://meridalivingrealestate.com/images/casas/2025-12-31_10-55-48_House_meridalotforsale7.jpg,"TRIPLE+ (group 7, 155 agencies)",2026-05-09
meridaliving,Merida Living Real Estate,329000.0,USD,,,Meridamexicorealestate,https://www.meridalivingrealestate.com/2065/meridamexicorealestate,https://meridalivingrealestate.com/images/casas/2025-09-18_11-21-53_House_1.jpg,"TRIPLE+ (group 7, 155 agencies)",2026-05-09
meridaliving,Merida Living Real Estate,725000.0,USD,3,3,Meridamexicorealestate,https://www.meridalivingrealestate.com/2021/meridamexicorealestate,https://meridalivingrealestate.com/images/casas/2026-01-29_10-49-40_House_meridaoriginalcolonialhome6.jpg,,2026-05-09
meridaliving,Merida Living Real Estate,257000.0,USD,4,,Meridamexicorealestate,https://www.meridalivingrealestate.com/2072/meridamexicorealestate,https://meridalivingrealestate.com/images/casas/2025-10-06_16-51-23_House_1.jpg,"TRIPLE+ (group 7, 155 agencies)",2026-05-09
meridaliving,Merida Living Real Estate,360000.0,USD,3,,Meridamexicorealestate,https://www.meridalivingrealestate.com/1955/meridamexicorealestate,https://meridalivingrealestate.com/images/casas/2025-01-21_09-47-17_House_1.jpeg,"TRIPLE+ (group 7, 155 agencies)",2026-05-09
balam,Properties,15000.0,MXN,,2,Propiedad,https://www.balamgroup.com.mx/en/propiedad/,https://c.tile.openstreetmap.org/9/128/225.png,,2026-05-09
balam,Properties,15000.0,MXN,,2,Propiedad,https://www.balamgroup.com.mx/en/propiedad/,https://c.tile.openstreetmap.org/9/128/225.png,,2026-05-09
balam,Properties,15000.0,MXN,,2,Propiedad,https://www.balamgroup.com.mx/en/propiedad/,https://c.tile.openstreetmap.org/9/128/225.png,,2026-05-09
balam,"Prime Residential Land For Sale In Xcanatún, Mérida: Your Gateway To Luxury Living",192000.0,MXN,,2,Prime Residential Land For Sale In Xcanatun Merida Your Gateway To Luxury Living,https://www.balamgroup.com.mx/en/propiedad/prime-residential-land-for-sale-in-xcanatun-merida-your-gateway-to-luxury-living/,https://www.balamgroup.com.mx/wp-content/uploads/XcanatunLot.png,,2026-05-09
balam,"House For Rent In Dzityá, Mérida, Yucatán – Private Pool, Solar Panels, And Spacious Layout",15000.0,MXN,3,4,House For Rent In Dzitya Merida Yucatan Private Pool Solar Panels And Spacious Layout,https://www.balamgroup.com.mx/en/propiedad/house-for-rent-in-dzitya-merida-yucatan-private-pool-solar-panels-and-spacious-layout/,https://www.balamgroup.com.mx/wp-content/uploads/WhatsApp-Image-2025-05-19-at-6.31.29-PM-2.jpeg,,2026-05-09
balam,Luxury 2-Bedroom Apartment For Rent In Arthouse Mérida – Altabrisa,36000.0,MXN,,2,Luxury 2 Bedroom Apartment For Rent In Arthouse Merida Altabrisa,https://www.balamgroup.com.mx/en/propiedad/luxury-2-bedroom-apartment-for-rent-in-arthouse-merida-altabrisa/,https://www.balamgroup.com.mx/wp-content/uploads/PHOTO-2026-02-10-15-01-00.webp,,2026-05-09
balam,"Luxury Apartment For Rent – Tarento, Temozón Norte | Fully Furnished & Premium Amenities",20000.0,MXN,,2,Luxury Apartment For Rent Tarento Temozon Norte Fully Furnished Premium Amenities,https://www.balamgroup.com.mx/en/propiedad/luxury-apartment-for-rent-tarento-temozon-norte-fully-furnished-premium-amenities/,https://www.balamgroup.com.mx/wp-content/uploads/IMG_9884-scaled.webp,,2026-05-09
balam,Townhouse For Rent 3 Blocks From The Periférico In Cholul.,19000.0,MXN,2,2,Townhouse For Rent In Cholul,https://www.balamgroup.com.mx/en/propiedad/townhouse-for-rent-in-cholul/,https://www.balamgroup.com.mx/wp-content/uploads/2025/01/58-3.png,,2026-05-09
balam,"Zelena Residencial, House For Rent In Conkal, Merida",21500.0,USD,,4,Zelena Residencial House,https://www.balamgroup.com.mx/en/propiedad/zelena-residencial-house/,https://www.balamgroup.com.mx/wp-content/uploads/2023/08/9-4.jpg,,2026-05-09
balam,"Punta Cometas, Exclusive Residential Lots Near To Chuburná.",397813.8,USD,,2,Punta Cometas Residential Lots,https://www.balamgroup.com.mx/en/propiedad/punta-cometas-residential-lots/,https://www.balamgroup.com.mx/wp-content/uploads/2024/06/54-4.png,,2026-05-09
balam,Exclusive Coastal Living: Modern House For Sale In Chelem’s Privada Puerto Arrecifes – 300 Meters From The Beach,229000.0,USD,,3,Exclusive Coastal Living Modern House For Sale In Chelems Privada Puerto Arrecifes 300 Meters From The Beach,https://www.balamgroup.com.mx/en/propiedad/exclusive-coastal-living-modern-house-for-sale-in-chelems-privada-puerto-arrecifes-300-meters-from-the-beach/,https://www.balamgroup.com.mx/wp-content/uploads/WhatsApp-Image-2025-09-25-at-14.04.40.webp,,2026-05-09
balam,Townhouse Ya´ax-Beh Private Residential,2995000.0,USD,,2,Townhouse Yaax Beh Private Residential,https://www.balamgroup.com.mx/en/propiedad/townhouse-yaax-beh-private-residential/,https://www.balamgroup.com.mx/wp-content/uploads/2019/10/Townhouse-Ya´ax-beh_-Premium-Plus_2-1-2.jpg,,2026-05-09
balam,"Campoviento: Your Investment Opportunity In Yucatan Land, Sisal",500000.0,MXN,,2,Campoviento Your Investment Opportunity In Yucatan Land Sisal,https://www.balamgroup.com.mx/en/propiedad/campoviento-your-investment-opportunity-in-yucatan-land-sisal/,https://www.balamgroup.com.mx/wp-content/uploads/Copia-de-C.C._AEREA-1.jpg,,2026-05-09
balam,"Discover Alexa Townhouses: Your Dream Home Awaits In Cholul, Mérida North",3150000.0,MXN,,2,Discover Alexa Townhouses Your Dream Home Awaits In Cholul Merida North,https://www.balamgroup.com.mx/en/propiedad/discover-alexa-townhouses-your-dream-home-awaits-in-cholul-merida-north/,https://www.balamgroup.com.mx/wp-content/uploads/IMG_4102.jpg,,2026-05-09
balam,"Copaura, Premium Residential Lots In Valladolid",1144679.2,USD,,2,Copaura Lots In Valladolid,https://www.balamgroup.com.mx/en/propiedad/copaura-lots-in-valladolid/,https://www.balamgroup.com.mx/wp-content/uploads/2024/04/50-11.png,,2026-05-09
balam,"Urbanized Lots On San Bruno Beach, 140 Meters From The Sea.",664000.0,USD,,2,Urbanized Lots On San Bruno,https://www.balamgroup.com.mx/en/propiedad/urbanized-lots-on-san-bruno/,https://www.balamgroup.com.mx/wp-content/uploads/2024/09/58-6.png,,2026-05-09
balam,Cantori Premium Residential Lots In Merida,630154.0,USD,,2,Cantori Premium Residential Lots In Merida,https://www.balamgroup.com.mx/en/propiedad/cantori-premium-residential-lots-in-merida/,https://www.balamgroup.com.mx/wp-content/uploads/2023/04/9-scaled.jpg,,2026-05-09
balam,Puerta Xaibé Premium Land North Of Mérida,1212120.0,USD,,2,Puerta Xaibe Premium Land North Merida,https://www.balamgroup.com.mx/en/propiedad/puerta-xaibe-premium-land-north-merida/,https://www.balamgroup.com.mx/wp-content/uploads/2023/03/11-1.jpg,,2026-05-09
balam,"Navire, Residential Plots On Santa Clara Beach",1500000.0,USD,,2,Navire Lots In The Beach,https://www.balamgroup.com.mx/en/propiedad/navire-lots-in-the-beach/,https://www.balamgroup.com.mx/wp-content/uploads/2024/05/54-1.png,,2026-05-09
balam,"Land For Sale: 767 M² In X-cuyum, Yucatán.",1300000.0,MXN,,2,Land For Sale Un X Cuyum,https://www.balamgroup.com.mx/en/propiedad/land-for-sale-un-x-cuyum/,https://www.balamgroup.com.mx/wp-content/uploads/2024/06/52-7.png,,2026-05-09
balam,"Senda Viva, Apartments For Sale In Dzityá, Mérida.",1500000.0,USD,2,1,Senda Viva Live In Dzitya,https://www.balamgroup.com.mx/en/propiedad/senda-viva-live-in-dzitya/,https://www.balamgroup.com.mx/wp-content/uploads/2024/08/52-1.png,,2026-05-09
balam,Salama Residential Land Premium Living Merida Yucatan,1512486.0,USD,,2,Salama Residential Land Premium,https://www.balamgroup.com.mx/en/propiedad/salama-residential-land-premium/,https://www.balamgroup.com.mx/wp-content/uploads/2024/03/Salama-terrenos-residenciales-8.jpg,,2026-05-09
balam,"Fulgora, Exclusive Sports Residential In Dzityá",772232.0,USD,,2,Fulgora Sports Residential,https://www.balamgroup.com.mx/en/propiedad/fulgora-sports-residential/,https://www.balamgroup.com.mx/wp-content/uploads/2023/08/5-13.jpg,,2026-05-09
balam,"Nurento: Your Investment And Life Opportunity In San Ignacio, Yucatan",783500.0,MXN,,2,Nurento Your Investment And Life Opportunity In San Ignacio Yucatan,https://www.balamgroup.com.mx/en/propiedad/nurento-your-investment-and-life-opportunity-in-san-ignacio-yucatan/,https://www.balamgroup.com.mx/wp-content/uploads/02.webp,,2026-05-09
balam,Madre Ceiba: Your Premier Residential Investment Opportunity Near Mérida And Progreso,850000.0,MXN,,2,Madre Ceiba Your Premier Residential Investment Opportunity Near Merida And Progreso,https://www.balamgroup.com.mx/en/propiedad/madre-ceiba-your-premier-residential-investment-opportunity-near-merida-and-progreso/,https://www.balamgroup.com.mx/wp-content/uploads/Casa-club-2.jpg,,2026-05-09
balam,"Blu Lagun, Lots With Central Lake Merida Yucatan",988000.0,MXN,,2,Blu Lagun Lots With Central Lake Merida Yucatan,https://www.balamgroup.com.mx/en/propiedad/blu-lagun-lots-with-central-lake-merida-yucatan/,https://www.balamgroup.com.mx/wp-content/uploads/2024/02/Casa-Club-vista-lago.jpg,,2026-05-09
balam,Senderos Real Montejo: The Ultimate Opportunity To Invest In Yucatan And Build Your Future,1025000.0,MXN,,2,Senderos Real Montejo The Ultimate Opportunity To Invest In Yucatan And Build Your Future,https://www.balamgroup.com.mx/en/propiedad/senderos-real-montejo-the-ultimate-opportunity-to-invest-in-yucatan-and-build-your-future/,https://www.balamgroup.com.mx/wp-content/uploads/Graficos-Post-01.webp,,2026-05-09
balam,"House For Sale In Montebello, Mérida.",37000000.0,MXN,6,6,House For Sale In Montebello,https://www.balamgroup.com.mx/en/propiedad/house-for-sale-in-montebello/,https://www.balamgroup.com.mx/wp-content/uploads/2024/09/50-4.png,,2026-05-09
balam,Savia Exclusive Lots For Sale In Zona Country,1069832.78,USD,,2,Savia Residential In Merida,https://www.balamgroup.com.mx/en/propiedad/savia-residential-in-merida/,https://www.balamgroup.com.mx/wp-content/uploads/2023/10/02_CASETA-scaled.jpg,,2026-05-09
balam,Departamentos En Telchac Puerto Boga,15528197.0,USD,4,3,Apartments In Telchac Puerto Boga,https://www.balamgroup.com.mx/en/propiedad/apartments-in-telchac-puerto-boga/,https://www.balamgroup.com.mx/wp-content/uploads/2021/01/Departamentos-en-Telchac-Puerto_.jpg,,2026-05-09
balam,"Mangata, Exclusive Apartments For Sale, San Bruno, Merida",13900000.0,MXN,3,4,Mangata Apartments For Sale,https://www.balamgroup.com.mx/en/propiedad/mangata-apartments-for-sale/,https://www.balamgroup.com.mx/wp-content/uploads/2023/07/10-2-scaled.jpg,,2026-05-09
balam,Yucalpetén Resort Marina En La Costa Yucateca,9922500.0,USD,4,2,Yucalpeten Resort Marina The Best Investment In The Coast,https://www.balamgroup.com.mx/en/propiedad/yucalpeten-resort-marina-the-best-investment-in-the-coast/,https://www.balamgroup.com.mx/wp-content/uploads/2021/06/Yucalpeten-Resort-Marina-la-mejor-inversion-en-la-Costa-Yucateca_10.jpg,,2026-05-09
balam,Land For Sale Norte Merida- Casino Area,1790000.0,MXN,,2,Land For Sale Norte Merida Casino Area,https://www.balamgroup.com.mx/en/propiedad/land-for-sale-norte-merida-casino-area/,https://www.balamgroup.com.mx/wp-content/uploads/2024/06/CASINO1.jpg.webp,,2026-05-09
balam,"Nara Temozón, Sale Of 7 Unique Villas In Temozón Norte, Mérida.",3790000.0,MXN,,3,Nara Temozon Unique Villas,https://www.balamgroup.com.mx/en/propiedad/nara-temozon-unique-villas/,https://www.balamgroup.com.mx/wp-content/uploads/2024/08/50-3.png,,2026-05-09
balam,Mistika Residential Lots For Sale | In Mérida,1977415.0,MXN,,2,Mistika Residential Lots For Sale In Merida,https://www.balamgroup.com.mx/en/propiedad/mistika-residential-lots-for-sale-in-merida/,https://www.balamgroup.com.mx/wp-content/uploads/2021/11/Mistika-Residential-Lots-for-Sale-In-Merida_3.jpeg,,2026-05-09
balam,"Elegant Residence For Sale In Cholul, Mérida.",5200000.0,USD,,3,Elegant Residence In Cholul,https://www.balamgroup.com.mx/en/propiedad/elegant-residence-in-cholul/,https://www.balamgroup.com.mx/wp-content/uploads/2024/06/58-5.png,,2026-05-09
balam,Laja Yucatan | Apartments For Sale North Of Mérida,3890000.0,USD,2,2,Laja Yucatan Apartments Sale,https://www.balamgroup.com.mx/en/propiedad/laja-yucatan-apartments-sale/,https://www.balamgroup.com.mx/wp-content/uploads/2023/01/Laja-Casas-en-Venta-al-norte-de-Merida_d.jpg,,2026-05-09
balam,Residence For Sale Downtown Mérida - One Floor,9500000.0,MXN,3,3,Residence For Sale Downtownn Merida,https://www.balamgroup.com.mx/en/propiedad/residence-for-sale-downtownn-merida/,https://www.balamgroup.com.mx/wp-content/uploads/2023/03/9.jpg,,2026-05-09
balam,Villas Ixtul A Beach Paradise In Chuburna,5700000.0,USD,,3,Villas Ixtul Heaven In Chuburna,https://www.balamgroup.com.mx/en/propiedad/villas-ixtul-heaven-in-chuburna/,https://www.balamgroup.com.mx/wp-content/uploads/2024/04/50.jpg,,2026-05-09
balam,Compostela Mérida Residential Lots For Sale,6380878.0,MXN,,2,Compostela Merida Residential Lots For Sale,https://www.balamgroup.com.mx/en/propiedad/compostela-merida-residential-lots-for-sale/,https://www.balamgroup.com.mx/wp-content/uploads/2021/11/Compostela-Merida-Residential-Lots-for-Sale_7.jpg,,2026-05-09
balam,Costera Condos Apartments For Sale Chicxulub Puerto,2960000.0,USD,3,1,Costera Condos Chicxulub,https://www.balamgroup.com.mx/en/propiedad/costera-condos-chicxulub/,https://www.balamgroup.com.mx/wp-content/uploads/2023/05/14.jpg,,2026-05-09
balam,"MORABELA, Residencial Lots For Sale In The North Of Merida",2506140.0,MXN,,2,Morabela Residencial Lots For Sale In The North Of Merida,https://www.balamgroup.com.mx/en/propiedad/morabela-residencial-lots-for-sale-in-the-north-of-merida/,https://www.balamgroup.com.mx/wp-content/uploads/2021/12/MORABELA-Lotes-residenciales-al-Norte-de-Merida_1.jpg,,2026-05-09
balam,Dorada Luxury Apartments In Chicxulub Puerto With Ocean View,3280000.0,USD,2,2,Dorada Luxury Apartments,https://www.balamgroup.com.mx/en/propiedad/dorada-luxury-apartments/,https://www.balamgroup.com.mx/wp-content/uploads/2023/11/9.png,,2026-05-09
balam,New House For Sale In Arborea In Conkal,4390000.0,MXN,,3,New House For Sale In Arborea In Conkal,https://www.balamgroup.com.mx/en/propiedad/new-house-for-sale-in-arborea-in-conkal/,https://c.tile.openstreetmap.org/15/8234/14421.png,,2026-05-09
balam,"Telchac Puerto, Exclusive Development Amaite In , Yucatan.",4050000.0,MXN,,3,Development In Telchac Puerto,https://www.balamgroup.com.mx/en/propiedad/development-in-telchac-puerto/,https://www.balamgroup.com.mx/wp-content/uploads/2023/07/3-3.jpg,,2026-05-09
balam,Enuma Urban Homes Temozón Norte,6522685.81,USD,3,3,Enuma Urban Homes,https://www.balamgroup.com.mx/en/propiedad/enuma-urban-homes/,https://www.balamgroup.com.mx/wp-content/uploads/2021/12/ENUMA-Urban-Homes-Casas-en-Temozon-Norte_3-scaled.jpg,,2026-05-09
balam,Land For Sale Ideal For Developing In Conkal,8365616.0,MXN,,2,Land For Sale Ideal For Developing In Conkal,https://www.balamgroup.com.mx/en/propiedad/land-for-sale-ideal-for-developing-in-conkal/,https://www.balamgroup.com.mx/wp-content/uploads/2022/06/9F2126F7-356B-4F2C-92F8-F6B8BA1D188D.png,,2026-05-09
balam,"ETRO, Apartments For Sale In Temozón Norte",2550000.0,USD,2,2,Etro Apartments For Sale In Temozon Norte,https://www.balamgroup.com.mx/en/propiedad/etro-apartments-for-sale-in-temozon-norte/,https://www.balamgroup.com.mx/wp-content/uploads/2023/12/FACHADA-ABIERTA.png,,2026-05-09
balam,Mirko Apartments San Ramón Norte,2511000.0,USD,1,1,Mirko Apartments San Ramon Norte,https://www.balamgroup.com.mx/en/propiedad/mirko-apartments-san-ramon-norte/,https://www.balamgroup.com.mx/wp-content/uploads/2023/12/6.jpg,,2026-05-09
balam,Alcázar Premium Living In Merida,1876800.0,USD,,2,Alcazar Premium Living In Merida,https://www.balamgroup.com.mx/en/propiedad/alcazar-premium-living-in-merida/,https://www.balamgroup.com.mx/wp-content/uploads/2022/04/Terrenos-en-Venta-en-la-Zona-Country-de-Merida-Yucatan-4.jpg,,2026-05-09
balam,A.W.A.H: A Tropical Oasis By The Yucatan Sea,3663000.0,USD,,2,A W A H A Oasis By The Yucatan Sea,https://www.balamgroup.com.mx/en/propiedad/a-w-a-h-a-oasis-by-the-yucatan-sea/,https://www.balamgroup.com.mx/wp-content/uploads/2024/04/2-1.jpg,,2026-05-09
balam,"Vidamar, Beachfront Apartments For Sale In San Benito.",4884136.0,MXN,3,1,Vidamar Apartments On The Beach,https://www.balamgroup.com.mx/en/propiedad/vidamar-apartments-on-the-beach/,https://www.balamgroup.com.mx/wp-content/uploads/2024/06/56-11.png,,2026-05-09
balam,"Office For Sale: 104 M² In The Black Building, Sodzil Norte.",5450000.0,MXN,,2,Office For Sale In Merida,https://www.balamgroup.com.mx/en/propiedad/office-for-sale-in-merida/,https://www.balamgroup.com.mx/wp-content/uploads/2024/06/50-9.png,,2026-05-09
balam,Campo Magno Your Residential Space In Mérida,2482920.0,MXN,,2,Campo Magno Your Residential Space In Merida,https://www.balamgroup.com.mx/en/propiedad/campo-magno-your-residential-space-in-merida/,https://www.balamgroup.com.mx/wp-content/uploads/2021/11/Campo-Magno-Your-Residential-Space-In-Merida_1.jpg,,2026-05-09
balam,Apartments For Sale In Tamara Residencial,4640903.0,MXN,,1,Apartments For Sale In Tamara,https://www.balamgroup.com.mx/en/propiedad/apartments-for-sale-in-tamara/,https://www.balamgroup.com.mx/wp-content/uploads/2022/06/Departamento-en-Venta-en-Tamara-Residencial-piscina_1600.jpg,,2026-05-09
balam,RESIDENTIAL GAETA | Lots For Sale In Cabo Norte,3982851.0,MXN,,2,Residential Gaeta Lots For Sale In Cabo Norte,https://www.balamgroup.com.mx/en/propiedad/residential-gaeta-lots-for-sale-in-cabo-norte/,https://www.balamgroup.com.mx/wp-content/uploads/2021/11/RESIDENTIAL-GAETA-Lots-for-Sale-in-Cabo-Norte_1.jpg,,2026-05-09
balam,"Apartments For Sale In The North Of Merida, Located In Montebello Area.",2459184.0,USD,2,1,Apartments For Sale In North Of Merida,https://www.balamgroup.com.mx/en/propiedad/apartments-for-sale-in-north-of-merida/,https://www.balamgroup.com.mx/wp-content/uploads/2022/06/Apartamentos-en-Refugio-Montebello-en-Venta_nocturna_edit-copia.jpg,,2026-05-09
balam,Arthouse Apartments For Sale In Colonia Altabrisa,7124755.69,USD,2,2,Arthouse Apartments For Sale In Colonia Altabrisa,https://www.balamgroup.com.mx/en/propiedad/arthouse-apartments-for-sale-in-colonia-altabrisa/,https://www.balamgroup.com.mx/wp-content/uploads/2023/01/Departamentos-en-Venta-Arthouse-torres_-1.jpg,,2026-05-09
balam,Green Apartments For Sale In Temozon Merida Yucatan,2460000.0,USD,1,1,Green Apartments For Sale In Temozon Merida,https://www.balamgroup.com.mx/en/propiedad/green-apartments-for-sale-in-temozon-merida/,https://www.balamgroup.com.mx/wp-content/uploads/2022/05/Departamentos-Green-Temozon-Norte-en-Venta-1600.jpg,,2026-05-09
balam,"Luxury Amenities At Prana Apartments In Montes De Amé, Mid",4795000.0,USD,1,1,Apartments In Montes De Ame,https://www.balamgroup.com.mx/en/propiedad/apartments-in-montes-de-ame/,https://www.balamgroup.com.mx/wp-content/uploads/2023/07/2-5.jpg,DOUBLE (group 30),2026-05-09
balam,Madeira Resort Residences In Chicxulub Puerto.,11390000.0,MXN,,3,Madeira Resort Residences,https://www.balamgroup.com.mx/en/propiedad/madeira-resort-residences/,https://www.balamgroup.com.mx/wp-content/uploads/2024/06/55-13.png,,2026-05-09
balam,"Land For Sale In Temozón Norte, Zafira Gated Community.",1884624.0,USD,,2,Land For Sale In Temozon Norte,https://www.balamgroup.com.mx/en/propiedad/land-for-sale-in-temozon-norte/,https://www.balamgroup.com.mx/wp-content/uploads/2024/08/50-9.png,,2026-05-09
balam,Gran Provincia: A Family Residential With Golf Course,2596684.0,USD,,,Gran Provincia Golf Course,https://www.balamgroup.com.mx/en/propiedad/gran-provincia-golf-course/,https://www.balamgroup.com.mx/wp-content/uploads/2024/03/7-2.jpg,,2026-05-09
balam,"Emwa Elevating Living Apartments In Temozon Norte, Mérida.",2499000.0,USD,,2,Emwa Elevating Living Apartment,https://www.balamgroup.com.mx/en/propiedad/emwa-elevating-living-apartment/,https://www.balamgroup.com.mx/wp-content/uploads/2024/07/54-2.png,,2026-05-09
balam,"Apartments For Sale Merida Yucatan: Ameka Urban Condos, A New Icon Of Design And Location",2395000.0,MXN,2,1,Apartments For Sale Merida Yucatan Ameka Urban Condos A New Icon Of Design And Location,https://www.balamgroup.com.mx/en/propiedad/apartments-for-sale-merida-yucatan-ameka-urban-condos-a-new-icon-of-design-and-location/,https://www.balamgroup.com.mx/wp-content/uploads/2024/07/FACHADA-ESCALERAS-scaled.jpg,,2026-05-09
balam,"INFINITI Merida, Apartments For Sale In Merida",6157063.51,MXN,,2,Infiniti Merida Apartments For Sale In Merida,https://www.balamgroup.com.mx/en/propiedad/infiniti-merida-apartments-for-sale-in-merida/,https://www.balamgroup.com.mx/wp-content/uploads/2024/02/21.jpg,,2026-05-09
balam,"Jacinto, Apartments For Sale In Temozón Norte, Mérida.",2984680.0,USD,,1,Jacinto Apartments In Temozon,https://www.balamgroup.com.mx/en/propiedad/jacinto-apartments-in-temozon/,https://www.balamgroup.com.mx/wp-content/uploads/2024/08/59-2.png,,2026-05-09
balam,Saáma Departamentos En Venta Frente Al Mar En Telchac Puerto,8091900.0,USD,,2,Saama Apartments For Sale Facing The Sea In Telchac Puerto,https://www.balamgroup.com.mx/en/propiedad/saama-apartments-for-sale-facing-the-sea-in-telchac-puerto/,https://www.balamgroup.com.mx/wp-content/uploads/2023/09/CAMASTROS-1-scaled.jpg,,2026-05-09
balam,"Cumbres Novonorte, The First Planned Community In Conkal.",2860000.0,USD,,2,Cumbres Novonorte In Conkal,https://www.balamgroup.com.mx/en/propiedad/cumbres-novonorte-in-conkal/,https://www.balamgroup.com.mx/wp-content/uploads/2024/04/62-1.png,,2026-05-09
balam,Apartments For Sale In San Ramón Norte – Discover Nivä,1997500.0,USD,1,1,Apartments For Sale San Ramon,https://www.balamgroup.com.mx/en/propiedad/apartments-for-sale-san-ramon/,https://www.balamgroup.com.mx/wp-content/uploads/2024/10/58-4.png,,2026-05-09
balam,"Plantar, A Community Of 75 Apartments In Dzitya, Mérida.",2235000.0,USD,2,1,Plantar Apartments In Dzitya,https://www.balamgroup.com.mx/en/propiedad/plantar-apartments-in-dzitya/,https://www.balamgroup.com.mx/wp-content/uploads/2024/07/62-3.png,,2026-05-09
balam,"Club ENTRESELVAS, An Eco-centric Community In Yucatán.",2250000.0,USD,4,2,Club Entreselvas In Yucatan,https://www.balamgroup.com.mx/en/propiedad/club-entreselvas-in-yucatan/,https://www.balamgroup.com.mx/wp-content/uploads/2024/05/51-18.png,,2026-05-09
balam,"Ameka Urban Condos, Apartments For Sale In Monte Albán, Mérida.",2570000.0,USD,1,1,Ameka Condos In Monte Alban,https://www.balamgroup.com.mx/en/propiedad/ameka-condos-in-monte-alban/,https://www.balamgroup.com.mx/wp-content/uploads/2024/07/57-8.png,,2026-05-09
balam,"Ninfa Exclusive Apartments For Sale, Temozón Norte, Mérida",3585000.0,USD,2,2,Temozon Norte Ninfa Apartments,https://www.balamgroup.com.mx/en/propiedad/temozon-norte-ninfa-apartments/,https://www.balamgroup.com.mx/wp-content/uploads/2023/07/10.jpg,,2026-05-09
balam,"Marcrisanto, Apartments For Sale In The Yucatan Riviera",6800000.0,USD,4,2,Marcrisanto Apartments For Sale,https://www.balamgroup.com.mx/en/propiedad/marcrisanto-apartments-for-sale/,https://www.balamgroup.com.mx/wp-content/uploads/2023/03/Marcrisanto-Departamentos-en-venta-en-Yucatan-9.jpg,,2026-05-09
balam,Arenna Houses And Townhouses,3552120.0,USD,,3,Arenna Houses And Townhouses,https://www.balamgroup.com.mx/en/propiedad/arenna-houses-and-townhouses/,https://www.balamgroup.com.mx/wp-content/uploads/2024/03/Privada-Arenna-Casas-y-Townhouses.jpg,,2026-05-09
balam,Terrenos En Provincia Golf Residencial Lotes 56 Y 58 Venta,2983640.0,USD,,2,Provincia Golf Residential In Merida 2,https://www.balamgroup.com.mx/en/propiedad/provincia-golf-residential-in-merida-2/,https://www.balamgroup.com.mx/wp-content/uploads/2019/02/Provincia-Golf-Residencial-Familiar_3.jpg,,2026-05-09
balam,Meriden Cityscape At Cabo Norte,8120000.0,MXN,,2,Meriden Cityscape At Cabo Norte 2,https://www.balamgroup.com.mx/en/propiedad/meriden-cityscape-at-cabo-norte-2/,https://www.balamgroup.com.mx/wp-content/uploads/2021/11/Meriden-Cityscape-At-Cabo-Norte_3.jpg,,2026-05-09
balam,"Beachfront Apartments For Sale In Chicxulub Puerto, Progreso.",3017554.97,USD,,1,Beachfront Apartments For Sale,https://www.balamgroup.com.mx/en/propiedad/beachfront-apartments-for-sale/,https://www.balamgroup.com.mx/wp-content/uploads/2024/10/57-1.png,,2026-05-09
balam,"Apartments For Sale In Zona Country, Live At Andera, Mérida",2221085.0,USD,2,1,Apartments For Sale In Country,https://www.balamgroup.com.mx/en/propiedad/apartments-for-sale-in-country/,https://www.balamgroup.com.mx/wp-content/uploads/2024/10/60-1.png,,2026-05-09
balam,Sustainable Houses In Estela Nativa | In Conkal,2569000.0,MXN,,2,Sustainable Houses In Estela Nativa In Conkal,https://www.balamgroup.com.mx/en/propiedad/sustainable-houses-in-estela-nativa-in-conkal/,https://www.balamgroup.com.mx/wp-content/uploads/2021/11/Sustainable-Houses-in-Estela-Nativa-in-Conkal_5.jpg,,2026-05-09
balam,Botanical Private Residential In Conkal,2917500.0,MXN,,3,Botanical Private Residential In Conkal,https://www.balamgroup.com.mx/en/propiedad/botanical-private-residential-in-conkal/,https://www.balamgroup.com.mx/wp-content/uploads/2021/11/Botanical-Private-Residential-in-Conkal_14.jpg,,2026-05-09
balam,"Taliva, Exclusive Apartments In Montes De Ame In Merida",3040000.0,MXN,1,1,Taliva Exclusive Apartments,https://www.balamgroup.com.mx/en/propiedad/taliva-exclusive-apartments/,https://www.balamgroup.com.mx/wp-content/uploads/2023/08/2-7.jpg,,2026-05-09
balam,"Own Your Slice Of Paradise: Exquisite Apartment For Sale In Telchac, Yucatan At Navela, Kinuh",6125614.65,MXN,2,2,Own Your Slice Of Paradise Exquisite Apartment For Sale In Telchac Yucatan At Navela Kinuh,https://www.balamgroup.com.mx/en/propiedad/own-your-slice-of-paradise-exquisite-apartment-for-sale-in-telchac-yucatan-at-navela-kinuh/,https://www.balamgroup.com.mx/wp-content/uploads/NavelaJunio-51.jpg,,2026-05-09
balam,"Casa Seis, Exclusive Villas In Temozón Norte, In The Northern Part Of Mérida.",5817600.0,USD,3,3,Casa Seis Exclusive Villas,https://www.balamgroup.com.mx/en/propiedad/casa-seis-exclusive-villas/,https://www.balamgroup.com.mx/wp-content/uploads/2024/05/53-6.png,,2026-05-09
balam,"Beachfront Villas For Sale, Chuburná Puerto: Live In The Sea",4950000.0,MXN,,2,Beachfront Villas For Sale,https://www.balamgroup.com.mx/en/propiedad/beachfront-villas-for-sale/,https://www.balamgroup.com.mx/wp-content/uploads/2024/09/50-7.png,,2026-05-09
balam,"Apartments For Sale In Chuburná De Hidalgo, Merida, Yucatan.",1680000.0,MXN,1,1,Apartments For Sale In Mid,https://www.balamgroup.com.mx/en/propiedad/apartments-for-sale-in-mid/,https://www.balamgroup.com.mx/wp-content/uploads/2024/10/53-5.png,,2026-05-09
balam,"Sei Park Wellness Apartments In Cholul, Mérida",3000000.0,MXN,2,2,Sei Park Wellness Apartments,https://www.balamgroup.com.mx/en/propiedad/sei-park-wellness-apartments/,https://www.balamgroup.com.mx/wp-content/uploads/2023/11/09-EXTERIORES-URBAZ-SEI-PARK-1-scaled.jpg,,2026-05-09
balam,House For Sale In Benito Juárez Norte – Model C,6000000.0,MXN,3,3,House For Sale In Benito Juarez,https://www.balamgroup.com.mx/en/propiedad/house-for-sale-in-benito-juarez/,https://www.balamgroup.com.mx/wp-content/uploads/2025/01/52-1.png,DOUBLE (group 42),2026-05-09
balam,"Halvo Apartments – Premier Location, Competitive Pricing & Smart Living",2766758.85,MXN,,1,Halvo Apartments Premier Location Competitive Pricing Smart Living,https://www.balamgroup.com.mx/en/propiedad/halvo-apartments-premier-location-competitive-pricing-smart-living/,https://www.balamgroup.com.mx/wp-content/uploads/05-EH-Aerea-02-scaled.webp,,2026-05-09
balam,"Apartment For Sale In García Ginerés, Mérida Yucatán – Elegance, Location, And Style Facing Parque Las Américas",3300000.0,MXN,,2,Apartment For Sale In Garcia Gineres Merida Yucatan Elegance Location And Style Facing Parque Las Americas,https://www.balamgroup.com.mx/en/propiedad/apartment-for-sale-in-garcia-gineres-merida-yucatan-elegance-location-and-style-facing-parque-las-americas/,https://www.balamgroup.com.mx/wp-content/uploads/IMG_8252.jpg,,2026-05-09
balam,"Luxury Pentgarden For Sale In Meriden, Cabo Norte – North Mérida",11000000.0,MXN,,3,Luxury Pentgarden For Sale In Meriden Cabo Norte North Merida,https://www.balamgroup.com.mx/en/propiedad/luxury-pentgarden-for-sale-in-meriden-cabo-norte-north-merida/,https://www.balamgroup.com.mx/wp-content/uploads/20250423_115634-1.jpg,,2026-05-09
balam,Brown Condos San Benito: Unparalleled Luxury Oceanfront Living In Yucatan,7500000.0,MXN,,3,Brown Condos San Benito Unparalleled Luxury Oceanfront Living In Yucatan,https://www.balamgroup.com.mx/en/propiedad/brown-condos-san-benito-unparalleled-luxury-oceanfront-living-in-yucatan/,https://www.balamgroup.com.mx/wp-content/uploads/IMG_1138.webp,,2026-05-09
balam,"Apartments For Sale In Montes De Amé: Live In Amé 34, Mid.",2550000.0,USD,,1,Apartments For Sale In Merida,https://www.balamgroup.com.mx/en/propiedad/apartments-for-sale-in-merida/,https://www.balamgroup.com.mx/wp-content/uploads/2024/11/56-1.png,,2026-05-09
balam,"Warehouses For Sale In Mérida, Yucatán – MidStorage Avenida Internacional",2346000.0,MXN,,2,Warehouses For Sale In Merida Yucatan Midstorage Avenida Internacional,https://www.balamgroup.com.mx/en/propiedad/warehouses-for-sale-in-merida-yucatan-midstorage-avenida-internacional/,https://www.balamgroup.com.mx/wp-content/uploads/Copia-de-3.jpeg,,2026-05-09
balam,Halvo Offices – The Hub For Your Business In North Merida,1921250.0,MXN,,2,Halvo Offices The Hub For Your Business In North Merida,https://www.balamgroup.com.mx/en/propiedad/halvo-offices-the-hub-for-your-business-in-north-merida/,https://www.balamgroup.com.mx/wp-content/uploads/08-EH-Oficinas-01-scaled.webp,,2026-05-09
balam,"Núcleo, Luxury Apartments In San Ramón Norte, Mérida.",6890000.0,MXN,4,2,Nucleo Luxury Apartments,https://www.balamgroup.com.mx/en/propiedad/nucleo-luxury-apartments/,https://www.balamgroup.com.mx/wp-content/uploads/2024/05/59-2.png,,2026-05-09
balam,Apartments For Sale In Chuburna Beach: Experience Paradise Living,2033697.0,MXN,1,1,Apartments For Sale In Chuburna Beach Experience Paradise Living,https://www.balamgroup.com.mx/en/propiedad/apartments-for-sale-in-chuburna-beach-experience-paradise-living/,https://www.balamgroup.com.mx/wp-content/uploads/2025/02/fachada-c-1-scaled.jpg,,2026-05-09
balam,ELEVATE MÉRIDA: LUXURY APARTMENTS FOR SALE IN THE BEST AREA OF NORTHERN MÉRIDA,3229000.0,MXN,3,1,Elevate Merida Luxury Apartments For Sale In The Best Area Of Northern Merida,https://www.balamgroup.com.mx/en/propiedad/elevate-merida-luxury-apartments-for-sale-in-the-best-area-of-northern-merida/,https://www.balamgroup.com.mx/wp-content/uploads/2025/01/0320Exterior20Lateral20-20ELA_resized.jpg,,2026-05-09
balam,"Vorá, Departamento En Venta En Temozón Norte, Mérida",2090000.0,MXN,1,1,Vora Apartments,https://www.balamgroup.com.mx/en/propiedad/vora-apartments/,https://www.balamgroup.com.mx/wp-content/uploads/2023/10/01-FACHADA-PRINCIPAL-2-scaled.jpg,,2026-05-09
balam,Barrio Norte: Your Oasis In North Mérida,2420000.0,USD,,2,Barrio Norte Apaartments Merida,https://www.balamgroup.com.mx/en/propiedad/barrio-norte-apaartments-merida/,https://www.balamgroup.com.mx/wp-content/uploads/2023/02/DEPARTAMENTOS-EN-VENTA-EN-MERIDA-YUCATAN-BARRIO-NORTE.jpg,,2026-05-09
balam,"CYRO, Apartment For Sale Merida North",3180000.0,MXN,,1,Cyro Apartment For Sale Merida North,https://www.balamgroup.com.mx/en/propiedad/cyro-apartment-for-sale-merida-north/,https://www.balamgroup.com.mx/wp-content/uploads/2024/01/07-BALCONES.jpg,,2026-05-09
balam,Residential Lots In Private Silvestre | Dzilbilchaltun,2450000.0,USD,,,Residential Lots Private Silvestre,https://www.balamgroup.com.mx/en/propiedad/residential-lots-private-silvestre/,https://www.balamgroup.com.mx/wp-content/uploads/2022/12/Residential-Lots-in-Private-Silvestre.jpg,,2026-05-09
balam,Canea – Apartments For Sale In Temozón Norte,1720000.0,MXN,2,1,Canea Apartments For Sale Temozon Norte Balam Group,https://www.balamgroup.com.mx/en/propiedad/canea-apartments-for-sale-temozon-norte-balam-group/,https://www.balamgroup.com.mx/wp-content/uploads/2025/02/FACHADA-EXTERIOR.jpeg,,2026-05-09
balam,"Residential Lots For Sale In Cabo Norte, Rosío Residencial",3260000.0,USD,,2,Residential Lots For Sale,https://www.balamgroup.com.mx/en/propiedad/residential-lots-for-sale/,https://www.balamgroup.com.mx/wp-content/uploads/2024/08/53-13.png,,2026-05-09
balam,"Finisterra, Land For Sale North Of Merida",2840820.0,MXN,,2,Finisterra Land For Sale Merida,https://www.balamgroup.com.mx/en/propiedad/finisterra-land-for-sale-merida/,https://www.balamgroup.com.mx/wp-content/uploads/2024/03/Medidas-correctas-pagina-web-2.jpg,,2026-05-09
balam,COSTA BONANZA: Oceanfront Apartments For Sale In Chuburná Beach,6925440.0,MXN,2,2,Costa Bonanza Oceanfront Apartments For Sale In Chuburna Beach,https://www.balamgroup.com.mx/en/propiedad/costa-bonanza-oceanfront-apartments-for-sale-in-chuburna-beach/,https://www.balamgroup.com.mx/wp-content/uploads/RNDR-Costa-Bonanza-01-scaled.webp,,2026-05-09
balam,Last Brand-New Townhouse In Benito Juárez Norte – North Mérida,3890000.0,MXN,,2,Last Brand New Townhouse In Benito Juarez Norte North Merida,https://www.balamgroup.com.mx/en/propiedad/last-brand-new-townhouse-in-benito-juarez-norte-north-merida/,https://www.balamgroup.com.mx/wp-content/uploads/WhatsApp-Image-2025-04-01-at-09.52.35-4.jpeg,,2026-05-09
balam,"Muretto, Apartments For Sale In Temozón Norte",1890000.0,USD,1,1,Muretto Apartments For Sale In Temozon Norte,https://www.balamgroup.com.mx/en/propiedad/muretto-apartments-for-sale-in-temozon-norte/,https://www.balamgroup.com.mx/wp-content/uploads/2023/12/4-1.png,,2026-05-09
balam,Rosamora Residencial In Conkal Yucatan,3850000.0,MXN,,3,Rosamora Residencia En Conkal,https://www.balamgroup.com.mx/en/propiedad/rosamora-residencia-en-conkal/,https://www.balamgroup.com.mx/wp-content/uploads/2024/03/Rosamora-Residencial-en-Conkal.jpg,,2026-05-09
balam,"House For Sale In San Ignacio, Progreso",5800000.0,USD,,3,House For Sale In San Ignacio,https://www.balamgroup.com.mx/en/propiedad/house-for-sale-in-san-ignacio/,https://www.balamgroup.com.mx/wp-content/uploads/2024/10/60-7.png,,2026-05-09
balam,"Monarca Exclusive Apartments For Sale In Temozon Norte, Mid",2490000.0,MXN,1,1,Monarca Exclusive Apartments,https://www.balamgroup.com.mx/en/propiedad/monarca-exclusive-apartments/,https://www.balamgroup.com.mx/wp-content/uploads/2023/08/3-4.jpg,,2026-05-09
balam,"Commercial Property For Sale In Colonia Pinzones, Mérida.",3980000.0,MXN,,3,Commercial Property For Sale,https://www.balamgroup.com.mx/en/propiedad/commercial-property-for-sale/,https://www.balamgroup.com.mx/wp-content/uploads/2024/12/Local-cristiano-9-1.png,,2026-05-09
balam,"Prime Residential Lot For Sale In Silveste, Mérida – North Yucatán Living At Its Finest",5600000.0,MXN,,2,Prime Residential Lot For Sale In Silveste Merida North Yucatan Living At Its Finest,https://www.balamgroup.com.mx/en/propiedad/prime-residential-lot-for-sale-in-silveste-merida-north-yucatan-living-at-its-finest/,https://www.balamgroup.com.mx/wp-content/uploads/IMG_7750.jpg,,2026-05-09
balam,"CAMPORAL, Premium Residencial Lots For Sale In Merida",3280000.0,MXN,,2,Camporal Premium Residencial Lots For Sale In The North Of Merida,https://www.balamgroup.com.mx/en/propiedad/camporal-premium-residencial-lots-for-sale-in-the-north-of-merida/,https://www.balamgroup.com.mx/wp-content/uploads/2021/12/CAMPORAL-Lotes-residenciales-premium-al-Norte-de-Merida_2.jpg,,2026-05-09
balam,Olamar Apartments For Sale In Chicxulub Puerto,4167450.0,USD,3,3,Olamar Apartments Sale Chicxulub,https://www.balamgroup.com.mx/en/propiedad/olamar-apartments-sale-chicxulub/,https://www.balamgroup.com.mx/wp-content/uploads/2023/02/Olamar-Departamentos-en-venta-en-Chicxulub-Balam-Group-10.jpg,,2026-05-09
balam,Apartments For Sale In Industrial Zone Mérida Light Towers,4463176.0,USD,,1,Apartments For Sale In Merida 2,https://www.balamgroup.com.mx/en/propiedad/apartments-for-sale-in-merida-2/,https://www.balamgroup.com.mx/wp-content/uploads/2024/12/56-1.png,,2026-05-09
balam,"Apartments For Sale In Zona Country, Chaltún Living, Mérida.",1850000.0,MXN,,1,Apartments For Sale On Country,https://www.balamgroup.com.mx/en/propiedad/apartments-for-sale-on-country/,https://www.balamgroup.com.mx/wp-content/uploads/2024/09/50-3.png,,2026-05-09
balam,"El Sueño - Luxury Residential Lots In Puerta Mayab, Mérida, Yucatán",5100000.0,MXN,,2,El Sueno Luxury Residential Lots In Puerta Mayab Merida Yucatan,https://www.balamgroup.com.mx/en/propiedad/el-sueno-luxury-residential-lots-in-puerta-mayab-merida-yucatan/,https://www.balamgroup.com.mx/wp-content/uploads/20250509_121500.jpg,,2026-05-09
balam,"Dua Living, Residential Apartments In Dzitya, Mérida",2400000.0,MXN,,2,Dua Living Apartments In Dzitya,https://www.balamgroup.com.mx/en/propiedad/dua-living-apartments-in-dzitya/,https://www.balamgroup.com.mx/wp-content/uploads/2024/07/57-3.png,,2026-05-09
balam,"Lirio Blanco – Exclusive Apartments In Montes De Amé, Mérida",2547775.0,MXN,,2,Lirio Blanco Exclusive Apartments Montes De Ame Merida,https://www.balamgroup.com.mx/en/propiedad/lirio-blanco-exclusive-apartments-montes-de-ame-merida/,https://www.balamgroup.com.mx/wp-content/uploads/2025/02/Artboard-20-scaled.jpg,,2026-05-09
balam,"OLEA Beach Condos, Great Location In Chicxulub",4350000.0,MXN,,2,Olea Beach Condos Great Location,https://www.balamgroup.com.mx/en/propiedad/olea-beach-condos-great-location/,https://www.balamgroup.com.mx/wp-content/uploads/2021/02/3e682d61-a3d2-4634-befb-17e4ba54b05c.jpeg-1.webp,,2026-05-09
balam,"Luxury Home For Sale In Dzityá, Merida - Immediate Delivery!",6500000.0,MXN,,3,Luxury Home For Sale In Dzitya Merida Immediate Delivery,https://www.balamgroup.com.mx/en/propiedad/luxury-home-for-sale-in-dzitya-merida-immediate-delivery/,https://www.balamgroup.com.mx/wp-content/uploads/DztiyaAlberca2.jpg,,2026-05-09
balam,Pájaro En Piedra Apartments,4065250.0,USD,1,2,Pajaro En Piedra Apartments,https://www.balamgroup.com.mx/en/propiedad/pajaro-en-piedra-apartments/,https://www.balamgroup.com.mx/wp-content/uploads/2024/03/pajaro-en-piedra-Departamento-80-m2-scaled.jpg,,2026-05-09
balam,"Discover Your Dream Home: Modern House For Sale In Gran San Pedro Cholul, Mérida",3500000.0,MXN,,3,Discover Your Dream Home Modern House For Sale In Gran San Pedro Cholul Merida,https://www.balamgroup.com.mx/en/propiedad/discover-your-dream-home-modern-house-for-sale-in-gran-san-pedro-cholul-merida/,https://www.balamgroup.com.mx/wp-content/uploads/20250523_111522.jpg,,2026-05-09
balam,Montejo Beach Apartments In San Benito Yucatán,4164991.0,MXN,3,2,Beach Apartments For Sale,https://www.balamgroup.com.mx/en/propiedad/beach-apartments-for-sale/,https://www.balamgroup.com.mx/wp-content/uploads/2022/12/77CB7BD3-8F53-444D-8A38-605BD32E88E8.webp,,2026-05-09
balam,"Cabo Coral, Puerto Progreso",4850000.0,USD,,2,Cabo Coral Puerto Progreso,https://www.balamgroup.com.mx/en/propiedad/cabo-coral-puerto-progreso/,https://www.balamgroup.com.mx/wp-content/uploads/2024/04/9-1.jpg,,2026-05-09
balam,CERES Homes For Sale In Dzitya,4200000.0,MXN,,3,Ceres Homes For Sale In Dztiya,https://www.balamgroup.com.mx/en/propiedad/ceres-homes-for-sale-in-dztiya/,https://www.balamgroup.com.mx/wp-content/uploads/2022/03/Privada-CERES-HOMES-Casas-en-Dzitya_1.jpeg,,2026-05-09
balam,"Boreana, Townhomes For Sale In Merida North",3590000.0,MXN,2,2,Boreana Townhomes For Sale In Merida North,https://www.balamgroup.com.mx/en/propiedad/boreana-townhomes-for-sale-in-merida-north/,https://www.balamgroup.com.mx/wp-content/uploads/2022/03/Boreana-Townhouses-al-norte-de-Merida-en-Cholul_7-1.jpg,,2026-05-09
balam,"Privada Albare, Houses In Temozón Norte, Mérida.",5375000.0,USD,3,3,Privada Albare In Temozon,https://www.balamgroup.com.mx/en/propiedad/privada-albare-in-temozon/,https://www.balamgroup.com.mx/wp-content/uploads/2024/07/51-13.png,,2026-05-09
balam,Hacienda Kikteil | Residential Lots For Sale,1951000.0,MXN,,2,Hacienda Kikteil Residential Lots For Sale,https://www.balamgroup.com.mx/en/propiedad/hacienda-kikteil-residential-lots-for-sale/,https://www.balamgroup.com.mx/wp-content/uploads/2021/11/Hacienda-Kikteil-Residential-lots-for-sale_3.jpg,,2026-05-09
meridareg,"Merida Real Estate Group - Exclusive Homes, Condos & Land for Sale in Yucatan",4900000.0,USD,1,,Www.Meridarealestategroup.Com,https://www.meridarealestategroup.com/,https://www.meridarealestategroup.com/wp-content/uploads/2024/09/Merida-Header.jpg,,2026-05-09
meridareg,"Merida Real Estate Group - Exclusive Homes, Condos & Land for Sale in Yucatan",4900000.0,USD,1,,Www.Meridarealestategroup.Com,https://www.meridarealestategroup.com/,https://www.meridarealestategroup.com/wp-content/uploads/2024/09/Merida-Header.jpg,,2026-05-09
meridareg,"Merida Real Estate Group - Exclusive Homes, Condos & Land for Sale in Yucatan",4900000.0,USD,1,,Www.Meridarealestategroup.Com,https://www.meridarealestategroup.com/,https://www.meridarealestategroup.com/wp-content/uploads/2024/09/Merida-Header.jpg,,2026-05-09
meridareg,El Pueblo Mérida Boutique Hotel for Sale on Paseo de Montejo,4900000.0,USD,1,13,El Pueblo Merida,https://www.meridarealestategroup.com/properties/centro/el-pueblo-merida/,https://www.meridarealestategroup.com/wp-content/uploads/2026/01/El-Pueblo-Merida-9-Room-Boutique-Hotel-New-14.jpg,,2026-05-09
meridareg,Lussela 3 Bedroom penthouse for Sale in Montecristo Merida for $1203139 USD,1203139.0,USD,1,3,Lussela 3 Bedroom Penthouse,https://www.meridarealestategroup.com/properties/montecristo/lussela-3-bedroom-penthouse/,https://www.meridarealestategroup.com/wp-content/uploads/2026/01/Lussela-Montecristo-Merida-3-2.jpg,,2026-05-09
meridareg,Lussela 3 Bedroom Condo for Sale in Montecristo Merida for $738116 USD,738116.0,USD,1,3,Lussela 3 Bedroom Condo,https://www.meridarealestategroup.com/properties/montecristo/lussela-3-bedroom-condo/,https://www.meridarealestategroup.com/wp-content/uploads/2026/01/Lussela-Montecristo-Merida-1-1.jpg,,2026-05-09
meridareg,Catavento 3 Bedroom Beachfront Condo for Sale in Beachfront Progreso for $660000 USD,660000.0,USD,1,3,Catavento 3 Bedroom Beachfront Condo,https://www.meridarealestategroup.com/properties/beachfront/catavento-3-bedroom-beachfront-condo/,https://www.meridarealestategroup.com/wp-content/uploads/2026/01/Catavento-Chelem-3-Bedroom-Condo-1.jpg,,2026-05-09
meridareg,Dunas Beachfront 3 Bedroom Condo for Sale in Beachfront Chuburna for $531195 USD,531195.0,USD,1,3,Dunas Beachfront 3 Bedroom Condo,https://www.meridarealestategroup.com/properties/beachfront/dunas-beachfront-3-bedroom-condo/,https://www.meridarealestategroup.com/wp-content/uploads/2026/01/Duna-Residences-Beachfront-Chuburna-1-2.jpg,,2026-05-09
meridareg,Dunas Beachfront 2 Bedroom Condo for Sale in Beachfront Chuburna for $470949 USD,470949.0,USD,1,2,Dunas Beachfront 2 Bedroom Condo,https://www.meridarealestategroup.com/properties/beachfront/dunas-beachfront-2-bedroom-condo/,https://www.meridarealestategroup.com/wp-content/uploads/2026/01/Duna-Residences-Beachfront-Chuburna-3-1.jpg,,2026-05-09
meridareg,Madeira Vida De Mar 4 Bedroom Beachfront Condo for Sale in Beachfront Chicxulub for $678109 USD,678109.0,USD,1,4,Madeira Vida De Mar 4 Bedroom Beachfront Condo,https://www.meridarealestategroup.com/properties/beachfront/madeira-vida-de-mar-4-bedroom-beachfront-condo/,https://www.meridarealestategroup.com/wp-content/uploads/2026/01/Madeira-Residences-Merida-31-1.jpg,,2026-05-09
meridareg,Bosques De Altabrisa 4 Bedroom House for Sale in Altabrisa Merida for $1334400 USD,1334400.0,USD,1,5,Bosques De Altabrisa 4 Bedroom House,https://www.meridarealestategroup.com/properties/altabrisa/bosques-de-altabrisa-4-bedroom-house/,https://www.meridarealestategroup.com/wp-content/uploads/2026/01/Bosques-De-Altabrisa-Merida-4-Bed-House-1.jpg,,2026-05-09
meridareg,60 Norte 1 Bedroom Condo for Sale in Francisco De Montejo Merida for $191834 USD,191834.0,USD,1,1,60 Norte 1 Bedroom Condo,https://www.meridarealestategroup.com/properties/francisco-de-montejo/60-norte-1-bedroom-condo/,https://www.meridarealestategroup.com/wp-content/uploads/2025/09/60-Norte-Residences-Merida-20.jpg,,2026-05-09
meridareg,Casa Mitos 3 Bedroom Condo for Sale in Francisco De Montejo Merida for $657600 USD,657600.0,USD,1,,Casa Mitos 3 Bedroom Condo,https://www.meridarealestategroup.com/properties/francisco-de-montejo/casa-mitos-3-bedroom-condo/,https://www.meridarealestategroup.com/wp-content/uploads/2025/09/Casa-Mitos-Residences-Merida-15-3.jpg,,2026-05-09
meridareg,Casa Mitos 2 Bedroom Condo for Sale in Francisco De Montejo Merida for $432100 USD,432100.0,USD,1,,Casa Mitos 2 Bedroom Condo,https://www.meridarealestategroup.com/properties/francisco-de-montejo/casa-mitos-2-bedroom-condo/,https://www.meridarealestategroup.com/wp-content/uploads/2025/09/Casa-Mitos-Residences-Merida-18.jpg,DOUBLE (group 15),2026-05-09
meridareg,Casa Mitos 1 Bedroom Condo for Sale in Francisco De Montejo Merida for $321900 USD,321900.0,USD,1,,Casa Mitos 1 Bedroom Condo,https://www.meridarealestategroup.com/properties/francisco-de-montejo/casa-mitos-1-bedroom-condo/,https://www.meridarealestategroup.com/wp-content/uploads/2025/09/Casa-Mitos-Residences-Merida-17.jpg,,2026-05-09
meridareg,Casa Caracol 2 Bedroom House for Sale in Centro Merida for $465264 USD,465264.0,USD,1,2,Casa Caracol 2 Bedroom House,https://www.meridarealestategroup.com/properties/centro/casa-caracol-2-bedroom-house/,https://www.meridarealestategroup.com/wp-content/uploads/2025/06/Casa-Caracol-Merida-2-Bedroom-Villa-1.jpg,,2026-05-09
meridareg,Compostela 3 Bedroom House for Sale in Santa Maria Yaxche Merida for $766629 USD,766629.0,USD,1,6,Compostela 3 Bedroom House,https://www.meridarealestategroup.com/properties/santa-maria-yaxche/compostela-3-bedroom-house/,https://www.meridarealestategroup.com/wp-content/uploads/2025/06/Casa-Orion-4-Bedroom-Villa-1.jpg,,2026-05-09
meridareg,Casa Axiotic 3 Bedroom Villa for Sale in Centro Merida for $766598 USD,766598.0,USD,1,5,Casa Axiotic 3 Bedroom Villa,https://www.meridarealestategroup.com/properties/centro/casa-axiotic-3-bedroom-villa/,https://www.meridarealestategroup.com/wp-content/uploads/2025/06/casa-axiotic-villa-merida-centro-3-bedroom-house-1.jpg,,2026-05-09
meridareg,"Merida Real Estate Group - Exclusive Homes, Condos & Land for Sale in Yucatan",4900000.0,USD,1,,Www.Meridarealestategroup.Com,https://www.meridarealestategroup.com/,https://www.meridarealestategroup.com/wp-content/uploads/2024/09/Merida-Header.jpg,,2026-05-09
meridareg,"Merida Real Estate Group - Exclusive Homes, Condos & Land for Sale in Yucatan",4900000.0,USD,1,,Www.Meridarealestategroup.Com,https://www.meridarealestategroup.com/,https://www.meridarealestategroup.com/wp-content/uploads/2024/09/Merida-Header.jpg,,2026-05-09
meridareg,"Merida Real Estate Group - Exclusive Homes, Condos & Land for Sale in Yucatan",4900000.0,USD,1,,Www.Meridarealestategroup.Com,https://www.meridarealestategroup.com/,https://www.meridarealestategroup.com/wp-content/uploads/2024/09/Merida-Header.jpg,,2026-05-09
meridareg,Thank You,341660.0,USD,1,,Thank You,https://www.meridarealestategroup.com/thank-you/,https://www.meridarealestategroup.com/wp-content/uploads/2023/05/Navita-Merida-12-525x328.jpg,,2026-05-09
meridareg,"Merida Real Estate Group - Exclusive Homes, Condos & Land for Sale in Yucatan",4900000.0,USD,1,,Www.Meridarealestategroup.Com,https://www.meridarealestategroup.com/,https://www.meridarealestategroup.com/wp-content/uploads/2024/09/Merida-Header.jpg,,2026-05-09
meridareg,"Merida Real Estate Group - Exclusive Homes, Condos & Land for Sale in Yucatan",4900000.0,USD,1,,Www.Meridarealestategroup.Com,https://www.meridarealestategroup.com/,https://www.meridarealestategroup.com/wp-content/uploads/2024/09/Merida-Header.jpg,,2026-05-09
meridareg,"Merida Real Estate Group - Exclusive Homes, Condos & Land for Sale in Yucatan",4900000.0,USD,1,,Www.Meridarealestategroup.Com,https://www.meridarealestategroup.com/,https://www.meridarealestategroup.com/wp-content/uploads/2024/09/Merida-Header.jpg,,2026-05-09
meridareg,1 Bed Condo Listings For Sale,191834.0,USD,1,,1 Bed Condo,https://www.meridarealestategroup.com/listings/1-bed-condo/,https://www.meridarealestategroup.com/wp-content/uploads/2025/09/60-Norte-Residences-Merida-20-525x328.jpg,"TRIPLE+ (group 3, 7 agencies)",2026-05-09
meridareg,"Merida Real Estate Group - Exclusive Homes, Condos & Land for Sale in Yucatan",4900000.0,USD,1,,Www.Meridarealestategroup.Com,https://www.meridarealestategroup.com/,https://www.meridarealestategroup.com/wp-content/uploads/2024/09/Merida-Header.jpg,,2026-05-09
meridareg,Land Listings For Sale,143383.0,USD,1,,Land,https://www.meridarealestategroup.com/listings/land/,https://www.meridarealestategroup.com/wp-content/uploads/2023/06/Campo-Magno-Yucatan-4-525x328.jpg,"TRIPLE+ (group 32, 22 agencies)",2026-05-09
meridareg,"Merida Real Estate Group - Exclusive Homes, Condos & Land for Sale in Yucatan",4900000.0,USD,1,,Www.Meridarealestategroup.Com,https://www.meridarealestategroup.com/,https://www.meridarealestategroup.com/wp-content/uploads/2024/09/Merida-Header.jpg,,2026-05-09
meridareg,Loft Listings For Sale,119181.0,USD,1,,Loft,https://www.meridarealestategroup.com/listings/loft/,https://www.meridarealestategroup.com/wp-content/uploads/2023/07/Malta-Merida-13-1-525x328.jpeg,"TRIPLE+ (group 46, 6 agencies)",2026-05-09
meridareg,House Listings For Sale,1334400.0,USD,1,,House,https://www.meridarealestategroup.com/listings/house/,https://www.meridarealestategroup.com/wp-content/uploads/2026/01/Bosques-De-Altabrisa-Merida-4-Bed-House-1-525x328.jpg,,2026-05-09
meridareg,2 Bed Penthouse Listings For Sale,237762.0,USD,1,,2 Bed Penthouse,https://www.meridarealestategroup.com/listings/2-bed-penthouse/,https://www.meridarealestategroup.com/wp-content/uploads/2023/08/Taabal-Merida-7-2-525x328.jpg,,2026-05-09
meridareg,3 Bed Condo Listings For Sale,738116.0,USD,1,,3 Bed Condo,https://www.meridarealestategroup.com/listings/3-bed-condo/,https://www.meridarealestategroup.com/wp-content/uploads/2026/01/Lussela-Montecristo-Merida-1-1-525x328.jpg,,2026-05-09
meridareg,4 Bed Condo Listings For Sale,678109.0,USD,1,,4 Bed Condo,https://www.meridarealestategroup.com/listings/4-bed-condo/,https://www.meridarealestategroup.com/wp-content/uploads/2026/01/Madeira-Residences-Merida-31-1-525x328.jpg,,2026-05-09
meridareg,3 Bed Penthouse Listings For Sale,1203139.0,USD,1,,3 Bed Penthouse,https://www.meridarealestategroup.com/listings/3-bed-penthouse/,https://www.meridarealestategroup.com/wp-content/uploads/2026/01/Lussela-Montecristo-Merida-3-2-525x328.jpg,DOUBLE (group 56),2026-05-09
meridareg,Hotel Listings For Sale,4900000.0,USD,1,,Hotel,https://www.meridarealestategroup.com/listings/hotel/,https://www.meridarealestategroup.com/wp-content/uploads/2026/01/El-Pueblo-Merida-9-Room-Boutique-Hotel-New-14-525x328.jpg,,2026-05-09
meridareg,2 Bed Condo Listings For Sale,470949.0,USD,1,,2 Bed Condo,https://www.meridarealestategroup.com/listings/2-bed-condo/,https://www.meridarealestategroup.com/wp-content/uploads/2026/01/Duna-Residences-Beachfront-Chuburna-3-1-525x328.jpg,"TRIPLE+ (group 7, 155 agencies)",2026-05-09
meridareg,Crisanta Residential Lots for Sale in Mococha Mococha for $98500 USD,98500.0,USD,1,,Crisanta Residential Lots,https://www.meridarealestategroup.com/properties/mococha/crisanta-residential-lots/,https://www.meridarealestategroup.com/wp-content/uploads/2023/05/Crisanta-Mococha-Yucatan-1.jpg,,2026-05-09
meridareg,Flow Living 2 Story 3 Bed Condo for Sale in Temozón for $164617 USD,164617.0,USD,1,3,Flow Living 2 Story 3 Bed Condo,https://www.meridarealestategroup.com/properties/temozon/flow-living-2-story-3-bed-condo/,https://www.meridarealestategroup.com/wp-content/uploads/2023/01/Flow-Living-Merida-8-4.jpeg,,2026-05-09
meridareg,Baura 2 Bedroom Condo for Sale in Santa Gertrudis Copo Merida for $146865 USD,146865.0,USD,1,2,Baura 2 Bedroom Condo,https://www.meridarealestategroup.com/properties/santa-gertrudis-copo/baura-2-bedroom-condo/,https://www.meridarealestategroup.com/wp-content/uploads/2023/02/Baura-Merida-4-2.jpg,,2026-05-09
meridareg,Varanta 3 Bedroom Penthouse for Sale in Santa Gertrudis Copo Merida for $296950 USD,296950.0,USD,1,5,Varanta 3 Bedroom Penthouse,https://www.meridarealestategroup.com/properties/santa-gertrudis-copo/varanta-3-bedroom-penthouse/,https://www.meridarealestategroup.com/wp-content/uploads/2022/11/Varanta-Merida-12-1.jpg,,2026-05-09
meridareg,Baura 1 Bedroom Condo for Sale in Santa Gertrudis Copo Merida for $81716 USD,81716.0,USD,1,1,Baura 1 Bedroom Condo,https://www.meridarealestategroup.com/properties/santa-gertrudis-copo/baura-1-bedroom-condo/,https://www.meridarealestategroup.com/wp-content/uploads/2023/02/Baura-Merida-2-1.jpg,,2026-05-09
meridareg,Baltia 3 Bedroom Condo for Sale in Montes De Ame for $332529 USD,332529.0,USD,1,3,Baltia 3 Bedroom Condo,https://www.meridarealestategroup.com/properties/montes-de-ame/baltia-3-bedroom-condo/,https://www.meridarealestategroup.com/wp-content/uploads/2023/02/Fachada-esquina-con-Buyan.jpg,,2026-05-09
meridareg,Temozón 3 Bedroom Villa for Sale in Temozón for $407250 USD,407250.0,USD,1,4,Temozon 3 Bedroom Villa,https://www.meridarealestategroup.com/properties/temozon/temozon-3-bedroom-villa/,https://www.meridarealestategroup.com/wp-content/uploads/2023/01/Temozon-Merida-2.jpg,,2026-05-09
meridareg,Bocana Beachfront Condos & Villas for Sale in Telchac Puerto Telchac for $422402 USD,422402.0,USD,1,,Bocana Beachfront Condos,https://www.meridarealestategroup.com/properties/telchac-puerto/bocana-beachfront-condos/,https://www.meridarealestategroup.com/wp-content/uploads/2023/04/Bocana-Telchac-10.jpg,,2026-05-09
meridareg,Athena Condos for Sale in Montebello Merida for $358424 USD,358424.0,USD,1,,Athena,https://www.meridarealestategroup.com/properties/montebello/athena/,https://www.meridarealestategroup.com/wp-content/uploads/2023/06/Athena-Merida-13.jpg,,2026-05-09
meridareg,Mio 2 Bedroom Condo for Sale in Montebello Merida for $194642 USD,194642.0,USD,1,2,Mio 2 Bedroom Condo,https://www.meridarealestategroup.com/properties/montebello/mio-2-bedroom-condo/,https://www.meridarealestategroup.com/wp-content/uploads/2023/03/Mio-Merida-5-1.jpg,,2026-05-09
meridareg,Sereniti 2 Bedroom Condo for Sale in Compostela Merida for $357061 USD,357061.0,USD,1,2,Sereniti 2 Bedroom Condo,https://www.meridarealestategroup.com/properties/compostela/sereniti-2-bedroom-condo/,https://www.meridarealestategroup.com/wp-content/uploads/2023/04/Sereniti-Merida-9-2.jpg,,2026-05-09
meridareg,Sereniti 1 Bedroom Condo for Sale in Compostela Merida for $271182 USD,271182.0,USD,1,1,Sereniti 1 Bedroom Condo,https://www.meridarealestategroup.com/properties/compostela/sereniti-1-bedroom-condo/,https://www.meridarealestategroup.com/wp-content/uploads/2023/04/Sereniti-Merida-12-1.jpg,,2026-05-09
meridareg,Navita 4 Bedroom Villa for Sale in Santa Gertrudis Copo Merida for $353341 USD,353341.0,USD,1,4,Navita 4 Bedroom Villa,https://www.meridarealestategroup.com/properties/santa-gertrudis-copo/navita-4-bedroom-villa/,https://www.meridarealestategroup.com/wp-content/uploads/2023/05/Navita-Merida-13-2.jpg,,2026-05-09
meridareg,Compostela Lots for Sale in Centro Santa Maria Yaxche for $157614 USD,157614.0,USD,1,,Compostela Lots,https://www.meridarealestategroup.com/properties/centro/compostela-lots/,https://www.meridarealestategroup.com/wp-content/uploads/2023/06/Compostela-Merida-7.jpg,,2026-05-09
meridareg,Puerto Carey 2 Bedroom Condo for Sale in Chelem Chelem for $142236 USD,142236.0,USD,1,5,Puerto Carey 2 Bedroom Condo,https://www.meridarealestategroup.com/properties/chelem/puerto-carey-2-bedroom-condo/,https://www.meridarealestategroup.com/wp-content/uploads/2023/05/Puerto-Carey-Chelem-Yucatan-3-1.jpg,,2026-05-09
meridareg,Temozon 53 - 2 Bedroom condo for Sale in Temozón for $147561 USD,147561.0,USD,1,,Temozon 53 2 Bedroom Condo,https://www.meridarealestategroup.com/properties/temozon/temozon-53-2-bedroom-condo/,https://www.meridarealestategroup.com/wp-content/uploads/2023/03/Temozon-53-Merida-6-2.jpg,,2026-05-09
meridareg,Puerto Carey Condos for Sale in Chelem Chelem for $142236 USD,142236.0,USD,1,,Puerto Carey,https://www.meridarealestategroup.com/properties/chelem/puerto-carey/,https://www.meridarealestategroup.com/wp-content/uploads/2023/05/Puerto-Carey-Chelem-Yucatan-8.jpg,,2026-05-09
meridareg,Elementa 3 Bedroom Villas for Sale in Conkal Merida for $160749 USD,160749.0,USD,1,5,Elementa 3 Bedroom Villas,https://www.meridarealestategroup.com/properties/conkal/elementa-3-bedroom-villas/,https://www.meridarealestategroup.com/wp-content/uploads/2023/04/POSTERIOR.jpg,,2026-05-09
meridareg,Siela 4 Bedroom Beachfront Condo for Sale in Beachfront Telchac for $580238 USD,580238.0,USD,1,5,Siela 4 Bedroom Beachfront Condo,https://www.meridarealestategroup.com/properties/beachfront/siela-4-bedroom-beachfront-condo/,https://www.meridarealestategroup.com/wp-content/uploads/2023/05/Siela-Telchac-Yucatan-11.jpg,,2026-05-09
meridareg,Temozon 53 Condos for Sale in Temozón for $90937 USD,90937.0,USD,1,,Temozon 53,https://www.meridarealestategroup.com/properties/temozon/temozon-53/,https://www.meridarealestategroup.com/wp-content/uploads/2023/03/Temozon-53-Merida-4.jpg,,2026-05-09
meridareg,Sereniti Condos for Sale in Compostela Merida for $271182 USD,271182.0,USD,1,,Sereniti,https://www.meridarealestategroup.com/properties/compostela/sereniti/,https://www.meridarealestategroup.com/wp-content/uploads/2023/04/Sereniti-Merida-2.jpg,,2026-05-09
meridareg,Athena 1 Bedroom Condo for Sale in Montebello Merida for $358424 USD,358424.0,USD,1,1,Athena 1 Bedroom Condo,https://www.meridarealestategroup.com/properties/montebello/athena-1-bedroom-condo/,https://www.meridarealestategroup.com/wp-content/uploads/2023/06/Athena-Merida-12-1.jpg,,2026-05-09
meridareg,Taliva 2 Bedroom Condo for Sale in Montes De Ame Merida for $170338 USD,170338.0,USD,1,2,Taliva 2 Bedroom Condo,https://www.meridarealestategroup.com/properties/montes-de-ame/taliva-2-bedroom-condo/,https://www.meridarealestategroup.com/wp-content/uploads/2023/04/Taliva-Merida-6-2.jpg,,2026-05-09
meridareg,Baura for Sale in Santa Gertrudis Copo Merida for $146865 USD,146865.0,USD,1,,Baura,https://www.meridarealestategroup.com/properties/santa-gertrudis-copo/baura/,https://www.meridarealestategroup.com/wp-content/uploads/2023/02/Baura-Merida-1.jpg,,2026-05-09
meridareg,Varanta Condos for Sale in Santa Gertrudis Copo Merida for $207713 USD,207713.0,USD,1,,Varanta,https://www.meridarealestategroup.com/properties/santa-gertrudis-copo/varanta/,https://www.meridarealestategroup.com/wp-content/uploads/2022/10/Varanta-Merida-3.jpg,,2026-05-09
meridareg,Puerto Carey 2 Story 2 Bed Condo for Sale in Chelem Chelem for $159989 USD,159989.0,USD,1,5,Puerto Carey 2 Story 2 Bed Condo,https://www.meridarealestategroup.com/properties/chelem/puerto-carey-2-story-2-bed-condo/,https://www.meridarealestategroup.com/wp-content/uploads/2023/05/Puerto-Carey-Chelem-Yucatan-6-2.jpg,,2026-05-09
meridareg,Taliva Condos for Sale in Montes De Ame Merida for $153417 USD,153417.0,USD,1,,Taliva,https://www.meridarealestategroup.com/properties/montes-de-ame/taliva/,https://www.meridarealestategroup.com/wp-content/uploads/2023/04/Taliva-Merida-1.jpg,,2026-05-09
meridareg,Varanta 2 Bedroom Condo for Sale in Santa Gertrudis Copo Merida for $207713 USD,207713.0,USD,1,5,Varanta 2 Bedroom Condo,https://www.meridarealestategroup.com/properties/santa-gertrudis-copo/varanta-2-bedroom-condo/,https://www.meridarealestategroup.com/wp-content/uploads/2022/11/Varanta-Merida-14.jpg,,2026-05-09
meridareg,Flow Living 2 Story 2 Bed Condo for Sale in Temozón for $142146 USD,142146.0,USD,1,2,Flow Living 2 Story 2 Bed Condo,https://www.meridarealestategroup.com/properties/temozon/flow-living-2-story-2-bed-condo/,https://www.meridarealestategroup.com/wp-content/uploads/2023/01/Flow-Living-Merida-4-3.jpeg,,2026-05-09
meridareg,Flow Living 1 Bedroom Condo for Sale in Temozón for $87015 USD,87015.0,USD,1,1,Flow Living 1 Bedroom Condo,https://www.meridarealestategroup.com/properties/temozon/flow-living-1-bedroom-condo/,https://www.meridarealestategroup.com/wp-content/uploads/2023/01/Flow-Living-Merida-6-1.jpeg,,2026-05-09
meridareg,Amaité Telchac 3 Bedroom Condo for Sale in Telchac Puerto Telchac for $195731 USD,195731.0,USD,1,5,Amaite Telchac 3 Bedroom Condo,https://www.meridarealestategroup.com/properties/telchac-puerto/amaite-telchac-3-bedroom-condo/,https://www.meridarealestategroup.com/wp-content/uploads/2023/02/Telchac-Merida-16.jpg,,2026-05-09
meridareg,Bocana 3 Bedroom Beachfront Penthouse for Sale in Telchac Puerto Telchac for $809530 USD,809530.0,USD,1,5,Bocana 3 Bedroom Beachfront Ph,https://www.meridarealestategroup.com/properties/telchac-puerto/bocana-3-bedroom-beachfront-ph/,https://www.meridarealestategroup.com/wp-content/uploads/2023/04/Bocana-Telchac-23-2.jpg,,2026-05-09
meridareg,Tura Ateneo 2 Bedroom Condo for Sale in San Ramon Norte Merida for $210719 USD,210719.0,USD,1,2,Tura Ateneo 2 Bedroom Condo,https://www.meridarealestategroup.com/properties/san-ramon-norte/tura-ateneo-2-bedroom-condo/,https://www.meridarealestategroup.com/wp-content/uploads/2023/03/Tura-Ateneo-merida-2.jpg,,2026-05-09
meridareg,Sereniti 3 Bedroom Penthouse for Sale in Compostela Merida for $772670 USD,772670.0,USD,1,5,Sereniti 3 Bedroom Penthouse,https://www.meridarealestategroup.com/properties/compostela/sereniti-3-bedroom-penthouse/,https://www.meridarealestategroup.com/wp-content/uploads/2023/04/Sereniti-Merida-1-4.jpg,,2026-05-09
meridareg,Mio Condos for Sale in Montebello Merida for $194642 USD,194642.0,USD,1,,Progreso,https://www.meridarealestategroup.com/properties/montebello/mio/,https://www.meridarealestategroup.com/wp-content/uploads/2023/03/Mio-Merida-1.jpg,,2026-05-09
meridareg,Flow Living Condos for Sale in Temozón for $87015 USD,87015.0,USD,1,,Flow Living,https://www.meridarealestategroup.com/properties/temozon/flow-living/,https://www.meridarealestategroup.com/wp-content/uploads/2023/01/Flow-Living-Merida-7.jpeg,,2026-05-09
meridareg,Navita Villas for Sale in Santa Gertrudis Copo Merida for $341660 USD,341660.0,USD,1,,Navita,https://www.meridarealestategroup.com/properties/santa-gertrudis-copo/navita/,https://www.meridarealestategroup.com/wp-content/uploads/2023/05/Navita-Merida-12.jpg,,2026-05-09
meridareg,Enso 2 Bedroom Condo for Sale in San Antonio Cucul Merida for $275686 USD,275686.0,USD,1,2,Enso 2 Bedroom Condo,https://www.meridarealestategroup.com/properties/san-antonio-cucul/enso-2-bedroom-condo/,https://www.meridarealestategroup.com/wp-content/uploads/2022/11/14_F-2x-2.jpg,,2026-05-09
meridareg,Novenna Town Houses for Sale in Chichi Merida for $127530 USD,127530.0,USD,1,3,Novenna Town Houses,https://www.meridarealestategroup.com/properties/chichi/novenna-town-houses/,https://www.meridarealestategroup.com/wp-content/uploads/2023/01/Novenna-Merida-10.jpg,,2026-05-09
meridareg,Moira 2 Bedroom Condo for Sale in Temozón Merida for $123707 USD,123707.0,USD,1,2,Moira 2 Bedroom Condo,https://www.meridarealestategroup.com/properties/temozon/moira-2-bedroom-condo/,https://www.meridarealestategroup.com/wp-content/uploads/2023/02/Moira-Merida-8.jpg,,2026-05-09
meridareg,Taliva 1 Bedroom Condo for Sale in Montes De Ame Merida for $153417 USD,153417.0,USD,1,1,Taliva 1 Bedroom Condo,https://www.meridarealestategroup.com/properties/montes-de-ame/taliva-1-bedroom-condo/,https://www.meridarealestategroup.com/wp-content/uploads/2023/04/Taliva-Merida-10-1.jpg,,2026-05-09
meridareg,Mio 3 Bedroom Penthouse for Sale in Montebello Merida for $355147 USD,355147.0,USD,1,2,Mio 3 Bedroom Penthouse,https://www.meridarealestategroup.com/properties/montebello/mio-3-bedroom-penthouse/,https://www.meridarealestategroup.com/wp-content/uploads/2023/03/Mio-Merida-6-2.jpg,,2026-05-09
meridareg,Enso 1 Bedroom Condo for Sale in San Antonio Cucul Merida for $219248 USD,219248.0,USD,1,1,Enso 1 Bedroom Condo,https://www.meridarealestategroup.com/properties/san-antonio-cucul/enso-1-bedroom-condo/,https://www.meridarealestategroup.com/wp-content/uploads/2022/11/8_F-2x-1.jpg,,2026-05-09
meridareg,Enso Condos for Sale in San Antonio Cucul Merida for $219248 USD,219248.0,USD,1,,Enso,https://www.meridarealestategroup.com/properties/san-antonio-cucul/enso/,https://www.meridarealestategroup.com/wp-content/uploads/2022/11/15N_F-2x.jpg,"TRIPLE+ (group 31, 8 agencies)",2026-05-09
meridareg,Baura 3 Bedroom Condo for Sale in Santa Gertrudis Copo Merida for $192010 USD,192010.0,USD,1,3,Baura 3 Bedroom Condo,https://www.meridarealestategroup.com/properties/santa-gertrudis-copo/baura-3-bedroom-condo/,https://www.meridarealestategroup.com/wp-content/uploads/2023/02/Baura-Merida-5-3.jpg,,2026-05-09
meridareg,Nibana 2 Bedroom Condo for Sale in Temozón Merida for $130451 USD,130451.0,USD,1,2,Nibana 2 Bedroom Condo,https://www.meridarealestategroup.com/properties/temozon/nibana-2-bedroom-condo/,https://www.meridarealestategroup.com/wp-content/uploads/2023/03/Nibana-Merida-9.jpg,,2026-05-09
meridareg,Sodzil 324 - 1 Bedroom Condo for Sale in Hacienda Sodzil Merida for $110814 USD,110814.0,USD,1,1,Sodzil 324 1 Bedroom Condo,https://www.meridarealestategroup.com/properties/hacienda-sodzil/sodzil-324-1-bedroom-condo/,https://www.meridarealestategroup.com/wp-content/uploads/2023/04/Sodzil-324-Merida-7.jpg,,2026-05-09
meridareg,Navita 3 Bedroom Villa for Sale in Santa Gertrudis Copo Merida for $341660 USD,341660.0,USD,1,3,Navita 3 Bedroom Villa,https://www.meridarealestategroup.com/properties/santa-gertrudis-copo/navita-3-bedroom-villa/,https://www.meridarealestategroup.com/wp-content/uploads/2023/05/Navita-Merida-2-1.jpg,,2026-05-09
meridareg,Eulalia 12 -1 Bedroom Condo for Sale in Temozón for $120609 USD,120609.0,USD,1,5,Eulalia 12 1 Bedroom Condo,https://www.meridarealestategroup.com/properties/temozon/eulalia-12-1-bedroom-condo/,https://www.meridarealestategroup.com/wp-content/uploads/2023/03/Eulalia-Merida-7.jpg,,2026-05-09
meridareg,Casa Kaab 3 Bedroom Villa for Sale in Conkal for $154503 USD,154503.0,USD,1,5,Casa Kaab,https://www.meridarealestategroup.com/properties/conkal/casa-kaab/,https://www.meridarealestategroup.com/wp-content/uploads/2023/04/01-1.jpg,,2026-05-09
meridareg,Malma 3 Bedroom Villa for Sale in Conkal for $165135 USD,165135.0,USD,1,5,Malma 3 Bedroom Villa,https://www.meridarealestategroup.com/properties/conkal/malma-3-bedroom-villa/,https://www.meridarealestategroup.com/wp-content/uploads/2023/04/Malma-Merida-1.jpeg,,2026-05-09
meridareg,Flow Living 2 Bedroom Condo for Sale in Temozón for $109745 USD,109745.0,USD,1,2,Flow Living 2 Bedroom Condo,https://www.meridarealestategroup.com/properties/temozon/flow-living-2-bedroom-condo/,https://www.meridarealestategroup.com/wp-content/uploads/2023/01/Flow-Living-Merida-3-2.jpeg,,2026-05-09
meridareg,Arthouse 2 Bedroom Condo for Sale in Altabrisa Merida for $339061 USD,339061.0,USD,1,2,Arthouse 2 Bedroom Condo,https://www.meridarealestategroup.com/properties/altabrisa/arthouse-2-bedroom-condo/,https://www.meridarealestategroup.com/wp-content/uploads/2022/11/Arthouse-Merida-18-2.jpg,,2026-05-09
meridareg,Bocana 2 Bedroom Beachfront Condo for Sale in Telchac Puerto Telchac for $422402 USD,422402.0,USD,1,5,Bocana Beachfront Condos 2,https://www.meridarealestategroup.com/properties/telchac-puerto/bocana-beachfront-condos-2/,https://www.meridarealestategroup.com/wp-content/uploads/2023/04/Bocana-Telchac-22-1.jpg,,2026-05-09
meridareg,Temozon 53 - 1 Bedroom condo for Sale in Temozón for $90937 USD,90937.0,USD,1,,Temozon 53 1 Bedroom Condo,https://www.meridarealestategroup.com/properties/temozon/temozon-53-1-bedroom-condo/,https://www.meridarealestategroup.com/wp-content/uploads/2023/03/Temozon-53-Merida-8-1.jpg,,2026-05-09
meridareg,Ventara 1 Bedroom Condo for Sale in Dzityá Merida for $90311 USD,90311.0,USD,1,1,Ventara 1 Bedroom Condo,https://www.meridarealestategroup.com/properties/dzitya/ventara-1-bedroom-condo/,https://www.meridarealestategroup.com/wp-content/uploads/2023/03/Ventara-Merida-8.jpg,,2026-05-09
meridareg,Bocana 3 Bedroom Beachfront Villa for Sale in Telchac Puerto Telchac for $634516 USD,634516.0,USD,1,5,Bocana 3 Bedroom Beachfront Villa,https://www.meridarealestategroup.com/properties/telchac-puerto/bocana-3-bedroom-beachfront-villa/,https://www.meridarealestategroup.com/wp-content/uploads/2023/04/Bocana-Telchac-13-3.jpg,,2026-05-09
meridareg,Enso 3 Bedroom Condo for Sale in San Antonio Cucul Merida for $302113 USD,302113.0,USD,1,3,Enso 3 Bedroom Condo,https://www.meridarealestategroup.com/properties/san-antonio-cucul/enso-3-bedroom-condo/,https://www.meridarealestategroup.com/wp-content/uploads/2022/11/6_F-2x-3.jpg,,2026-05-09
meridareg,Campo Magno Lots for Sale in Centro Santa Maria Yaxche for $143383 USD,143383.0,USD,1,,Campo Magno Lots,https://www.meridarealestategroup.com/properties/centro/campo-magno-lots/,https://www.meridarealestategroup.com/wp-content/uploads/2023/06/Campo-Magno-Yucatan-4.jpg,,2026-05-09
meridareg,Ayrea 2 Bedroom Villa for Sale in Cholul for $143865 USD,143865.0,USD,1,5,Ayrea 2 Bedroom Villa,https://www.meridarealestategroup.com/properties/cholul/ayrea-2-bedroom-villa/,https://www.meridarealestategroup.com/wp-content/uploads/2023/04/IMG_7993.jpg,,2026-05-09
meridareg,Sereniti 3 Bedroom Condo for Sale in Compostela Merida for $587041 USD,587041.0,USD,1,3,Sereniti 3 Bedroom Condo,https://www.meridarealestategroup.com/properties/compostela/sereniti-3-bedroom-condo/,https://www.meridarealestategroup.com/wp-content/uploads/2023/04/Sereniti-Merida-13-3.jpg,,2026-05-09
realestatelab,Merida Yucatan homes for sale,309859.0,USD,4,3,Realestatelab.Mx,https://realestatelab.mx,https://cdn1.sunum.mx/RSLab/PROD_FILES/Listings/REL0300/Listing_308_Ydhh2Mr6MuCu1fa_260504170527.jpg,"TRIPLE+ (group 7, 155 agencies)",2026-05-09
realestatelab,Merida Yucatan homes for sale,323943.0,USD,2,5,Realestatelab.Mx,https://realestatelab.mx,https://cdn1.sunum.mx/RSLab/PROD_FILES/Listings/REL0297/Listing_305_7KE1dKr5vaXLHL4_260414140463.jpg,"TRIPLE+ (group 7, 155 agencies)",2026-05-09
realestatelab,Merida Yucatan homes for sale,449000.0,USD,3,4,Realestatelab.Mx,https://realestatelab.mx,https://cdn1.sunum.mx/RSLab/PROD_FILES/Listings/REL0296/Listing_304_71tRbnEVIajwTDY_260409150404.jpg,"TRIPLE+ (group 7, 155 agencies)",2026-05-09
realestatelab,Merida Yucatan homes for sale,1090704.0,USD,0,0,Realestatelab.Mx,https://realestatelab.mx,https://cdn1.sunum.mx/RSLab/PROD_FILES/Listings/REL0295/Listing_303_6gaWhHPp7RKJYZ1_260330110398.jpg,,2026-05-09
realestatelab,Merida Yucatan homes for sale,338028.0,USD,2,1,Realestatelab.Mx,https://realestatelab.mx,https://cdn1.sunum.mx/RSLab/PROD_FILES/Listings/REL0294/Listing_302_wudp87coecmyGwc_260328130395.jpg,"TRIPLE+ (group 7, 155 agencies)",2026-05-09
realestatelab,Merida Yucatan homes for sale,416901.0,USD,5,3,Realestatelab.Mx,https://realestatelab.mx,https://cdn1.sunum.mx/RSLab/PROD_FILES/Listings/REL0293/Listing_301_w3r8DdRc0aOILqn_260324120328.jpg,"TRIPLE+ (group 7, 155 agencies)",2026-05-09
realestatelab,Merida Yucatan homes for sale,219718.0,USD,2,2,Realestatelab.Mx,https://realestatelab.mx,https://cdn1.sunum.mx/RSLab/PROD_FILES/Listings/REL0292/Listing_300_Q6dGGW3wHsXRG0s_260331110356.jpg,"TRIPLE+ (group 31, 8 agencies)",2026-05-09
realestatelab,Merida Yucatan homes for sale,298000.0,USD,3,2,Realestatelab.Mx,https://realestatelab.mx,https://cdn1.sunum.mx/RSLab/PROD_FILES/Listings/REL0044/Listing_62_Q3yqK6601z0LIlC_260303090336.jpg,"TRIPLE+ (group 7, 155 agencies)",2026-05-09
realestatelab,Merida Yucatan homes for sale,115000.0,USD,0,0,Realestatelab.Mx,https://realestatelab.mx,https://cdn1.sunum.mx/RSLab/PROD_FILES/Listings/REL0052/Listing_54_aVzQugeS1mnlBJ9_260303140310.jpg,"TRIPLE+ (group 46, 6 agencies)",2026-05-09
realestatelab,Merida Yucatan homes for sale,549000.0,USD,2,2,Realestatelab.Mx,https://realestatelab.mx,https://cdn1.sunum.mx/RSLab/PROD_FILES/Listings/0291/Listing_299_mMMSFgRQa0lWMeE_260228180201.jpg,"TRIPLE+ (group 14, 7 agencies)",2026-05-09
realestatelab,Merida Yucatan homes for sale,278873.0,USD,3,3,Realestatelab.Mx,https://realestatelab.mx,https://cdn1.sunum.mx/RSLab/PROD_FILES/Listings/REL0290/Listing_298_SNmuX724MaGjBAL_260227100221.jpg,"TRIPLE+ (group 7, 155 agencies)",2026-05-09
realestatelab,Merida Yucatan homes for sale,,USD,,,Realestatelab.Mx,https://realestatelab.mx,,"TRIPLE+ (group 27, 159 agencies)",2026-05-09
realestatelab,Merida Yucatan homes for sale,647887.0,USD,4,1,Realestatelab.Mx,https://realestatelab.mx,https://cdn1.sunum.mx/RSLab/PROD_FILES/Listings/REL0287/Listing_295_GuQhQO4d4pwUu7X_260212180213.jpg,"TRIPLE+ (group 24, 8 agencies)",2026-05-09
realestatelab,Merida Yucatan homes for sale,239436.0,USD,2,1,Realestatelab.Mx,https://realestatelab.mx,https://cdn1.sunum.mx/RSLab/PROD_FILES/Listings/REL0286/Listing_294_JBDuZaEQEe9Tlia_260211170284.jpg,,2026-05-09
realestatelab,Merida Yucatan homes for sale,335000.0,USD,3,3,Realestatelab.Mx,https://realestatelab.mx,https://cdn1.sunum.mx/RSLab/PROD_FILES/Listings/REL0285/Listing_293_cZZc1n1cdulobST_260211160262.jpeg,"TRIPLE+ (group 7, 155 agencies)",2026-05-09
realestatelab,Merida Yucatan homes for sale,39436.0,USD,0,0,Realestatelab.Mx,https://realestatelab.mx,https://cdn1.sunum.mx/RSLab/PROD_FILES/Listings/REL0284/Listing_292_yhqR27q2BCSSKSh_260209090248.jpg,,2026-05-09
realestatelab,Merida Yucatan homes for sale,338028.0,USD,3,5,Realestatelab.Mx,https://realestatelab.mx,https://cdn1.sunum.mx/RSLab/PROD_FILES/Listings/REL0283/Listing_291_2f0xxIVDa9HERHH_260209070286.jpg,"TRIPLE+ (group 7, 155 agencies)",2026-05-09
realestatelab,Merida Yucatan homes for sale,600000.0,USD,2,3,Realestatelab.Mx,https://realestatelab.mx,https://cdn1.sunum.mx/RSLab/PROD_FILES/Listings/REL0282/Listing_290_5k7KzkkE7YFLKac_260205130256.jpg,"TRIPLE+ (group 24, 8 agencies)",2026-05-09
realestatelab,Merida Yucatan homes for sale,278873.0,USD,0,0,Realestatelab.Mx,https://realestatelab.mx,https://cdn1.sunum.mx/RSLab/PROD_FILES/Listings/REL0281/Listing_289_KalR7DHD73gje4z_260302100377.jpg,"TRIPLE+ (group 7, 155 agencies)",2026-05-09
realestatelab,Merida Yucatan homes for sale,340000.0,USD,3,5,Realestatelab.Mx,https://realestatelab.mx,https://cdn1.sunum.mx/RSLab/PROD_FILES/Listings/REL0280/Listing_288_or5jYqC1KPwQA5h_260127090107.jpg,"TRIPLE+ (group 7, 155 agencies)",2026-05-09
realestatelab,Merida Yucatan homes for sale,449000.0,USD,3,2,Realestatelab.Mx,https://realestatelab.mx,https://cdn1.sunum.mx/RSLab/PROD_FILES/Listings/REL0279/Listing_287_gKXVUnDAIrWYGPc_260126160191.jpg,"TRIPLE+ (group 7, 155 agencies)",2026-05-09
realestatelab,Merida Yucatan homes for sale,171830.0,USD,3,0,Realestatelab.Mx,https://realestatelab.mx,https://cdn1.sunum.mx/RSLab/PROD_FILES/Listings/REL0277/Listing_285_Eacddxn9Bf9E4W2_260120130199.jpg,"TRIPLE+ (group 17, 9 agencies)",2026-05-09
realestatelab,Merida Yucatan homes for sale,554929.0,USD,3,5,Realestatelab.Mx,https://realestatelab.mx,https://cdn1.sunum.mx/RSLab/PROD_FILES/Listings/REL0276/Listing_284_nAQ776TDsQn0k2E_260113180192.jpg,"TRIPLE+ (group 14, 7 agencies)",2026-05-09
realestatelab,Merida Yucatan homes for sale,323943.0,USD,3,2,Realestatelab.Mx,https://realestatelab.mx,https://cdn1.sunum.mx/RSLab/PROD_FILES/Listings/REL0275/Listing_283_nkxYreu8ft2VTpu_260106160152.jpeg,"TRIPLE+ (group 7, 155 agencies)",2026-05-09
realestatelab,Merida Yucatan homes for sale,1950000.0,USD,5,6,Realestatelab.Mx,https://realestatelab.mx,https://cdn1.sunum.mx/RSLab/PROD_FILES/Listings/REL0274/Listing_282_q0rvDykTWNWyLNc_251223141258.jpg,,2026-05-09
realestatelab,Merida Yucatan homes for sale,299000.0,USD,3,5,Realestatelab.Mx,https://realestatelab.mx,https://cdn1.sunum.mx/RSLab/PROD_FILES/Listings/REL0273/Listing_281_1uEPVE80Jn5jNqI_251223111261.jpg,"TRIPLE+ (group 7, 155 agencies)",2026-05-09
realestatelab,Merida Yucatan homes for sale,422535.0,USD,3,0,Realestatelab.Mx,https://realestatelab.mx,https://cdn1.sunum.mx/RSLab/PROD_FILES/Listings/REL0272/Listing_280_4WKAtUURZoQRp9T_251218131268.jpg,"TRIPLE+ (group 7, 155 agencies)",2026-05-09
realestatelab,Merida Yucatan homes for sale,309859.0,USD,2,2,Realestatelab.Mx,https://realestatelab.mx,https://cdn1.sunum.mx/RSLab/PROD_FILES/Listings/REL0271/Listing_279_kxvREV4BLawydyp_251215141283.jpg,"TRIPLE+ (group 7, 155 agencies)",2026-05-09
realestatelab,Merida Yucatan homes for sale,550000.0,USD,3,3,Realestatelab.Mx,https://realestatelab.mx,https://cdn1.sunum.mx/RSLab/PROD_FILES/Listings/REL0185/Listing_193_XHOHsvzOs0T63Uq_251211161285.jpg,"TRIPLE+ (group 14, 7 agencies)",2026-05-09
realestatelab,Merida Yucatan homes for sale,360000.0,USD,2,5,Realestatelab.Mx,https://realestatelab.mx,https://cdn1.sunum.mx/RSLab/PROD_FILES/Listings/REL0270/Listing_278_6rHyqzvmwzbNGhY_251209081251.jpg,"TRIPLE+ (group 7, 155 agencies)",2026-05-09
realestatelab,Merida Yucatan homes for sale,154000.0,USD,2,5,Realestatelab.Mx,https://realestatelab.mx,https://cdn1.sunum.mx/RSLab/PROD_FILES/Listings/REL0268/Listing_276_A3XSXeUfOtNrHWF_251124141100.jpg,"TRIPLE+ (group 32, 22 agencies)",2026-05-09
realestatelab,Merida Yucatan homes for sale,382535.0,USD,2,5,Realestatelab.Mx,https://realestatelab.mx,https://cdn1.sunum.mx/RSLab/PROD_FILES/Listings/REL0267/Listing_275_zhmpvJWVmpIUlmL_251121121199.jpg,"TRIPLE+ (group 7, 155 agencies)",2026-05-09
realestatelab,Merida Yucatan homes for sale,463768.0,USD,3,5,Realestatelab.Mx,https://realestatelab.mx,https://cdn1.sunum.mx/RSLab/PROD_FILES/Listings/REL0128/Listing_129_buspGAa2b9GE5Ow_240508150564.jpg,"TRIPLE+ (group 7, 155 agencies)",2026-05-09
realestatelab,Merida Yucatan homes for sale,197183.0,USD,2,1,Realestatelab.Mx,https://realestatelab.mx,https://cdn1.sunum.mx/RSLab/PROD_FILES/Listings/REL264/Listing_272_wikosSKijB94iDx_251103131113.jpg,"TRIPLE+ (group 3, 7 agencies)",2026-05-09
realestatelab,Merida Yucatan homes for sale,873239.0,USD,4,4,Realestatelab.Mx,https://realestatelab.mx,https://cdn1.sunum.mx/RSLab/PROD_FILES/Listings/REL0266/Listing_274_HXO4ycfxR9C7Ejm_251115131141.jpg,,2026-05-09
realestatelab,Merida Yucatan homes for sale,271050.0,USD,2,2,Realestatelab.Mx,https://realestatelab.mx,https://cdn1.sunum.mx/RSLab/PROD_FILES/Listings/REL0263/Listing_271_BAQcYQO4bsicG3m_251103101156.jpg,"TRIPLE+ (group 7, 155 agencies)",2026-05-09
realestatelab,Merida Yucatan homes for sale,490000.0,USD,3,3,Realestatelab.Mx,https://realestatelab.mx,https://cdn1.sunum.mx/RSLab/PROD_FILES/Listings/REL0262/Listing_270_dJmAOGXuPMBqbR8_251027131081.jpg,"TRIPLE+ (group 7, 155 agencies)",2026-05-09
realestatelab,Merida Yucatan homes for sale,435000.0,USD,3,3,Realestatelab.Mx,https://realestatelab.mx,https://cdn1.sunum.mx/RSLab/PROD_FILES/Listings/REL0261/Listing_269_xzH0ivIJuVW0wUy_251022171013.jpg,"TRIPLE+ (group 7, 155 agencies)",2026-05-09
realestatelab,Merida Yucatan homes for sale,873239.0,USD,4,5,Realestatelab.Mx,https://realestatelab.mx,https://cdn1.sunum.mx/RSLab/PROD_FILES/Listings/REL0258/Listing_266_wR4iHm1nG5ZAPgG_251011191076.jpg,,2026-05-09
realestatelab,Merida Yucatan homes for sale,816901.0,USD,5,5,Realestatelab.Mx,https://realestatelab.mx,https://cdn1.sunum.mx/RSLab/PROD_FILES/Listings/REL0257/Listing_265_LPrPw6xlDhQhflm_251011171027.jpg,,2026-05-09
realestatelab,Merida Yucatan homes for sale,738028.0,USD,4,5,Realestatelab.Mx,https://realestatelab.mx,https://cdn1.sunum.mx/RSLab/PROD_FILES/Listings/REL0256/Listing_264_zM9OrSqVomH8NJr_251011161081.jpg,"TRIPLE+ (group 55, 6 agencies)",2026-05-09
realestatelab,Merida Yucatan homes for sale,265000.0,USD,3,5,Realestatelab.Mx,https://realestatelab.mx,https://cdn1.sunum.mx/RSLab/PROD_FILES/Listings/REL0254/Listing_262_bmYpufaezW7yiZ5_251004141089.jpg,"TRIPLE+ (group 7, 155 agencies)",2026-05-09
realestatelab,Merida Yucatan homes for sale,385000.0,USD,3,5,Realestatelab.Mx,https://realestatelab.mx,https://cdn1.sunum.mx/RSLab/PROD_FILES/Listings/REL0253/Listing_261_HhsIkT0wEbwIjkr_250924130926.jpg,"TRIPLE+ (group 7, 155 agencies)",2026-05-09
realestatelab,Merida Yucatan homes for sale,478309.0,USD,3,5,Realestatelab.Mx,https://realestatelab.mx,https://cdn1.sunum.mx/RSLab/PROD_FILES/Listings/REL0251/Listing_259_zlgfQUi76JCbhZQ_250903150963.jpg,"TRIPLE+ (group 7, 155 agencies)",2026-05-09
realestatelab,Merida Yucatan homes for sale,229000.0,USD,2,2,Realestatelab.Mx,https://realestatelab.mx,https://cdn1.sunum.mx/RSLab/PROD_FILES/Listings/REL0250/Listing_258_36s5xqFqxPkYC4m_250902090996.jpg,"TRIPLE+ (group 31, 8 agencies)",2026-05-09
realestatelab,Merida Yucatan homes for sale,84507.0,USD,0,0,Realestatelab.Mx,https://realestatelab.mx,https://cdn1.sunum.mx/RSLab/PROD_FILES/Listings/REL0249/Listing_257_LUPC6I6Z7FnzEmp_250831120821.jpg,,2026-05-09
realestatelab,Merida Yucatan homes for sale,155633.0,USD,0,0,Realestatelab.Mx,https://realestatelab.mx,https://cdn1.sunum.mx/RSLab/PROD_FILES/Listings/REL0248/Listing_256_7vq4L66rGuhXABm_250829080860.jpg,"TRIPLE+ (group 32, 22 agencies)",2026-05-09
realestatelab,Merida Yucatan homes for sale,422535.0,USD,2,5,Realestatelab.Mx,https://realestatelab.mx,https://cdn1.sunum.mx/RSLab/PROD_FILES/Listings/REL0247/Listing_255_9gjAqSEt4Tg4q1L_250824190835.jpg,"TRIPLE+ (group 7, 155 agencies)",2026-05-09
realestatelab,Merida Yucatan homes for sale,127000.0,USD,3,2,Realestatelab.Mx,https://realestatelab.mx,https://cdn1.sunum.mx/RSLab/PROD_FILES/Listings/REL0246/Listing_254_G1qCc8b6Uxm6wLf_250821170839.jpg,"TRIPLE+ (group 51, 5 agencies)",2026-05-09
realestatelab,Merida Yucatan homes for sale,839436.0,USD,6,2,Realestatelab.Mx,https://realestatelab.mx,https://cdn1.sunum.mx/RSLab/PROD_FILES/Listings/REL0239/Listing_247_ka4FDyqdnCcD1id_250807200804.jpg,,2026-05-09
realestatelab,Merida Yucatan homes for sale,146100.0,USD,2,1,Realestatelab.Mx,https://realestatelab.mx,https://cdn1.sunum.mx/RSLab/PROD_FILES/Listings/REL0244/Listing_252_HBrmjktprfq0qyq_250811150812.jpg,"TRIPLE+ (group 32, 22 agencies)",2026-05-09
realestatelab,Merida Yucatan homes for sale,168450.0,USD,0,0,Realestatelab.Mx,https://realestatelab.mx,https://cdn1.sunum.mx/RSLab/PROD_FILES/Listings/REL0243/Listing_251_ykISWcxdsEnlAjt_250818130824.jpg,"TRIPLE+ (group 17, 9 agencies)",2026-05-09
realestatelab,Merida Yucatan homes for sale,276056.0,USD,2,1,Realestatelab.Mx,https://realestatelab.mx,https://cdn1.sunum.mx/RSLab/PROD_FILES/Listings/REL0242/Listing_250_buUJ3mNOQHMfzZw_250812100812.jpg,"TRIPLE+ (group 7, 155 agencies)",2026-05-09
realestatelab,Merida Yucatan homes for sale,534647.0,USD,3,5,Realestatelab.Mx,https://realestatelab.mx,https://cdn1.sunum.mx/RSLab/PROD_FILES/Listings/REL0241/Listing_249_qXtlQpOcYDQNlci_250808190810.jpg,"TRIPLE+ (group 14, 7 agencies)",2026-05-09
realestatelab,Merida Yucatan homes for sale,995000.0,USD,7,5,Realestatelab.Mx,https://realestatelab.mx,https://cdn1.sunum.mx/RSLab/PROD_FILES/Listings/REL0237/Listing_245_PZxNayqhItG5Hyt_250807160814.jpg,,2026-05-09
realestatelab,Merida Yucatan homes for sale,498591.0,USD,2,2,Realestatelab.Mx,https://realestatelab.mx,https://cdn1.sunum.mx/RSLab/PROD_FILES/Listings/REL0238/Listing_246_r4YlGrds1bsCgKD_250807150809.jpg,"TRIPLE+ (group 7, 155 agencies)",2026-05-09
realestatelab,Merida Yucatan homes for sale,292957.0,USD,3,5,Realestatelab.Mx,https://realestatelab.mx,https://cdn1.sunum.mx/RSLab/PROD_FILES/Listings/REL0236/Listing_244_PyvI6qR8tvyA3T1_250802180833.jpg,"TRIPLE+ (group 7, 155 agencies)",2026-05-09
realestatelab,Merida Yucatan homes for sale,721126.0,USD,5,5,Realestatelab.Mx,https://realestatelab.mx,https://cdn1.sunum.mx/RSLab/PROD_FILES/Listings/REL0233/Listing_241_aTP87KsuNicgZS9_250718160707.jpg,,2026-05-09
realestatelab,Merida Yucatan homes for sale,154929.0,USD,2,2,Realestatelab.Mx,https://realestatelab.mx,https://cdn1.sunum.mx/RSLab/PROD_FILES/Listings/REL0234/Listing_242_cCOE8VtTdnkXRSl_250719150775.jpg,"TRIPLE+ (group 32, 22 agencies)",2026-05-09
realestatelab,Merida Yucatan homes for sale,215000.0,USD,2,3,Realestatelab.Mx,https://realestatelab.mx,https://cdn1.sunum.mx/RSLab/PROD_FILES/Listings/REL0103/Listing_104_xeIfIAaaSYRYhPI_240204120223.jpg,,2026-05-09
realestatelab,Merida Yucatan homes for sale,88394.0,USD,1,1,Realestatelab.Mx,https://realestatelab.mx,https://cdn1.sunum.mx/RSLab/PROD_FILES/Listings/REL0231/Listing_239_bPSc8wHrppDgJ8X_250711140766.jpg,,2026-05-09
realestatelab,Merida Yucatan homes for sale,436619.0,USD,5,5,Realestatelab.Mx,https://realestatelab.mx,https://cdn1.sunum.mx/RSLab/PROD_FILES/Listings/REL0229/Listing_237_ONExUecjZilIsDy_250620140661.jpg,"TRIPLE+ (group 7, 155 agencies)",2026-05-09
realestatelab,Merida Yucatan homes for sale,332394.0,USD,3,3,Realestatelab.Mx,https://realestatelab.mx,https://cdn1.sunum.mx/RSLab/PROD_FILES/Listings/REL0228/Listing_236_MCiR9pN8yyA1F1U_250804160841.jpg,"TRIPLE+ (group 7, 155 agencies)",2026-05-09
realestatelab,Merida Yucatan homes for sale,109859.0,USD,0,0,Realestatelab.Mx,https://realestatelab.mx,https://cdn1.sunum.mx/RSLab/PROD_FILES/Listings/REL0124/Listing_125_Y0xkOQ0jjGbTEo1_240325100326.jpg,DOUBLE (group 52),2026-05-09
realestatelab,Merida Yucatan homes for sale,1211267.0,USD,0,0,Realestatelab.Mx,https://realestatelab.mx,https://cdn1.sunum.mx/RSLab/PROD_FILES/Listings/REL0227/Listing_235_CRl8iHI5rrKYaIS_250613140649.jpg,DOUBLE (group 56),2026-05-09
realestatelab,Merida Yucatan homes for sale,595000.0,USD,3,4,Realestatelab.Mx,https://realestatelab.mx,https://cdn1.sunum.mx/RSLab/PROD_FILES/Listings/REL0226/Listing_234_BFikA1lbDAkHrHb_250602160642.jpg,"TRIPLE+ (group 24, 8 agencies)",2026-05-09
realestatelab,Merida Yucatan homes for sale,105845.0,USD,2,1,Realestatelab.Mx,https://realestatelab.mx,https://cdn1.sunum.mx/RSLab/PROD_FILES/Listings/REL0225/Listing_233_o2p0GJwkGPW1D9u_250519150592.jpg,,2026-05-09
realestatelab,Merida Yucatan homes for sale,428169.0,USD,2,5,Realestatelab.Mx,https://realestatelab.mx,https://cdn1.sunum.mx/RSLab/PROD_FILES/Listings/REL0000/Listing_232_vHzhd697hCAqc9j_250515150505.jpg,"TRIPLE+ (group 7, 155 agencies)",2026-05-09
realestatelab,Merida Yucatan homes for sale,127700.0,USD,2,1,Realestatelab.Mx,https://realestatelab.mx,https://cdn1.sunum.mx/RSLab/PROD_FILES/Listings/REL0223/Listing_231_QaPSKOO1mst3j6c_250515190558.jpg,"TRIPLE+ (group 51, 5 agencies)",2026-05-09
realestatelab,Merida Yucatan homes for sale,265000.0,USD,2,2,Realestatelab.Mx,https://realestatelab.mx,https://cdn1.sunum.mx/RSLab/PROD_FILES/Listings/REL0220/Listing_228_SrO5bkbY8enEOA2_250426120489.jpg,"TRIPLE+ (group 7, 155 agencies)",2026-05-09
realestatelab,Merida Yucatan homes for sale,95774.0,USD,0,0,Realestatelab.Mx,https://realestatelab.mx,https://cdn1.sunum.mx/RSLab/PROD_FILES/Listings/REL0219/Listing_227_3C3PbB5VgTNycfX_250407130461.jpg,,2026-05-09
realestatelab,Merida Yucatan homes for sale,214084.0,USD,3,2,Realestatelab.Mx,https://realestatelab.mx,https://cdn1.sunum.mx/RSLab/PROD_FILES/Listings/REL0217/Listing_225_48rO2UocvKKBdgJ_250402140403.jpg,"TRIPLE+ (group 7, 155 agencies)",2026-05-09
realestatelab,Merida Yucatan homes for sale,230000.0,USD,2,3,Realestatelab.Mx,https://realestatelab.mx,https://cdn1.sunum.mx/RSLab/PROD_FILES/Listings/REL0214/Listing_222_vhsYvHynygaYQch_250402090404.jpg,,2026-05-09
realestatelab,Merida Yucatan homes for sale,788732.0,USD,4,3,Realestatelab.Mx,https://realestatelab.mx,https://cdn1.sunum.mx/RSLab/PROD_FILES/Listings/REL0213/Listing_221_JVNAZ9gJ0eUTmQz_250402120426.jpg,"TRIPLE+ (group 55, 6 agencies)",2026-05-09
realestatelab,Merida Yucatan homes for sale,290000.0,USD,2,1,Realestatelab.Mx,https://realestatelab.mx,https://cdn1.sunum.mx/RSLab/PROD_FILES/Listings/REL0175/Listing_183_SS7gVO9XeUtRxvJ_241112151132.jpg,"TRIPLE+ (group 7, 155 agencies)",2026-05-09
realestatelab,Merida Yucatan homes for sale,224788.0,USD,2,2,Realestatelab.Mx,https://realestatelab.mx,https://cdn1.sunum.mx/RSLab/PROD_FILES/Listings/REL0212/Listing_220_JnJBGigBoGYRf8Z_251020151002.jpg,"TRIPLE+ (group 31, 8 agencies)",2026-05-09
realestatelab,Merida Yucatan homes for sale,394366.0,USD,2,5,Realestatelab.Mx,https://realestatelab.mx,https://cdn1.sunum.mx/RSLab/PROD_FILES/Listings/REL0211/Listing_219_k4rX0aHid4UTzNT_250324140389.jpg,"TRIPLE+ (group 7, 155 agencies)",2026-05-09
realestatelab,Merida Yucatan homes for sale,253521.0,USD,2,5,Realestatelab.Mx,https://realestatelab.mx,https://cdn1.sunum.mx/RSLab/PROD_FILES/Listings/REL0205/Listing_213_RIoxSxSdsMC4vGh_250312110351.jpg,"TRIPLE+ (group 7, 155 agencies)",2026-05-09
realestatelab,Merida Yucatan homes for sale,281126.0,USD,2,2,Realestatelab.Mx,https://realestatelab.mx,https://cdn1.sunum.mx/RSLab/PROD_FILES/Listings/REL0208/Listing_216_9kQWC8U7KRv6rLB_250318180380.jpg,,2026-05-09
realestatelab,Merida Yucatan homes for sale,301408.0,USD,3,3,Realestatelab.Mx,https://realestatelab.mx,https://cdn1.sunum.mx/RSLab/PROD_FILES/Listings/REL0203/Listing_211_VHu3I6GptsxUdmd_250228120298.jpg,"TRIPLE+ (group 7, 155 agencies)",2026-05-09
realestatelab,Merida Yucatan homes for sale,323887.0,USD,2,5,Realestatelab.Mx,https://realestatelab.mx,https://cdn1.sunum.mx/RSLab/PROD_FILES/Listings/REL0192/Listing_200_mX1gpGziaOTsnLc_250227140247.jpg,"TRIPLE+ (group 7, 155 agencies)",2026-05-09
realestatelab,Merida Yucatan homes for sale,315436.0,USD,2,5,Realestatelab.Mx,https://realestatelab.mx,https://cdn1.sunum.mx/RSLab/PROD_FILES/Listings/REL0191/Listing_199_lTLoQhKsBBcMuuP_250605140611.jpg,"TRIPLE+ (group 7, 155 agencies)",2026-05-09
realestatelab,Merida Yucatan homes for sale,455000.0,USD,2,2,Realestatelab.Mx,https://realestatelab.mx,https://cdn1.sunum.mx/RSLab/PROD_FILES/Listings/REL0202/Listing_210_NK2UOnrmcio4UAL_250220160278.jpg,"TRIPLE+ (group 7, 155 agencies)",2026-05-09
realestatelab,Merida Yucatan homes for sale,335284.0,USD,2,5,Realestatelab.Mx,https://realestatelab.mx,https://cdn1.sunum.mx/RSLab/PROD_FILES/Listings/REL0200/Listing_208_Kc0Y6GPc61NWxvh_250204140245.jpg,"TRIPLE+ (group 7, 155 agencies)",2026-05-09
realestatelab,Merida Yucatan homes for sale,175000.0,USD,2,2,Realestatelab.Mx,https://realestatelab.mx,https://cdn1.sunum.mx/RSLab/PROD_FILES/Listings/REL0201/Listing_209_xl9XBPJdzFUt9HZ_250214130230.jpg,"TRIPLE+ (group 17, 9 agencies)",2026-05-09
realestatelab,Merida Yucatan homes for sale,1000000.0,USD,4,5,Realestatelab.Mx,https://realestatelab.mx,https://cdn1.sunum.mx/RSLab/PROD_FILES/Listings/REL0199/Listing_207_zjayDfmKiUasyZv_250202100265.jpg,,2026-05-09
realestatelab,Merida Yucatan homes for sale,152900.0,USD,1,1,Realestatelab.Mx,https://realestatelab.mx,https://cdn1.sunum.mx/RSLab/PROD_FILES/Listings/REL0198/Listing_206_49FY9P1fk76khlC_250202090253.jpg,"TRIPLE+ (group 32, 22 agencies)",2026-05-09
realestatelab,Merida Yucatan homes for sale,1400000.0,USD,3,4,Realestatelab.Mx,https://realestatelab.mx,https://cdn1.sunum.mx/RSLab/PROD_FILES/Listings/REL0196/Listing_204_2mFxf5sMcE0bOnf_250201190206.jpg,,2026-05-09
realestatelab,Merida Yucatan homes for sale,330000.0,USD,4,5,Realestatelab.Mx,https://realestatelab.mx,https://cdn1.sunum.mx/RSLab/PROD_FILES/Listings/REL0061/Listing_45_arPHbLOjhV5Xfqe_260226150267.jpg,"TRIPLE+ (group 7, 155 agencies)",2026-05-09
realestatelab,Merida Yucatan homes for sale,704169.0,USD,4,5,Realestatelab.Mx,https://realestatelab.mx,https://cdn1.sunum.mx/RSLab/PROD_FILES/Listings/REL0183/Listing_191_NsMGIIZhpMaueNS_241130161199.jpg,"TRIPLE+ (group 55, 6 agencies)",2026-05-09
realestatelab,Merida Yucatan homes for sale,,USD,,,Realestatelab.Mx,https://realestatelab.mx,,"TRIPLE+ (group 27, 159 agencies)",2026-05-09
realestatelab,Merida Yucatan homes for sale,265000.0,USD,3,5,Realestatelab.Mx,https://realestatelab.mx,https://cdn1.sunum.mx/RSLab/PROD_FILES/Listings/REL0181/Listing_189_tzyyUbafpLvwpsw_241130121122.jpg,"TRIPLE+ (group 7, 155 agencies)",2026-05-09
realestatelab,Merida Yucatan homes for sale,319900.0,USD,3,5,Realestatelab.Mx,https://realestatelab.mx,https://cdn1.sunum.mx/RSLab/PROD_FILES/Listings/REL0180/Listing_188_ARnEr4G3sz8ptjE_241127181141.jpg,"TRIPLE+ (group 7, 155 agencies)",2026-05-09
realestatelab,Merida Yucatan homes for sale,143661.0,USD,2,1,Realestatelab.Mx,https://realestatelab.mx,https://cdn1.sunum.mx/RSLab/PROD_FILES/Listings/REL0177/Listing_185_xNas6UyFAX1YmHu_251017151049.jpg,"TRIPLE+ (group 32, 22 agencies)",2026-05-09
realestatelab,Merida Yucatan homes for sale,385000.0,USD,3,2,Realestatelab.Mx,https://realestatelab.mx,https://cdn1.sunum.mx/RSLab/PROD_FILES/Listings/REL0176/Listing_184_LgX9loqxIlEixIr_241112161100.jpg,"TRIPLE+ (group 7, 155 agencies)",2026-05-09
realestatelab,Merida Yucatan homes for sale,449000.0,USD,3,3,Realestatelab.Mx,https://realestatelab.mx,https://cdn1.sunum.mx/RSLab/PROD_FILES/Listings/REL0173/Listing_180_nLsE6ZpuPAbU4sx_251101171147.jpg,"TRIPLE+ (group 7, 155 agencies)",2026-05-09
realestatelab,Merida Yucatan homes for sale,214000.0,USD,3,2,Realestatelab.Mx,https://realestatelab.mx,https://cdn1.sunum.mx/RSLab/PROD_FILES/Listings/REL0169/Listing_177_cHxN7ZGHThe9IAt_241017201074.jpg,"TRIPLE+ (group 7, 155 agencies)",2026-05-09
realestatelab,Merida Yucatan homes for sale,495000.0,USD,3,4,Realestatelab.Mx,https://realestatelab.mx,https://cdn1.sunum.mx/RSLab/PROD_FILES/Listings/REL0167/Listing_175_8DRGhdfqqKSif7p_260225110204.jpg,"TRIPLE+ (group 7, 155 agencies)",2026-05-09
realestatelab,Merida Yucatan homes for sale,816901.0,USD,5,5,Realestatelab.Mx,https://realestatelab.mx,https://cdn1.sunum.mx/RSLab/PROD_FILES/Listings/REL0163/Listing_171_VrsBNT7ZQc8odni_260225110247.jpg,,2026-05-09
realestatelab,Merida Yucatan homes for sale,64788.0,USD,1,0,Realestatelab.Mx,https://realestatelab.mx,https://cdn1.sunum.mx/RSLab/PROD_FILES/Listings/REL0161/Listing_169_rA1VBftj0JhHMtc_240817140848.jpg,,2026-05-09
realestatelab,Merida Yucatan homes for sale,130434.0,USD,2,2,Realestatelab.Mx,https://realestatelab.mx,https://cdn1.sunum.mx/RSLab/PROD_FILES/Listings/REL0160/Listing_168_XPxMrJlCklYFzw3_260225110221.jpg,"TRIPLE+ (group 51, 5 agencies)",2026-05-09
realestatelab,Merida Yucatan homes for sale,237000.0,USD,2,2,Realestatelab.Mx,https://realestatelab.mx,https://cdn1.sunum.mx/RSLab/PROD_FILES/Listings/REL0157/Listing_165_me5wOmFpEAX0Olz_260225110282.jpg,"TRIPLE+ (group 31, 8 agencies)",2026-05-09
realestatelab,Merida Yucatan homes for sale,345000.0,USD,2,2,Realestatelab.Mx,https://realestatelab.mx,https://cdn1.sunum.mx/RSLab/PROD_FILES/Listings/REL0156/Listing_164_RWRM7XQ5K10ziHS_260225110244.jpg,"TRIPLE+ (group 7, 155 agencies)",2026-05-09
realestatelab,Merida Yucatan homes for sale,143695.0,USD,2,2,Realestatelab.Mx,https://realestatelab.mx,https://cdn1.sunum.mx/RSLab/PROD_FILES/Listings/REL0155/Listing_163_RyjmtUV1EP4OhLR_240807180864.jpg,"TRIPLE+ (group 32, 22 agencies)",2026-05-09
realestatelab,Merida Yucatan homes for sale,685000.0,USD,4,5,Realestatelab.Mx,https://realestatelab.mx,https://cdn1.sunum.mx/RSLab/PROD_FILES/Listings/REL0152/Listing_160_2tlYg0ZW8qdBybN_240802110869.jpg,"TRIPLE+ (group 55, 6 agencies)",2026-05-09
realestatelab,Merida Yucatan homes for sale,112394.0,USD,2,2,Realestatelab.Mx,https://realestatelab.mx,https://cdn1.sunum.mx/RSLab/PROD_FILES/Listings/REL0146/Listing_154_Ty6H1jaSt9hPFro_250529140546.jpeg,,2026-05-09
realestatelab,Merida Yucatan homes for sale,235000.0,USD,3,5,Realestatelab.Mx,https://realestatelab.mx,https://cdn1.sunum.mx/RSLab/PROD_FILES/Listings/REL0041/Listing_65_PfGPPvWX7JOFqjj_231231131265.jpg,"TRIPLE+ (group 7, 155 agencies)",2026-05-09
realestatelab,Merida Yucatan homes for sale,408450.0,USD,2,5,Realestatelab.Mx,https://realestatelab.mx,https://cdn1.sunum.mx/RSLab/PROD_FILES/Listings/REL0143/Listing_151_p80TLSq8kaW1wPg_240612200692.jpg,"TRIPLE+ (group 7, 155 agencies)",2026-05-09
realestatelab,Merida Yucatan homes for sale,445000.0,USD,2,3,Realestatelab.Mx,https://realestatelab.mx,https://cdn1.sunum.mx/RSLab/PROD_FILES/Listings/REL0140/Listing_148_RYPycgqjktVigGL_240604160678.jpg,,2026-05-09
realestatelab,Merida Yucatan homes for sale,140845.0,USD,5,3,Realestatelab.Mx,https://realestatelab.mx,https://cdn1.sunum.mx/RSLab/PROD_FILES/Listings/REL0139/Listing_147_crYYbVQ0fRPcvll_240803170836.jpg,"TRIPLE+ (group 32, 22 agencies)",2026-05-09
realestatelab,Merida Yucatan homes for sale,354366.0,USD,3,5,Realestatelab.Mx,https://realestatelab.mx,https://cdn1.sunum.mx/RSLab/PROD_FILES/Listings/REL0137/Listing_145_lQHnKufe1XR82jr_251017141061.jpg,"TRIPLE+ (group 7, 155 agencies)",2026-05-09
realestatelab,Merida Yucatan homes for sale,445070.0,USD,3,5,Realestatelab.Mx,https://realestatelab.mx,https://cdn1.sunum.mx/RSLab/PROD_FILES/Listings/REL0079/Listing_25_a4SoeJoPgSDadav_240525180531.jpg,"TRIPLE+ (group 7, 155 agencies)",2026-05-09
realestatelab,Merida Yucatan homes for sale,189054.0,USD,3,2,Realestatelab.Mx,https://realestatelab.mx,https://cdn1.sunum.mx/RSLab/PROD_FILES/Listings/REL0133/Listing_141_aWf1xhCXXxQVuCW_260226150207.jpg,"TRIPLE+ (group 3, 7 agencies)",2026-05-09
realestatelab,Merida Yucatan homes for sale,360000.0,USD,3,5,Realestatelab.Mx,https://realestatelab.mx,https://cdn1.sunum.mx/RSLab/PROD_FILES/Listings/REL0132/Listing_140_zCQEfBd8NB0yeON_251017131018.jpg,"TRIPLE+ (group 7, 155 agencies)",2026-05-09
realestatelab,Merida Yucatan homes for sale,179000.0,USD,2,2,Realestatelab.Mx,https://realestatelab.mx,https://cdn1.sunum.mx/RSLab/PROD_FILES/Listings/REL0130/Listing_131_IsUmXsiOjZIvwMB_240520160514.jpg,"TRIPLE+ (group 17, 9 agencies)",2026-05-09
realestatelab,Merida Yucatan homes for sale,230812.0,USD,3,5,Realestatelab.Mx,https://realestatelab.mx,https://cdn1.sunum.mx/RSLab/PROD_FILES/Listings/REL0126/Listing_127_eEt9ikFD6NkNICs_240408120401.jpg,"TRIPLE+ (group 7, 155 agencies)",2026-05-09
realestatelab,Merida Yucatan homes for sale,214084.0,USD,6,6,Realestatelab.Mx,https://realestatelab.mx,https://cdn1.sunum.mx/RSLab/PROD_FILES/Listings/REL0109/Listing_109_GFkauXYijUnCXQr_260226150229.jpg,,2026-05-09
realestatelab,Merida Yucatan homes for sale,383098.0,USD,2,5,Realestatelab.Mx,https://realestatelab.mx,https://cdn1.sunum.mx/RSLab/PROD_FILES/Listings/REL0108/Listing_110_EKSWTlG0yeRc67q_240210140226.jpg,"TRIPLE+ (group 7, 155 agencies)",2026-05-09
realestatelab,Merida Yucatan homes for sale,298000.0,USD,4,2,Realestatelab.Mx,https://realestatelab.mx,https://cdn1.sunum.mx/RSLab/PROD_FILES/Listings/REL0106/Listing_107_BNRrTFDcLqlsAF1_260225110242.jpg,"TRIPLE+ (group 7, 155 agencies)",2026-05-09
realestatelab,Merida Yucatan homes for sale,276056.0,USD,2,5,Realestatelab.Mx,https://realestatelab.mx,https://cdn1.sunum.mx/RSLab/PROD_FILES/Listings/REL0105/Listing_106_nSaAw2NHY91gYZl_250925130997.jpg,"TRIPLE+ (group 7, 155 agencies)",2026-05-09
realestatelab,Merida Yucatan homes for sale,450704.0,USD,2,2,Realestatelab.Mx,https://realestatelab.mx,https://cdn1.sunum.mx/RSLab/PROD_FILES/Listings/REL0104/Listing_105_fU1YxDRhYjpEs2t_260226150226.jpg,"TRIPLE+ (group 7, 155 agencies)",2026-05-09
realestatelab,Merida Yucatan homes for sale,375000.0,USD,3,3,Realestatelab.Mx,https://realestatelab.mx,https://cdn1.sunum.mx/RSLab/PROD_FILES/Listings/REL0102/Listing_103_hjF58wKG4goRWKy_240202060297.jpg,"TRIPLE+ (group 7, 155 agencies)",2026-05-09
realestatelab,Merida Yucatan homes for sale,259154.0,USD,3,2,Realestatelab.Mx,https://realestatelab.mx,https://cdn1.sunum.mx/RSLab/PROD_FILES/Listings/REL0090/Listing_14_P6a3vXlF2AlVzfQ_231228151261.jpg,"TRIPLE+ (group 7, 155 agencies)",2026-05-09
realestatelab,Merida Yucatan homes for sale,471000.0,USD,4,5,Realestatelab.Mx,https://realestatelab.mx,https://cdn1.sunum.mx/RSLab/PROD_FILES/Listings/REL0088/Listing_16_frh3VeiMQMZpHGx_231228151246.jpg,"TRIPLE+ (group 7, 155 agencies)",2026-05-09
realestatelab,Merida Yucatan homes for sale,219000.0,USD,2,2,Realestatelab.Mx,https://realestatelab.mx,https://cdn1.sunum.mx/RSLab/PROD_FILES/Listings/REL0084/Listing_20_T7IV5tIjNAAon8E_231228171270.jpg,"TRIPLE+ (group 31, 8 agencies)",2026-05-09
realestatelab,Merida Yucatan homes for sale,440000.0,USD,3,5,Realestatelab.Mx,https://realestatelab.mx,https://cdn1.sunum.mx/RSLab/PROD_FILES/Listings/REL0082/Listing_22_dT3H6nQEEcBwA6b_231228181296.jpg,"TRIPLE+ (group 7, 155 agencies)",2026-05-09
realestatelab,Merida Yucatan homes for sale,225352.0,USD,3,5,Realestatelab.Mx,https://realestatelab.mx,https://cdn1.sunum.mx/RSLab/PROD_FILES/Listings/REL0080/Listing_24_udfDQmYdTAcjfrL_231228191235.jpg,"TRIPLE+ (group 7, 155 agencies)",2026-05-09
realestatelab,Merida Yucatan homes for sale,339000.0,USD,3,5,Realestatelab.Mx,https://realestatelab.mx,https://cdn1.sunum.mx/RSLab/PROD_FILES/Listings/REL0077/Listing_27_orBTdA2YCISzgNW_231229131292.jpg,"TRIPLE+ (group 7, 155 agencies)",2026-05-09
realestatelab,Merida Yucatan homes for sale,339970.0,USD,4,3,Realestatelab.Mx,https://realestatelab.mx,https://cdn1.sunum.mx/RSLab/PROD_FILES/Listings/REL0075/Listing_29_ZK7HY2WWAHXv3BP_231229131219.jpg,"TRIPLE+ (group 7, 155 agencies)",2026-05-09
realestatelab,Merida Yucatan homes for sale,256901.0,USD,4,2,Realestatelab.Mx,https://realestatelab.mx,https://cdn1.sunum.mx/RSLab/PROD_FILES/Listings/REL0068/Listing_36_cKpVaW4i8TeD5j8_231230101255.jpg,"TRIPLE+ (group 7, 155 agencies)",2026-05-09
realestatelab,Merida Yucatan homes for sale,39380.0,USD,0,0,Realestatelab.Mx,https://realestatelab.mx,https://cdn1.sunum.mx/RSLab/PROD_FILES/Listings/REL0066/Listing_40_jfAqUbs6ZHVueMy_240817130821.jpg,,2026-05-09
meridacentro,Hacienda-Style Home | Chuminópolis,13900000.0,MXN,3,5,Hacienda Style Home Chuminopolis,https://meridacentrorealestate.com/property/hacienda-style-home-chuminopolis/,https://meridacentrorealestate.com/wp-content/uploads/2026/03/499713658_1239156374879399_2568104078710057992_n.jpg,,2026-05-09
meridacentro,Casa 64 - GORGEOUS ARTIST DESIGNED HOME,499000.0,USD,3,3,Casa 64 Gorgeous Artist Designed Home,https://meridacentrorealestate.com/property/casa-64-gorgeous-artist-designed-home/,https://meridacentrorealestate.com/wp-content/uploads/2025/07/WhatsApp-Image-2025-07-06-at-12.54.36-3.jpeg,DOUBLE (group 23),2026-05-09
meridacentro,Garcia Gineres Mansion,1950000.0,USD,5,6,Garcia Gineres Mansion 2,https://meridacentrorealestate.com/property/garcia-gineres-mansion-2/,https://meridacentrorealestate.com/wp-content/uploads/2025/12/WhatsApp-Image-2025-12-30-at-12.47.54.jpeg,,2026-05-09
meridacentro,Santa Ana Colonial Elegance,649000.0,USD,4,3,Santa Ana Colonial Elegance,https://meridacentrorealestate.com/property/santa-ana-colonial-elegance/,https://meridacentrorealestate.com/wp-content/uploads/2026/03/IMG_1403.jpg,DOUBLE (group 26),2026-05-09
meridacentro,OASIS DE SEBASTIAN,148000.0,USD,2,5,Oasis De Sebastian,https://meridacentrorealestate.com/property/oasis-de-sebastian/,https://meridacentrorealestate.com/wp-content/uploads/2023/11/IMG_0698-scaled.jpeg,,2026-05-09
meridacentro,Villa Simone for Rent,50000.0,MXN,3,3,Villa Simone For Rent,https://meridacentrorealestate.com/property/villa-simone-for-rent/,https://meridacentrorealestate.com/wp-content/uploads/2023/01/image00032-scaled.jpeg,,2026-05-09
meridacentro,Garcia Gineres Tropical Sanctuary,499000.0,USD,3,5,Garcia Gineres Tropical Sanctuary,https://meridacentrorealestate.com/property/garcia-gineres-tropical-sanctuary/,https://meridacentrorealestate.com/wp-content/uploads/2025/10/WhatsApp-Image-2025-10-17-at-6.11.13-PM-2.jpeg,,2026-05-09
meridacentro,CASITA POP | FOR RENT,,USD,2,5,Casita Pop For Rent,https://meridacentrorealestate.com/property/casita-pop-for-rent/,https://meridacentrorealestate.com/wp-content/uploads/2026/05/DDD4595-Mejorado-NR.jpg.jpg,,2026-05-09
meridacentro,CASA CARPINTERO,449000.0,USD,3,5,Casa Carpintero,https://meridacentrorealestate.com/property/casa-carpintero/,https://meridacentrorealestate.com/wp-content/uploads/2026/04/IMG_5708-1024x768.jpg,,2026-05-09
meridacentro,Casa de Oliver,495000.0,USD,4,3,Casa De Oliver,https://meridacentrorealestate.com/property/casa-de-oliver/,https://meridacentrorealestate.com/wp-content/uploads/2026/04/IMG_5890-1024x768.jpg,"TRIPLE+ (group 22, 3 agencies)",2026-05-09
meridacentro,CASA HERITAGE 247 | COLONIAL ICON,840000.0,USD,11,3,Casa Heritage 247 Colonial Icon,https://meridacentrorealestate.com/property/casa-heritage-247-colonial-icon/,https://meridacentrorealestate.com/wp-content/uploads/2026/03/IMG_3895.jpg,,2026-05-09
meridacentro,Spacious Art Deco Property Near Santiago,360000.0,USD,,,Spacious Art Deco Property Near Santiago,https://meridacentrorealestate.com/property/spacious-art-deco-property-near-santiago/,https://meridacentrorealestate.com/wp-content/uploads/2026/03/IMG_1098-1024x768.jpg,"TRIPLE+ (group 11, 3 agencies)",2026-05-09
meridacentro,Regal Colonial Gem in Santa Lucía,599000.0,USD,2,3,Regal Colonial Gem In Santa Lucia,https://meridacentrorealestate.com/property/regal-colonial-gem-in-santa-lucia/,https://meridacentrorealestate.com/wp-content/uploads/2026/03/IMG_2030-1024x768.jpg,,2026-05-09
meridacentro,Santa Ana Hidden Gem,378000.0,USD,2,5,Santa Ana Hidden Gem,https://meridacentrorealestate.com/property/santa-ana-hidden-gem/,https://meridacentrorealestate.com/wp-content/uploads/2026/03/01-150x110.jpg,,2026-05-09
meridacentro,CASA PAK’ÁAL - RENTA,35000.0,MXN,3,4,Casa Pakaal,https://meridacentrorealestate.com/property/casa-pakaal/,https://meridacentrorealestate.com/wp-content/uploads/2025/07/WhatsApp-Image-2025-07-25-at-11.04.24-1.jpeg,,2026-05-09
meridacentro,Casa Lino - Chem Bech Colonial - For Rent,32000.0,MXN,2,5,17352 2,https://meridacentrorealestate.com/property/17352-2/,https://meridacentrorealestate.com/wp-content/uploads/2024/03/ce66569e-9f13-4754-8186-bc226385db7d.jpg,,2026-05-09
meridacentro,"Luis Sosa, Author at Merida Centro Real Estate",449000.0,USD,,5,Sosakmposluishotmail Com,https://meridacentrorealestate.com/author/sosakmposluishotmail-com/,https://meridacentrorealestate.com/wp-content/uploads/2026/05/DDD4595-Mejorado-NR.jpg.jpg,"TRIPLE+ (group 7, 155 agencies)",2026-05-09
meridacentro,XIMENA | AZUL MONTEJO,12000.0,MXN,1,1,Ximena Azul Montejo,https://meridacentrorealestate.com/property/ximena-azul-montejo/,https://meridacentrorealestate.com/wp-content/uploads/2026/02/IMG_1706.jpg,,2026-05-09
meridacentro,DOMINIC | AZUL MONTEJO,12000.0,MXN,1,1,Dominic Azul Montejo,https://meridacentrorealestate.com/property/dominic-azul-montejo/,https://meridacentrorealestate.com/wp-content/uploads/2026/02/IMG_1706.jpg,,2026-05-09
meridacentro,Mézanin Boutique Studio with Terrace & Balcony | FOR RENT,12000.0,MXN,1,1,Mezanin Boutique Studio With Terrace Balcony For Rent,https://meridacentrorealestate.com/property/mezanin-boutique-studio-with-terrace-balcony-for-rent/,https://meridacentrorealestate.com/wp-content/uploads/2025/12/IMG_6008-scaled.jpg,,2026-05-09
meridacentro,STUNNING COLONIAL MÉRIDA | FOR RENT,,USD,4,5,Stunning Colonial Merida For Rent,https://meridacentrorealestate.com/property/stunning-colonial-merida-for-rent/,https://meridacentrorealestate.com/wp-content/uploads/2026/01/IMG_8543-2.jpg,,2026-05-09
meridacentro,Elegant Colonial property in Santa Ana,520000.0,USD,3,5,Elegant Colonial Property In Santa Ana,https://meridacentrorealestate.com/property/elegant-colonial-property-in-santa-ana/,https://meridacentrorealestate.com/wp-content/uploads/2025/10/WhatsApp-Image-2025-10-27-at-4.50.55-PM-3.jpeg,,2026-05-09
meridacentro,Casa 557,299000.0,USD,2,3,Casa 557,https://meridacentrorealestate.com/property/casa-557/,https://meridacentrorealestate.com/wp-content/uploads/2025/03/WhatsApp-Image-2025-07-31-at-1.04.11-PM.jpeg,,2026-05-09
meridacentro,Casa Dátil y Limón – En Renta,35000.0,USD,3,3,Casa Datil Y Limon En Renta,https://meridacentrorealestate.com/property/casa-datil-y-limon-en-renta/,https://meridacentrorealestate.com/wp-content/uploads/2025/07/WhatsApp-Image-2025-07-28-at-15.56.16-7.jpeg,,2026-05-09
meridacentro,Art Deco Mansion,599000.0,USD,4,4,Art Deco Mansion,https://meridacentrorealestate.com/property/art-deco-mansion/,https://meridacentrorealestate.com/wp-content/uploads/2026/02/IMG_0656.jpg,,2026-05-09
meridacentro,Casa Leana,489000.0,USD,3,5,Casa Leana,https://meridacentrorealestate.com/property/casa-leana/,https://meridacentrorealestate.com/wp-content/uploads/2026/02/IMG_0394.jpg,,2026-05-09
meridacentro,Amazing la Plancha Mansion,599000.0,USD,3,2,Amazing La Plancha Mansion,https://meridacentrorealestate.com/property/amazing-la-plancha-mansion/,https://meridacentrorealestate.com/wp-content/uploads/2025/11/IMG_5417.jpg,,2026-05-09
meridacentro,Huge Lot Near La Ermita,99000.0,USD,2,1,Huge Lot Near La Ermita,https://meridacentrorealestate.com/property/huge-lot-near-la-ermita/,https://q2qa68.a2cdn1.secureserver.net/wp-content/uploads/2019/09/IMG_7005.jpg?time=1667233532,,2026-05-09
meridacentro,Rural Paradise Near Campeche,98000.0,USD,,,Rural Paradise Near Campeche,https://meridacentrorealestate.com/property/rural-paradise-near-campeche/,https://meridacentrorealestate.com/wp-content/uploads/2025/09/WhatsApp-Image-2025-08-22-at-3.01.33-PM.jpg,,2026-05-09
meridacentro,Casa Tiburón,18000.0,USD,2,5,Sleek Calle 70 Rental House,https://meridacentrorealestate.com/property/sleek-calle-70-rental-house/,https://meridacentrorealestate.com/wp-content/uploads/2023/04/WhatsApp-Image-2023-04-11-at-11.01.31-AM.jpeg,,2026-05-09
meridacentro,GORGEOUS ARTIST DESIGNED HOME – FOR RENT,599000.0,USD,3,3,Gorgeous Artist Designed Home For Rent,https://meridacentrorealestate.com/property/gorgeous-artist-designed-home-for-rent/,https://meridacentrorealestate.com/wp-content/uploads/2025/05/WhatsApp-Image-2025-05-30-at-08.55.18-7.jpeg,,2026-05-09
meridacentro,Santiago Stunner Exclusive,329000.0,USD,2,3,Santiago Stunner Exclusive,https://meridacentrorealestate.com/property/santiago-stunner-exclusive/,https://meridacentrorealestate.com/wp-content/uploads/2022/03/8.jpg,,2026-05-09
yucatanlotsandhomes,Yucatan Homes and Lots Properties  –,129000.0,USD,3,3,?Ptype=Listings&Price=Low,https://www.yucatanlotsandhomes.com/property/?ptype=listings&price=low,https://www.yucatanlotsandhomes.com/wp-content/uploads/2025/05/IMG-20250503-WA0019-575x325.jpeg,"TRIPLE+ (group 57, 4 agencies)",2026-05-09
yucatanlotsandhomes,Yucatan Homes and Lots Properties  –,185000.0,USD,2,1,?Post Type=Property&Ptype=Beach&Price=Low,https://www.yucatanlotsandhomes.com/property/?post_type=property&ptype=beach&price=low,https://www.yucatanlotsandhomes.com/wp-content/uploads/2025/06/IMG-20241031-WA0021-482x325.jpeg,,2026-05-09
yucatanlotsandhomes,Yucatan Homes and Lots Properties  –,419000.0,MXN,3,5,?Post Type=Property&Ptype=Country Life&Price=Low,https://www.yucatanlotsandhomes.com/property/?post_type=property&ptype=country-life&price=low,https://www.yucatanlotsandhomes.com/wp-content/uploads/2025/06/IMG_20250602_121454625_HDR-575x325.jpeg,"TRIPLE+ (group 7, 155 agencies)",2026-05-09
yucatanlotsandhomes,Yucatan Homes and Lots Properties  –,129000.0,USD,3,3,?Post Type=Property&Ptype=City&Price=Low,https://www.yucatanlotsandhomes.com/property/?post_type=property&ptype=city&price=low,https://www.yucatanlotsandhomes.com/wp-content/uploads/2025/05/IMG-20250503-WA0019-575x325.jpeg,"TRIPLE+ (group 57, 4 agencies)",2026-05-09
yucatanlotsandhomes,Yucatan Homes and Lots Properties  –,,USD,,,?Post Type=Property&Ptype=Costa Maya&Price=Low,https://www.yucatanlotsandhomes.com/property/?post_type=property&ptype=costa-maya&price=low,,"TRIPLE+ (group 27, 159 agencies)",2026-05-09
yucatanlotsandhomes,Yucatan Homes and Lots Properties  –,129000.0,USD,3,3,?Post Type=Property&Ptype=Investment Property&Price=Low,https://www.yucatanlotsandhomes.com/property/?post_type=property&ptype=investment-property&price=low,https://www.yucatanlotsandhomes.com/wp-content/uploads/2025/05/IMG-20250503-WA0019-575x325.jpeg,"TRIPLE+ (group 57, 4 agencies)",2026-05-09
yucatanlotsandhomes,Yucatan Homes and Lots Properties  –,495000.0,USD,3,5,?Post Type=Property&Status=Sold,https://www.yucatanlotsandhomes.com/?post_type=property&status=Sold,https://www.yucatanlotsandhomes.com/wp-content/uploads/2024/04/1252-575x325.png,"TRIPLE+ (group 7, 155 agencies)",2026-05-09
yucatanlotsandhomes,Yucatan Homes and Lots Casa Bonita – Beachfront Living – YHL 7125 – Priced in Mexican Pesos  –,13500000.0,MXN,4,,Casa Bonita Yhl 7125,https://www.yucatanlotsandhomes.com/property/casa-bonita-yhl-7125/,https://www.yucatanlotsandhomes.com/wp-content/uploads/2025/05/IMG_20250507_141342261_HDR-480x440.jpeg,,2026-05-09
yucatanlotsandhomes,Yucatan Homes and Lots Art Deco Home Near Garcia Gineres- Historic Centro – YHL 1273  –,495000.0,USD,3,3,Art Deco Home In Centro Near Garcia Gineres Yhl 1273,https://www.yucatanlotsandhomes.com/property/art-deco-home-in-centro-near-garcia-gineres-yhl-1273/,https://www.yucatanlotsandhomes.com/wp-content/uploads/2025/07/IMG_20250705_114953752_HDR-640x440.jpeg,,2026-05-09
yucatanlotsandhomes,"Yucatan Homes and Lots Beachfront Condo for Sale in Chelem, Yucatán – Near Progreso – YHL 7113  –",285000.0,USD,2,2,Beachfront Condo Chelem Yhl 7113,https://www.yucatanlotsandhomes.com/property/beachfront-condo-chelem-yhl-7113/,https://www.yucatanlotsandhomes.com/wp-content/uploads/2024/06/IMG_20240620_1105561162-480x440.jpeg,,2026-05-09
yucatanlotsandhomes,"Yucatan Homes and Lots Historic Mansion for Sale in Garcia Gineres, Merida – YHL 3052  –",1950000.0,USD,,,Historic Mansion For Sale In Garcia Gineres Yhl 3052,https://www.yucatanlotsandhomes.com/property/historic-mansion-for-sale-in-garcia-gineres-yhl-3052/,https://www.yucatanlotsandhomes.com/wp-content/uploads/2023/01/Calle-23-202_01-880x440.jpg,,2026-05-09
yucatanlotsandhomes,Yucatan Homes and Lots EXCLUSIVE LISTING! Casa Turquesa,495000.0,USD,,,Casa Turquesa Merida Historic Centro Yhl 1283,https://www.yucatanlotsandhomes.com/property/casa-turquesa-merida-historic-centro-yhl-1283/,https://www.yucatanlotsandhomes.com/wp-content/uploads/2025/12/Calle-63-600_63-880x440.jpg,"TRIPLE+ (group 7, 155 agencies)",2026-05-09
yucatanlotsandhomes,Yucatan Homes and Lots EXCLUSIVE LISTING! Casa Santiago Colonial – Historic Centro – YHL 1281  –,749000.0,USD,4,5,Casa Santiago Colonial Historic Centro Yhl 1281,https://www.yucatanlotsandhomes.com/property/casa-santiago-colonial-historic-centro-yhl-1281/,https://www.yucatanlotsandhomes.com/wp-content/uploads/2025/11/MG_7892-1-880x440.jpeg,,2026-05-09
yucatanlotsandhomes,Yucatan Homes and Lots Easy Living in Garcia Gineres – Near Historic Centro – YHL 3065  –,595000.0,USD,,,Easy Living In Garcia Gineres Yhl 3065,https://www.yucatanlotsandhomes.com/property/easy-living-in-garcia-gineres-yhl-3065/,https://www.yucatanlotsandhomes.com/wp-content/uploads/2025/07/Calle-31-219_60-640x440.jpeg,,2026-05-09
yucatanlotsandhomes,Yucatan Homes and Lots Garcia Gineres Home – Near Historic Centro – YHL 3059  –,399000.0,USD,2,2,Garcia Gineres Home Yhl 3059,https://www.yucatanlotsandhomes.com/property/garcia-gineres-home-yhl-3059/,https://www.yucatanlotsandhomes.com/wp-content/uploads/2024/11/IMG_20241116_132052693_HDR2-640x440.jpeg,,2026-05-09
yucatanlotsandhomes,Yucatan Homes and Lots Coconut Palms Bungalows – Beachfront Living – YHL 7117  –,2800000.0,USD,,,Coconut Palms Bungalows Yhl7117,https://www.yucatanlotsandhomes.com/property/coconut-palms-bungalows-yhl7117/,https://www.yucatanlotsandhomes.com/wp-content/uploads/2024/09/CoconutPalmsBungalowForSale2-880x440.jpg,,2026-05-09
yucatanlotsandhomes,Yucatan Homes and Lots Casa Las Ruedas – YHL 1285 – Priced in Mexican Pesos  –,9300000.0,MXN,3,5,Merida Centro Colonial Home For Sale With Garden And Filtered Pool Historic Centro Yhl 1285,https://www.yucatanlotsandhomes.com/property/merida-centro-colonial-home-for-sale-with-garden-and-filtered-pool-historic-centro-yhl-1285/,https://www.yucatanlotsandhomes.com/wp-content/uploads/2025/12/fb5d2c49c7eb4c8f818de392413c750d-480x440.jpeg,,2026-05-09
yucatanlotsandhomes,Yucatan Homes and Lots Properties  –,9300000.0,MXN,3,5,?Post Type=Property&Status=Reduced,https://www.yucatanlotsandhomes.com/?post_type=property&status=Reduced,https://www.yucatanlotsandhomes.com/wp-content/uploads/2025/12/737f526ea4bb3ab0d27e4b2b158e31d4-575x325.jpeg,,2026-05-09
yucatanlotsandhomes,Yucatan Homes and Lots Properties  –,13500000.0,MXN,4,3,?Post Type=Property&Status=For%20Sale,https://www.yucatanlotsandhomes.com/?post_type=property&status=For%20Sale,https://www.yucatanlotsandhomes.com/wp-content/uploads/2025/05/IMG_20250507_135406271_HDR2-1-575x325.jpeg,,2026-05-09
yucatanlotsandhomes,Yucatan Homes and Lots El Mirador Flamingo – Beach Life – YHL 7135  –,389000.0,USD,,,El Mirador Flamingo Beach Life Yhl 7135,https://www.yucatanlotsandhomes.com/property/el-mirador-flamingo-beach-life-yhl-7135/,https://www.yucatanlotsandhomes.com/wp-content/uploads/2026/03/IMG_20260209_114401532_HDR-640x440.jpeg,,2026-05-09
yucatanlotsandhomes,Yucatan Homes and Lots Two-Story Loft Style Home – Historic Centro – YHL 1278  –,229000.0,USD,,,Two Story Loft Style Home Yhl 1278,https://www.yucatanlotsandhomes.com/property/two-story-loft-style-home-yhl-1278/,https://www.yucatanlotsandhomes.com/wp-content/uploads/2025/08/IMG_20250818_1124570692-640x440.jpeg,,2026-05-09
yucatanlotsandhomes,Yucatan Homes and Lots Casa Perfecta in Santiago – Historic Centro – YHL 1279  –,289000.0,USD,2,5,Casa Perfecta In Santiago Yhl 1279,https://www.yucatanlotsandhomes.com/property/casa-perfecta-in-santiago-yhl-1279/,https://www.yucatanlotsandhomes.com/wp-content/uploads/2025/09/IMG_20250915_110946894-480x440.jpeg,,2026-05-09
yucatanlotsandhomes,Yucatan Homes and Lots Beachfront House in San Crisanto with Guest Apartment – YHL 7133  –,829000.0,USD,3,5,Beachfront House In San Crisanto With Guest Apartment Yhl 7133,https://www.yucatanlotsandhomes.com/property/beachfront-house-in-san-crisanto-with-guest-apartment-yhl-7133/,https://www.yucatanlotsandhomes.com/wp-content/uploads/2026/01/IMG_0600-640x440.jpeg,,2026-05-09
yucatanlotsandhomes,Yucatan Homes and Lots Casa Deco Oasis,449000.0,USD,3,,Art Deco Home For Sale In Merida Centro With Pool Yhl 1288,https://www.yucatanlotsandhomes.com/property/art-deco-home-for-sale-in-merida-centro-with-pool-yhl-1288/,https://www.yucatanlotsandhomes.com/wp-content/uploads/2026/02/Calle-72-416G_68-640x440.jpeg,"TRIPLE+ (group 7, 155 agencies)",2026-05-09
yucatanlotsandhomes,Yucatan Homes and Lots Garcia Gineres Modern Home – YHL 3066  –,399000.0,USD,3,,Modern Home For Sale In Garcia Gineres Near Merida Centro Yhl 3066,https://www.yucatanlotsandhomes.com/property/modern-home-for-sale-in-garcia-gineres-near-merida-centro-yhl-3066/,https://www.yucatanlotsandhomes.com/wp-content/uploads/2026/02/Calle-35-515_32-880x440.jpg,,2026-05-09
yucatanlotsandhomes,Yucatan Homes and Lots Properties  –,419000.0,MXN,3,5,?Post Type=Property&Status=Under%20Contract,https://www.yucatanlotsandhomes.com/?post_type=property&status=Under%20Contract,https://www.yucatanlotsandhomes.com/wp-content/uploads/2025/06/IMG_20250602_121454625_HDR-575x325.jpeg,"TRIPLE+ (group 7, 155 agencies)",2026-05-09
yucatanlotsandhomes,Yucatan Homes and Lots Page not found  –,,USD,,,Second Row Beach Lots Yhl7095,https://www.yucatanlotsandhomes.com/property/second-row-beach-lots-yhl7095/,,"TRIPLE+ (group 27, 159 agencies)",2026-05-09
yucatanlotsandhomes,Yucatan Homes and Lots Page not found  –,,USD,,,Starter Beach Home Yhl7090,https://www.yucatanlotsandhomes.com/property/starter-beach-home-yhl7090/,,"TRIPLE+ (group 27, 159 agencies)",2026-05-09
yucatanlotsandhomes,Yucatan Homes and Lots Yury Di Pasquale  –,9300000.0,MXN,3,5,Tomswope,https://www.yucatanlotsandhomes.com/author/tomswope/,https://www.yucatanlotsandhomes.com/wp-content/uploads/2025/12/737f526ea4bb3ab0d27e4b2b158e31d4-575x325.jpeg,,2026-05-09
yucatanlotsandhomes,Yucatan Homes and Lots Yury Diana Di Pasquale  –,13500000.0,MXN,4,3,Yury,https://www.yucatanlotsandhomes.com/author/yury/,https://www.yucatanlotsandhomes.com/wp-content/uploads/2025/05/IMG_20250507_135406271_HDR2-1-575x325.jpeg,,2026-05-09
yucatanlotsandhomes,Yucatan Homes and Lots December  –  2015  –,,USD,,,Centro,https://www.yucatanlotsandhomes.com/2015/12/,,"TRIPLE+ (group 27, 159 agencies)",2026-05-09
yucatanlotsandhomes,Yucatan Homes and Lots Properties  –,13500000.0,MXN,4,3,?Post Type=Property&Status=For+Sale,https://www.yucatanlotsandhomes.com/?post_type=property&status=For+Sale,https://www.yucatanlotsandhomes.com/wp-content/uploads/2025/05/IMG_20250507_135406271_HDR2-1-575x325.jpeg,,2026-05-09
whitecity,Perfect for your home in the countryside! | White City Properties,10381.0,USD,,,4695,https://www.whitecityproperties.com/properties/4695,https://www.whitecityproperties.com/WCP/public/fotos-propiedades/_1778103599.jpeg,,2026-05-09
whitecity,Properties (For Rent) | White City Properties,265283.0,USD,5,2,Type For Rent,https://www.whitecityproperties.com/type-for-rent,https://www.whitecityproperties.com/WCP/public/fotos-propiedades/1374_1720991109.jpg,,2026-05-09
whitecity,Thoughtfully Restored Dzoyaxché Historic Property | White City Properties,259516.0,USD,,,31756,https://www.whitecityproperties.com/properties/31756,https://www.whitecityproperties.com/WCP/public/fotos-propiedades/propiedad-historica-en-dzoyaxche_1776110652.jpg,,2026-05-09
whitecity,Properties (For Sale) | White City Properties,90848.0,USD,3,,Type For Sale,https://www.whitecityproperties.com/type-for-sale,https://www.whitecityproperties.com/WCP/public/fotos-propiedades/duplica-el-valor-_1711925768.jpeg,,2026-05-09
whitecity,On the seashore | White City Properties,576701.0,USD,,,31758,https://www.whitecityproperties.com/properties/31758,https://www.whitecityproperties.com/WCP/public/fotos-propiedades/en-la-orilla-del-mar_1776378385.jpeg,,2026-05-09
whitecity,Apartment on the 2nd floor. Furnished with 2 bedrooms | White City Properties,15000.0,MXN,2,,1481,https://www.whitecityproperties.com/properties/1481,https://www.whitecityproperties.com/WCP/public/fotos-propiedades/amueblado-de-2-dormitorios_1778021474.jpeg,,2026-05-09
whitecity,House Type Mode I | White City Properties,534828.0,USD,3,5,31457,https://www.whitecityproperties.com/properties/31457,https://www.whitecityproperties.com/WCP/public/fotos-propiedades/tipo-de-casa-modelo-i_1711407790.jpg,,2026-05-09
whitecity,Temozon Master Piece | White City Properties,400807.0,USD,,,31649,https://www.whitecityproperties.com/properties/31649,https://www.whitecityproperties.com/WCP/public/fotos-propiedades/obra-maestra-de-temozon_1708470323.jpeg,"TRIPLE+ (group 7, 155 agencies)",2026-05-09
whitecity,With garage near the Mercado Chembech | White City Properties,230681.0,USD,4,1,31747,https://www.whitecityproperties.com/properties/31747,https://www.whitecityproperties.com/WCP/public/fotos-propiedades/con-garage-cerca-del-chembech_1770147350.JPG,,2026-05-09
whitecity,. | White City Properties,175894.0,USD,,,31721,https://www.whitecityproperties.com/properties/31721,https://www.whitecityproperties.com/WCP/public/fotos-propiedades/casa-funcional_1749145267.jpeg,,2026-05-09
whitecity,Villa Mexicana Soliman Bay | White City Properties,2421003.0,USD,3,5,31380,https://www.whitecityproperties.com/properties/31380,https://www.whitecityproperties.com/WCP/public/fotos-propiedades/villa-mexicana-bahia-de-soliman_1711403046.jpg,"TRIPLE+ (group 38, 3 agencies)",2026-05-09
whitecity,Santillana del Mar lot B-20 | White City Properties,147059.0,USD,,,4523,https://www.whitecityproperties.com/properties/4523,https://www.whitecityproperties.com/WCP/public/fotos-propiedades/4523_1720297233.jpg,,2026-05-09
whitecity,Good Investment | White City Properties,2752993.0,USD,,,4605,https://www.whitecityproperties.com/properties/4605,https://www.whitecityproperties.com/WCP/public/fotos-propiedades/4605_1719857718.jpg,,2026-05-09
whitecity,Brand New House in Conkal | White City Properties,265283.0,USD,1,,31632,https://www.whitecityproperties.com/properties/31632,https://www.whitecityproperties.com/WCP/public/fotos-propiedades/casa-nueva-en-privada_1708473541.jpg,,2026-05-09
whitecity,Newly renovated house in La Ermita | White City Properties,467128.0,USD,,,31640,https://www.whitecityproperties.com/properties/31640,https://www.whitecityproperties.com/WCP/public/fotos-propiedades/renovada-en-la-ermita_1708471695.jpg,"TRIPLE+ (group 40, 3 agencies)",2026-05-09
whitecity,Buy Your Property in Paradise | White City Properties,120253.0,USD,,,4693,https://www.whitecityproperties.com/properties/4693,https://www.whitecityproperties.com/WCP/public/fotos-propiedades/buy-your-property-in-paradise_1775592283.jpg,,2026-05-09
whitecity,Beach Lot for Sale in Yucatán | Near Chelem & Chuburná | White City Properties,144175.0,USD,,,4687,https://www.whitecityproperties.com/properties/4687,https://www.whitecityproperties.com/WCP/public/fotos-propiedades/oportunidad-de-inversion-propiedad-entre-chelem-y-chuburna_1764631045.jpeg,,2026-05-09
whitecity,Classic Conversion | White City Properties,322953.0,USD,,,31732,https://www.whitecityproperties.com/properties/31732,https://www.whitecityproperties.com/WCP/public/fotos-propiedades/calle-71_1759441218.jpeg,"TRIPLE+ (group 35, 6 agencies)",2026-05-09
whitecity,Apartments in Dizitya surrounded by Nature | White City Properties,106689.0,USD,2,,7135,https://www.whitecityproperties.com/properties/7135,https://www.whitecityproperties.com/WCP/public/fotos-propiedades/apartamentos-en-dizitya-rodeados-de-vegetacion_1751311391.jpg,,2026-05-09
whitecity,Spacious Interior | White City Properties,167243.0,USD,,,31344,https://www.whitecityproperties.com/properties/31344,https://www.whitecityproperties.com/WCP/public/fotos-propiedades/interior-espacioso_1711836762.jpeg,"TRIPLE+ (group 34, 3 agencies)",2026-05-09
whitecity,Mexican Quinta Caucel | White City Properties,432526.0,USD,,,6093,https://www.whitecityproperties.com/properties/6093,https://www.whitecityproperties.com/WCP/public/fotos-propiedades/quinta-mexicana-caucel_1710458891.jpeg,"TRIPLE+ (group 7, 155 agencies)",2026-05-09
whitecity,Santillana del Mar lot B-26 | White City Properties,100923.0,USD,,,4524,https://www.whitecityproperties.com/properties/4524,https://www.whitecityproperties.com/WCP/public/fotos-propiedades/4524_1720295899.jpg,DOUBLE (group 16),2026-05-09
whitecity,Heart of San Crisanto | White City Properties,576701.0,USD,,,4636,https://www.whitecityproperties.com/properties/4636,https://www.whitecityproperties.com/WCP/public/fotos-propiedades/4636_1719612928.jpg,,2026-05-09
whitecity,Furnished Casita in Santa Ana | White City Properties,,USD,1,2,1424,https://www.whitecityproperties.com/properties/1424,https://www.whitecityproperties.com/WCP/public/fotos-propiedades/1424_1737759548_1.jpeg,"TRIPLE+ (group 27, 159 agencies)",2026-05-09
whitecity,Modern Twist | White City Properties,576701.0,USD,,,31614,https://www.whitecityproperties.com/properties/31614,https://www.whitecityproperties.com/WCP/public/fotos-propiedades/toque-moderno_1708475972.jpg,,2026-05-09
whitecity,White City Properties | Bienvenido,3000000.0,USD,,,Www.Whitecityproperties.Com,https://www.whitecityproperties.com,https://www.whitecityproperties.com/WCP/public/fotos-propiedades/en-la-orilla-del-mar_1776378385.jpeg,,2026-05-09
whitecity,Double the Value!! | White City Properties,90848.0,USD,,,31284,https://www.whitecityproperties.com/properties/31284,https://www.whitecityproperties.com/WCP/public/fotos-propiedades/duplica-el-valor-_1711925768.jpeg,,2026-05-09
whitecity,Super Sized 5 Bedrooms! | White City Properties,,USD,5,,1447,https://www.whitecityproperties.com/properties/1447,https://www.whitecityproperties.com/WCP/public/fotos-propiedades/_1730911772.jpeg,,2026-05-09
whitecity,Behind the Blue Door! | White City Properties,171488.0,USD,,,31279,https://www.whitecityproperties.com/properties/31279,https://www.whitecityproperties.com/WCP/public/fotos-propiedades/detras-de-la-puerta-azul_1711931587.jpg,,2026-05-09
whitecity,Two for One! | White City Properties,374856.0,USD,,,31592,https://www.whitecityproperties.com/properties/31592,https://www.whitecityproperties.com/WCP/public/fotos-propiedades/-dos-por-uno-_1710807369.jpg,"TRIPLE+ (group 18, 6 agencies)",2026-05-09
whitecity,"** Rented ** Classical Grandeur in Alcalá Martín, House for Rent | White City Properties",,USD,5,5,2106,https://www.whitecityproperties.com/properties/2106,"https://www.whitecityproperties.com/WCP/public/fotos-propiedades/---rentada----grandeza-clasica-alcala,-casa-en-renta-centro_1708558123.jpg",,2026-05-09
whitecity,Two for One! | White City Properties,403691.0,USD,,,31621,https://www.whitecityproperties.com/properties/31621,https://www.whitecityproperties.com/WCP/public/fotos-propiedades/-dos-por-uno-_1708475150.jpeg,"TRIPLE+ (group 7, 155 agencies)",2026-05-09
whitecity,Casa Sac Be | White City Properties,680508.0,USD,,,6108,https://www.whitecityproperties.com/properties/6108,https://www.whitecityproperties.com/WCP/public/fotos-propiedades/casa-sab-be_1776702547.jpeg,"TRIPLE+ (group 36, 5 agencies)",2026-05-09
whitecity,Sweet Santiago! | White City Properties,576701.0,USD,,,31470,https://www.whitecityproperties.com/properties/31470,https://www.whitecityproperties.com/WCP/public/fotos-propiedades/dulce-santiago_1711394374.jpg,,2026-05-09
whitecity,. | White City Properties,,USD,,,1480,https://www.whitecityproperties.com/properties/1480,https://www.whitecityproperties.com/WCP/public/fotos-propiedades/renta-perfecta-en-santa-ana_1776191683.jpeg,,2026-05-09
whitecity,** Rented ** Beautiful House with Pool in Paseo Country | White City Properties,18000.0,MXN,2,,1417,https://www.whitecityproperties.com/properties/1417,https://www.whitecityproperties.com/WCP/public/fotos-propiedades/---rentada----hermosa-casa-con-piscina-en-paseo-country_1708645659.jpeg,,2026-05-09
whitecity,** Rented** Cantina Dream | White City Properties,,USD,,,2091,https://www.whitecityproperties.com/properties/2091,https://www.whitecityproperties.com/WCP/public/fotos-propiedades/2091_1719333404.jpeg,"TRIPLE+ (group 27, 159 agencies)",2026-05-09
whitecity,Location Can't be Better! | White City Properties,428959.0,USD,,,31681,https://www.whitecityproperties.com/properties/31681,https://www.whitecityproperties.com/WCP/public/fotos-propiedades/31681_1726595466.jpg,"TRIPLE+ (group 7, 155 agencies)",2026-05-09
whitecity,Holidays in front of the Sea | White City Properties,40000.0,MXN,4,,1451,https://www.whitecityproperties.com/properties/1451,https://www.whitecityproperties.com/WCP/public/fotos-propiedades/acogedora-frente-al-mar_1731355497.jpeg,,2026-05-09
whitecity,** Rented ** Living in Merida Centro | White City Properties,,USD,,,1411,https://www.whitecityproperties.com/properties/1411,https://www.whitecityproperties.com/WCP/public/fotos-propiedades/---rentada----vivir-en-merida-centro_1708646510.jpg,,2026-05-09
whitecity,Steps to the Sand! | White City Properties,369089.0,USD,,,31654,https://www.whitecityproperties.com/properties/31654,https://www.whitecityproperties.com/WCP/public/fotos-propiedades/-_1710974904.jpeg,"TRIPLE+ (group 18, 6 agencies)",2026-05-09
whitecity,Three Bedroom Conkal Rental with Solar Panels | White City Properties,,USD,,,1443,https://www.whitecityproperties.com/properties/1443,https://www.whitecityproperties.com/WCP/public/fotos-propiedades/alquiler-de-conkal-de-tres-dormitorios-con-paneles-solares_1725729046.jpg,,2026-05-09
whitecity,House for rent in Golf Club | White City Properties,80000.0,MXN,,,1399,https://www.whitecityproperties.com/properties/1399,https://www.whitecityproperties.com/WCP/public/fotos-propiedades/1399_1720991590.jpg,,2026-05-09
whitecity,4 Bedroom Furnished House in Gran Santa Fe | White City Properties,48000.0,MXN,4,,1467,https://www.whitecityproperties.com/properties/1467,https://www.whitecityproperties.com/WCP/public/fotos-propiedades/amueblada-de-4-recamaras-en-gran-santa-fe_1756843219.jpeg,,2026-05-09
whitecity,Furnished apartment near the Convention Center S. XXI | White City Properties,,USD,1,1,1440,https://www.whitecityproperties.com/properties/1440,https://www.whitecityproperties.com/WCP/public/fotos-propiedades/amueblado-cerca-del-siglo-xxi_1724098059.jpeg,,2026-05-09
whitecity,Furnished with 2 Bedrooms and 2 bathrooms | White City Properties,16000.0,MXN,2,2,1471,https://www.whitecityproperties.com/properties/1471,https://www.whitecityproperties.com/WCP/public/fotos-propiedades/_1762369092.jpeg,,2026-05-09
whitecity,Typical old house! | White City Properties,222030.0,USD,,,31694,https://www.whitecityproperties.com/properties/31694,https://www.whitecityproperties.com/WCP/public/fotos-propiedades/_1734111456.jpeg,"TRIPLE+ (group 39, 3 agencies)",2026-05-09
whitecity,Arboledas Cd. Caucel | White City Properties,,USD,,,1459,https://www.whitecityproperties.com/properties/1459,https://www.whitecityproperties.com/WCP/public/fotos-propiedades/arboledas-cd-caucel_1742929859.jpeg,,2026-05-09
whitecity,Have it ALL! | White City Properties,336995.0,USD,,,31684,https://www.whitecityproperties.com/properties/31684,https://www.whitecityproperties.com/WCP/public/fotos-propiedades/31684_1726596054.jpeg,"TRIPLE+ (group 35, 6 agencies)",2026-05-09
whitecity,Multipurpose Cellar in Col.Obrera | White City Properties,,USD,,,2109,https://www.whitecityproperties.com/properties/2109,https://www.whitecityproperties.com/WCP/public/fotos-propiedades/bodega-multiusos-en-la-col--obrera_1708557818.jpg,,2026-05-09
whitecity,2 Bedroom Furnished Apartment in Xcumpich | White City Properties,,USD,2,,1431,https://www.whitecityproperties.com/properties/1431,https://www.whitecityproperties.com/WCP/public/fotos-propiedades/amueblado-de-2-habitaciones-en-xcumpich-1431_1710990914.jpeg,,2026-05-09
whitecity,Beautiful house with 3 Bedrooms | White City Properties,12000.0,MXN,3,,1435,https://www.whitecityproperties.com/properties/1435,https://www.whitecityproperties.com/WCP/public/fotos-propiedades/bonita-de-3-habitaciones_1715037964.jpeg,,2026-05-09
whitecity,"Pretty, Comfortable and Cozy | White City Properties",32000.0,MXN,4,5,1436,https://www.whitecityproperties.com/properties/1436,https://www.whitecityproperties.com/WCP/public/fotos-propiedades/bonita-comoda-y-acogedora_1717096542.jpeg,,2026-05-09
whitecity,Bring your boat! | White City Properties,128316.0,USD,,,7134,https://www.whitecityproperties.com/properties/7134,https://www.whitecityproperties.com/WCP/public/fotos-propiedades/_1750461866.jpeg,"TRIPLE+ (group 57, 4 agencies)",2026-05-09
whitecity,Tropical Views! | White City Properties,259516.0,USD,3,5,31625,https://www.whitecityproperties.com/properties/31625,https://www.whitecityproperties.com/WCP/public/fotos-propiedades/-vistas-tropicales-_1708474466.jpeg,,2026-05-09
whitecity,"Brisa, Sol y Mar, Chicxulub | White City Properties",36000.0,MXN,2,,1410,https://www.whitecityproperties.com/properties/1410,"https://www.whitecityproperties.com/WCP/public/fotos-propiedades/brisa,-sol-y-mar,-chicxulub_1708646706.jpg",,2026-05-09
whitecity,"""Country House in Ticul"" | White City Properties",374856.0,USD,1,2,6100,https://www.whitecityproperties.com/properties/6100,https://www.whitecityproperties.com/WCP/public/fotos-propiedades/-magnifica-quinta-campestre-en-ticul-_1708640083.jpeg,,2026-05-09
whitecity,1 Hectare in Tixkuncheil | White City Properties,37486.0,USD,,,4557,https://www.whitecityproperties.com/properties/4557,https://www.whitecityproperties.com/WCP/public/fotos-propiedades/4557_1720286077.jpg,,2026-05-09
whitecity,Casa Cielo | White City Properties,,USD,,,1334,https://www.whitecityproperties.com/properties/1334,https://www.whitecityproperties.com/WCP/public/fotos-propiedades/1334_1719616185.jpg,"TRIPLE+ (group 27, 159 agencies)",2026-05-09
whitecity,1 Hectare in Dzityá | White City Properties,865052.0,USD,,,4668,https://www.whitecityproperties.com/properties/4668,https://www.whitecityproperties.com/WCP/public/fotos-propiedades/1-hectarea-en-dzitya_1757459356.jpeg,,2026-05-09
whitecity,Beautiful Colonial House In Santiago | White City Properties,,USD,2,,1418,https://www.whitecityproperties.com/properties/1418,https://www.whitecityproperties.com/WCP/public/fotos-propiedades/1418_1721416061.jpeg,"TRIPLE+ (group 27, 159 agencies)",2026-05-09
whitecity,14.8 Hectares in Valladolid | White City Properties,2571003.0,USD,,,4664,https://www.whitecityproperties.com/properties/4664,https://www.whitecityproperties.com/WCP/public/fotos-propiedades/148-hectareas-en-valladolid_1747090081.jpg,,2026-05-09
whitecity,10 meters in front of the emerald Coast. | White City Properties,66321.0,USD,,,4689,https://www.whitecityproperties.com/properties/4689,https://www.whitecityproperties.com/WCP/public/fotos-propiedades/_1765320637.jpeg,,2026-05-09
whitecity,House with Pool in Montecristo | White City Properties,45000.0,MXN,3,,1386,https://www.whitecityproperties.com/properties/1386,https://www.whitecityproperties.com/WCP/public/fotos-propiedades/1386_1720991393_14.jpeg,,2026-05-09
whitecity,"Casa Corazón, Centro Merida | White City Properties",,USD,3,5,1407,https://www.whitecityproperties.com/properties/1407,https://www.whitecityproperties.com/WCP/public/fotos-propiedades/1407_1718645081.jpeg,"TRIPLE+ (group 27, 159 agencies)",2026-05-09
whitecity,"Land in 2nd row, Chicxulub | White City Properties",551269.0,USD,,,4671,https://www.whitecityproperties.com/properties/4671,https://www.whitecityproperties.com/WCP/public/fotos-propiedades/2a-fila-en-chicxulub_1759003477.jpeg,,2026-05-09
whitecity,2.84 Ha. in Xcuyum | White City Properties,986159.0,USD,,,4660,https://www.whitecityproperties.com/properties/4660,https://www.whitecityproperties.com/WCP/public/fotos-propiedades/284-ha-en-xcuyum_1737571823.jpeg,DOUBLE (group 33),2026-05-09
whitecity,House for Rent in Centro | White City Properties,,USD,,,1338,https://www.whitecityproperties.com/properties/1338,https://www.whitecityproperties.com/WCP/public/fotos-propiedades/1338_1720990679.jpg,"TRIPLE+ (group 27, 159 agencies)",2026-05-09
tierrayucatan,400m2 Land on the Mérida–Chicxulub Highway | Growing Capital Gains,31700,USD,,,,https://www.tierrayucatan.com/details/en/006380,https://www.tierrayucatan.com/photos/006380/thumbs/6f5cbc0cc8c975195e661f8385a88322.jpg,,2026-05-19
tierrayucatan,tepakan land,50284,USD,,,,https://www.tierrayucatan.com/details/en/006439,https://www.tierrayucatan.com/photos/006439/thumbs/a83c1ff69d78c77fbb30cf84ef11da11.jpeg,,2026-05-19
tierrayucatan,Secure Your Peaceful Future: Lot in Expat Community in Izamal,55000,USD,,,,https://www.tierrayucatan.com/details/en/006352,https://www.tierrayucatan.com/photos/006352/thumbs/38c3ea4c9f6d786f836f91d0e96de157.jpg,,2026-05-19
tierrayucatan,Lots of Land near the beach in Chicxulub!,70000,USD,,,,https://www.tierrayucatan.com/details/en/006271,https://www.tierrayucatan.com/photos/006271/thumbs/f28babc34e29212a62cb9e57f680cdd4.jpg,,2026-05-19
tierrayucatan,Country Home Half way Between Merida and The Beach!,75000,USD,,,,https://www.tierrayucatan.com/details/en/006093,https://www.tierrayucatan.com/photos/006093/thumbs/5bb72da485fc7dc2d503ada21559c43a.jpg,,2026-05-19
tierrayucatan,BUILD YOUR HOUSE TO YOUR TASTE IN SOLUNA,75000,USD,,,,https://www.tierrayucatan.com/details/en/006275,https://www.tierrayucatan.com/photos/006275/thumbs/85823ef75a1f988866fc8e793b0b0d19.jpg,,2026-05-19
tierrayucatan,"Land for sale near Valladolid: 52,800 m²",80000,USD,,,,https://www.tierrayucatan.com/details/en/006202,https://www.tierrayucatan.com/photos/006202/thumbs/757b55ffadcf91ea5ed31e565ae3c187.jpg,,2026-05-19
tierrayucatan,"PIARO, LIVES 10 MINUTES FROM PROGRESO",81250,USD,,,,https://www.tierrayucatan.com/details/en/006317,https://www.tierrayucatan.com/photos/006317/thumbs/217a4be00689a0511282e3897b2ba73e.jpg,,2026-05-19
tierrayucatan,"CEIBA II LAND, 5 MINUTES FROM ANAHUAC, SURROUNDED BY NATURE, 15 MINUTES FROM THE BEACH AND MERIDA",88000,USD,,,,https://www.tierrayucatan.com/details/en/006423,https://www.tierrayucatan.com/photos/006423/thumbs/93d95ca6f7e51a7a10f221457897fd12.jpeg,,2026-05-19
tierrayucatan,Lot near Izamal main plaza,89000,USD,,,,https://www.tierrayucatan.com/details/en/006331,https://www.tierrayucatan.com/photos/006331/thumbs/7c16e71c8641af2e9ef69b2516cdda82.jpg,,2026-05-19
tierrayucatan,Beautiful apartments within the city center in the Chuburna neighborhood,90250,USD,,,,https://www.tierrayucatan.com/details/en/006313,https://www.tierrayucatan.com/photos/006313/thumbs/66ecbb1f11dff7797653dec3a15edf75.png,,2026-05-19
tierrayucatan,"Open residential land 1,000 m² San Luis Cholul",92000,USD,,,,https://www.tierrayucatan.com/details/en/006242,https://www.tierrayucatan.com/photos/006242/thumbs/c6bb8c4431220d507fa0ec406a967b3c.png,,2026-05-19
tierrayucatan,"Now Updated with New Kitchen and Bath-The Village Store, Tepakan",94500,USD,,,,https://www.tierrayucatan.com/details/en/006151,https://www.tierrayucatan.com/photos/006151/thumbs/ef3ecc638cdb80ed71e42703599954b5.jpeg,,2026-05-19
tierrayucatan,"Must Sell - Make Offer! Huge Lot with Construction, Cacalchen",95000,USD,,,,https://www.tierrayucatan.com/details/en/005430,https://www.tierrayucatan.com/photos/005430/thumbs/bc21e85b4f47278ba8b2d385deb38008.jpg,,2026-05-19
tierrayucatan,"Tepakan, Historic Old Home on the Center Park. Big Lot!",98500,USD,,,,https://www.tierrayucatan.com/details/en/006036,https://www.tierrayucatan.com/photos/006036/thumbs/792de5418cbccb726ed8069d964e3169.jpg,,2026-05-19
tierrayucatan,Colonial house in Centro with authorized project by the INAH!,99000,USD,,,,https://www.tierrayucatan.com/details/en/006332,https://www.tierrayucatan.com/photos/006332/thumbs/1b5aeef734558427de5a1ac7ba5d7017.jpg,,2026-05-19
tierrayucatan,"Hacienda Kikteil: History that Lives, Space that Feels",106134,USD,,,,https://www.tierrayucatan.com/details/en/006347,https://www.tierrayucatan.com/photos/006347/thumbs/9a37b14ef32c39796abacff6b562f121.jpg,,2026-05-19
tierrayucatan,Large plot of land in Conkal,110000,USD,,,,https://www.tierrayucatan.com/details/en/006251,https://www.tierrayucatan.com/photos/006251/thumbs/91a2b318d3dde31836be9e5682e55829.png,,2026-05-19
tierrayucatan,"Very, Very Cute and Clean 2 Bedroom on Huge Lot - Motul",112000,USD,,,,https://www.tierrayucatan.com/details/en/006243,https://www.tierrayucatan.com/photos/006243/thumbs/041ba23a1d84e2e3d8e4d5b3d4bcc797.jpg,,2026-05-19
tierrayucatan,Beautiful lot in a gated community with a golf course and clubhouse in the province,120600,USD,,,,https://www.tierrayucatan.com/details/en/006464,https://www.tierrayucatan.com/photos/006464/thumbs/cafed174ba2c3a99622f6b4750515db4.jpg,,2026-05-19
tierrayucatan,Casa Moradita in centro de Merida,133690,USD,,,,https://www.tierrayucatan.com/details/en/006272,https://www.tierrayucatan.com/photos/006272/thumbs/5a13a8071169223fbb0a0d48d83433cb.jpeg,,2026-05-19
tierrayucatan,Cumbres NovoNorte,135000,USD,,,,https://www.tierrayucatan.com/details/en/005936,https://www.tierrayucatan.com/photos/005936/thumbs/2994e8c7df8dc105f19dfb5de52e7316.jpg,,2026-05-19
tierrayucatan,"Charming residence for sale in Acanceh, Yucatán",136100,USD,,,,https://www.tierrayucatan.com/details/en/006388,https://www.tierrayucatan.com/photos/006388/thumbs/206405a8970a5b9ff69fee70725fc1a1.jpg,,2026-05-19
tierrayucatan,Presale - Sacalá Refuge First Residential Estate with Golf Course and Hacienda in Izamal!,139000,USD,,,,https://www.tierrayucatan.com/details/en/006320,https://www.tierrayucatan.com/photos/006320/thumbs/7ebb7d433230c81ba54aae87989bf8f7.jpg,,2026-05-19
tierrayucatan,UNIQUE opportunity in Izamal - huge lot,142000,USD,,,,https://www.tierrayucatan.com/details/en/005925,https://www.tierrayucatan.com/photos/005925/thumbs/3c6536f8bb67d10395b5827cc268e9b5.jpeg,,2026-05-19
tierrayucatan,"Your Dream Eco Escape Starts Here, 91 acres with Cenote Minutes from Valladolid",143000,USD,,,,https://www.tierrayucatan.com/details/en/006062,https://www.tierrayucatan.com/photos/006062/thumbs/70c20c2d11c704354140c92c80341015.jpg,,2026-05-19
tierrayucatan,"ENTRETAT, BUILD THE BEST HOUSE IN THE BEST PLACE",150000,USD,,,,https://www.tierrayucatan.com/details/en/006276,https://www.tierrayucatan.com/photos/006276/thumbs/4657f1acac4a0cdd177ec51bd34b52e2.jpg,,2026-05-19
tierrayucatan,Land in Mococha,152607,USD,,,,https://www.tierrayucatan.com/details/en/006328,https://www.tierrayucatan.com/photos/006328/thumbs/0c73bd6f78af7ecca295d092f08f7c0d.jpg,,2026-05-19
tierrayucatan,"Land in Hunucmá on the road to the Port of Sisal, 2.39 acres.",158433,USD,,,,https://www.tierrayucatan.com/details/en/006402,https://www.tierrayucatan.com/photos/006402/thumbs/5863f05b5a9d4079b7d79306b5b2e87a.png,,2026-05-19
tierrayucatan,In the Heart of Izamal and with a pyramid in the backyard!,158641,USD,,,,https://www.tierrayucatan.com/details/en/006330,https://www.tierrayucatan.com/photos/006330/thumbs/31832a01e3217a1779e6de135e86a98e.jpg,,2026-05-19
tierrayucatan,Casa Templo: Artisanal Elegance with Jacuzzi and Terrace,159000,USD,,,,https://www.tierrayucatan.com/details/en/006373,https://www.tierrayucatan.com/photos/006373/thumbs/d83d8eb06460a91692f3f096585f087c.jpeg,,2026-05-19
tierrayucatan,House of the Lions in the Center of Merida!,159900,USD,,,,https://www.tierrayucatan.com/details/en/006255,https://www.tierrayucatan.com/photos/006255/thumbs/c247c16038f4acabd3ac0c70d048c4c7.jpg,,2026-05-19
tierrayucatan,"Solferino: Your land near Holbox, Quintana Roo",160000,USD,,,,https://www.tierrayucatan.com/details/en/006364,https://www.tierrayucatan.com/photos/006364/thumbs/ff5e75846ee2cdd70a24c3aadb3e771c.jpg,,2026-05-19
tierrayucatan,Great opportunity for restoration! Half a block from San Sebastian Park,162000,USD,,,,https://www.tierrayucatan.com/details/en/006002,https://www.tierrayucatan.com/photos/006002/thumbs/9f81b5e3213f646e4db182824ec3c901.jpeg,,2026-05-19
tierrayucatan,"Beach lot with beautiful palm trees, Mayan Casita in Telchac 4 block to the water",164000,USD,,,,https://www.tierrayucatan.com/details/en/006277,https://www.tierrayucatan.com/photos/006277/thumbs/6b61b64a993afc5826622939b5986bee.jpg,,2026-05-19
tierrayucatan,GREAT PROPERTY IN GREAT LOCATION,170000,USD,,,,https://www.tierrayucatan.com/details/en/006057,https://www.tierrayucatan.com/photos/006057/thumbs/e86e9feedace054e36e506dd306e14cd.jpg,,2026-05-19
tierrayucatan,"Almost 8has land Farm/Ranch Yobain, Yucatán, Mexico NOT EJIDO LAND, PRIVATE PROPERTY!",170000,USD,,,,https://www.tierrayucatan.com/details/en/006064,https://www.tierrayucatan.com/photos/006064/thumbs/8bd611f27081c2060a13f8e5725044d7.jpeg,,2026-05-19
tierrayucatan,"Great Home With Rental Apartment, Central Izamal!",174500,USD,,,,https://www.tierrayucatan.com/details/en/005900,https://www.tierrayucatan.com/photos/005900/thumbs/1beeec554636f358727f5a374ad7935a.jpg,,2026-05-19
tierrayucatan,"Corner lot house, recently finished in Dzytia, near Fracc Americas entrance, 2bed 2baths",177100,USD,,,,https://www.tierrayucatan.com/details/en/006175,https://www.tierrayucatan.com/photos/006175/thumbs/93d2ba70fe9a7332401cd423bf4f1c58.jpg,,2026-05-19
tierrayucatan,"Land in Xcunyá, for residential development, country house or investment 35,760 ft²",,USD,,,,https://www.tierrayucatan.com/details/en/006392,https://www.tierrayucatan.com/photos/006392/thumbs/99ac19080eb132494724d273200f45d2.jpg,,2026-05-19
tierrayucatan,"Fresh, harmonious and heavenly house in the traditional Chuburna neighborhood",180000,USD,,,,https://www.tierrayucatan.com/details/en/006315,https://www.tierrayucatan.com/photos/006315/thumbs/9c18859e2d227bda047ffe6c7269a105.jpeg,,2026-05-19
tierrayucatan,"27 METERS OF FRONT, 6 OPTIONS.",187500,USD,,,,https://www.tierrayucatan.com/details/en/006309,https://www.tierrayucatan.com/photos/006309/thumbs/a60ab27370e562b31afe388838366d16.jpg,,2026-05-19
tierrayucatan,Chicxulub Condominium 1 block from the beach 2 bedrooms coastal community with all the services to enjoy!,195000,USD,,,,https://www.tierrayucatan.com/details/en/006383,https://www.tierrayucatan.com/photos/006383/thumbs/9a8df073d2cc2213923739577064064a.jpg,,2026-05-19
tierrayucatan,"Charming property for sale in Calkiní, Campeche – Peaceful life surrounded by nature",195217,USD,,,,https://www.tierrayucatan.com/details/en/006425,https://www.tierrayucatan.com/photos/006425/thumbs/caf31d4b00147efac0df0689e97fdcfa.jpeg,,2026-05-19
tierrayucatan,Luxury Offices or Consulting Rooms in the New SKY Skyscraper,202037,USD,,,,https://www.tierrayucatan.com/details/en/006385,https://www.tierrayucatan.com/photos/006385/thumbs/5746c0aad4a328bd635670886fd510cd.jpeg,,2026-05-19
tierrayucatan,Corner lot | Santiago neighborhood with approved architectural project as a gift!,205880,USD,,,,https://www.tierrayucatan.com/details/en/005889,https://www.tierrayucatan.com/photos/005889/thumbs/240e67bb9d8303a88b5ede394980741d.jpeg,,2026-05-19
tierrayucatan,4 Deptos en Izamal 3 blocks to el Convento de Izamal,209000,USD,,,,https://www.tierrayucatan.com/details/en/006329,https://www.tierrayucatan.com/photos/006329/thumbs/3bde4e0c71104cc468582323d21e7285.jpg,,2026-05-19
tierrayucatan,Live with Tranquility and Style in Santa Gertrudis Copó,210100,USD,,,,https://www.tierrayucatan.com/details/en/006404,https://www.tierrayucatan.com/photos/006404/thumbs/ca4c37e254249bb9ba80bd2f15f37523.jpeg,,2026-05-19
tierrayucatan,"Casa Toh, gated community Fiora Residential, north side of Merida at Cholul",212000,USD,,,,https://www.tierrayucatan.com/details/en/006238,https://www.tierrayucatan.com/photos/006238/thumbs/e106a932bc6662841a34981fa111a7e0.jpg,,2026-05-19
tierrayucatan,"Altea: Luxury, Connectivity, and Added Value in the Heart of Altabrisa",212120,USD,,,,https://www.tierrayucatan.com/details/en/006411,https://www.tierrayucatan.com/photos/006411/thumbs/07bc409ab7afd91395be4800710e66e6.jpg,,2026-05-19
tierrayucatan,"Design, Comfort & Location in One Place: M10 Montebello",217260,USD,,,,https://www.tierrayucatan.com/details/en/006410,https://www.tierrayucatan.com/photos/006410/thumbs/f3b411aa23a24f3369eae73a08b47387.jpg,,2026-05-19
tierrayucatan,Luxury Apartment FOR SALE in the Yucatan Country Club with excellent location,217500,USD,,,,https://www.tierrayucatan.com/details/en/005841,https://www.tierrayucatan.com/photos/005841/thumbs/322bb2b865837e95a80d228fe8434e6f.jpg,,2026-05-19
tierrayucatan,House with fruit garden and large plot of land in Izamal. Accepts Bitcoin!,222000,USD,,,,https://www.tierrayucatan.com/details/en/006318,https://www.tierrayucatan.com/photos/006318/thumbs/d3220d1418f862fa819eb94cd92f9ff0.jpg,,2026-05-19
tierrayucatan,Amazing ranch with 12 hectares of land,223500,USD,,,,https://www.tierrayucatan.com/details/en/005926,https://www.tierrayucatan.com/photos/005926/thumbs/f98d2515e61919edcc1f46acb0b681c4.jpeg,,2026-05-19
tierrayucatan,"LAST LOT AVAILABLE IN PLAYA IXTUL!!! dont miss this unique oppotunity, the most beautiful beach in Yucatan | CHUBURNA PUERTO | Casa Club",225000,USD,,,,https://www.tierrayucatan.com/details/en/005960,https://www.tierrayucatan.com/photos/005960/thumbs/d6fbfafd7950c000a6a823220bae5893.jpg,,2026-05-19
tierrayucatan,"Villa in Chicxulub Puerto, a turquoise corner, one block from the sea, 3 bedrooms",225807,USD,,,,https://www.tierrayucatan.com/details/en/006395,https://www.tierrayucatan.com/photos/006395/thumbs/bbf7c7e7e780747080efdec002d60bf7.jpg,,2026-05-19
tierrayucatan,"Townhouse for Sale in Benito Juárez Norte, Mérida – Comfort, Privacy, and Strategic Location",227000,USD,,,,https://www.tierrayucatan.com/details/en/006354,https://www.tierrayucatan.com/photos/006354/thumbs/ac2b01de905f78b0ea621ff0f15f9bac.jpg,,2026-05-19
tierrayucatan,"8 rooms and 9 bathrooms, in this former medical clinic. Create your dream!",229000,USD,,,,https://www.tierrayucatan.com/details/en/005930,https://www.tierrayucatan.com/photos/005930/thumbs/431ad63d760d963acaf98d7ccee0dd48.jpeg,,2026-05-19
tierrayucatan,"Villa Tortuga, your dream 3-bedroom home just steps from the sea",231183,USD,,,,https://www.tierrayucatan.com/details/en/006394,https://www.tierrayucatan.com/photos/006394/thumbs/6fd35e6a2be8c43409474a54e3196712.jpeg,,2026-05-19
tierrayucatan,482-Hectare land in Tekax – Private Property with two floor building,235000,USD,,,,https://www.tierrayucatan.com/details/en/006367,https://www.tierrayucatan.com/photos/006367/thumbs/99a149461cf7817c58dd0ad5997aa772.jpg,,2026-05-19
tierrayucatan,"Turn Key_Furnished penthouse apartment in AZANA Condo Temozon, new appartment",235190,USD,,,,https://www.tierrayucatan.com/details/en/006161,https://www.tierrayucatan.com/photos/006161/thumbs/b45ad7dc5889c9a3a29780508f744344.jpeg,,2026-05-19
tierrayucatan,Asensa new house in north temozon,245485,USD,,,,https://www.tierrayucatan.com/details/en/006432,https://www.tierrayucatan.com/photos/006432/thumbs/6c608cfd32b0db8eecb77511274f33fc.jpg,,2026-05-19
tierrayucatan,Charming Coastal Home for Sale – Chuburna Puerto!,249000,USD,,,,https://www.tierrayucatan.com/details/en/006200,https://www.tierrayucatan.com/photos/006200/thumbs/b08de71fa02dfbfb730b15f1ff967b34.jpg,,2026-05-19
tierrayucatan,Rancho Osorio:    Beautiful Cattle Ranch outside Tepakan,249500,USD,,,,https://www.tierrayucatan.com/details/en/005980,https://www.tierrayucatan.com/photos/005980/thumbs/b13f85c4eb60426f2e55fa817c3b9318.jpg,,2026-05-19
tierrayucatan,The Last Colonial Gem in Santiago - Before It's Gone,259000,USD,,,,https://www.tierrayucatan.com/details/en/006453,https://www.tierrayucatan.com/photos/006453/thumbs/a06c5b35e69e2ba1364776e56b3950ca.jpg,,2026-05-19
tierrayucatan,"Luxury apartment with spectacular views, Torre Onze, excellent location – North of Mérida",260000,USD,,,,https://www.tierrayucatan.com/details/en/006363,https://www.tierrayucatan.com/photos/006363/thumbs/18502a481ad4233a1cd4c8ed6a56be40.jpeg,,2026-05-19
tierrayucatan,"House in Alera Gated Community, Merida",263888,USD,,,,https://www.tierrayucatan.com/details/en/006268,https://www.tierrayucatan.com/photos/006268/thumbs/54d12e99af1699168fcf5b4354937e44.jpg,,2026-05-19
tierrayucatan,"Your perfect match in the emblematic and centric neighborhood Garcia Gineres, a new construction house for sale",265000,USD,,,,https://www.tierrayucatan.com/details/en/006312,https://www.tierrayucatan.com/photos/006312/thumbs/f42da8e5a3d40bab1442093df62fca17.jpeg,,2026-05-19
tierrayucatan,"Steps from Chelem Beach – Dunas Apartments, Beautiful, Comfortable and Tranquility",269000,USD,,,,https://www.tierrayucatan.com/details/en/006303,https://www.tierrayucatan.com/photos/006303/thumbs/023c24fb42bcf4d076627bed973d4188.png,,2026-05-19
tierrayucatan,"Colonial house to remodel in the historic center, strategic location for commerce.",275000,USD,,,,https://www.tierrayucatan.com/details/en/006236,https://www.tierrayucatan.com/photos/006236/thumbs/6f474ef1940f995a5873d7b4f1bda00f.jpg,,2026-05-19
tierrayucatan,Style and Comfort in García Ginerés: Remodeled House ready to move in,278000,USD,,,,https://www.tierrayucatan.com/details/en/006348,https://www.tierrayucatan.com/photos/006348/thumbs/67b685dfed95c295bca29da0650d8e7a.jpg,,2026-05-19
tierrayucatan,House next to la Iberica park just a few blocks to Paseo de Montejo!,280000,USD,,,,https://www.tierrayucatan.com/details/en/005670,https://www.tierrayucatan.com/photos/005670/thumbs/316a2d0eb8e6a0bf7f21ecb58ae20fad.jpeg,,2026-05-19
tierrayucatan,"Land for sale in Licata, Cabo Norte, Mérida",280000,USD,,,,https://www.tierrayucatan.com/details/en/006443,https://www.tierrayucatan.com/photos/006443/thumbs/ef7fea74ed23c3ab6eba875a1056ea4d.jpeg,,2026-05-19
tierrayucatan,"Beautiful Modern House in Conkal, Northern outskirts of Merida",285000,USD,,,,https://www.tierrayucatan.com/details/en/006103,https://www.tierrayucatan.com/photos/006103/thumbs/0219659fb3945fa3d5135152e02a4a2a.jpeg,,2026-05-19
tierrayucatan,"Charming 2-story house with an incredible location in Colonia Itzima, close to everything!",285900,USD,,,,https://www.tierrayucatan.com/details/en/005785,https://www.tierrayucatan.com/photos/005785/thumbs/7c1c3ceba1cab95c7e055dfa723f4ff5.jpg,,2026-05-19
tierrayucatan,Adara Temozón Norte,288000,USD,,,,https://www.tierrayucatan.com/details/en/006391,https://www.tierrayucatan.com/photos/006391/thumbs/3598c681306ea968e577e696d1e56de4.jpeg,,2026-05-19
tierrayucatan,"Corner Lot Ideal for Development – Conkal, Yucatán (23,760.28 m²)",288065,USD,,,,https://www.tierrayucatan.com/details/en/006407,https://www.tierrayucatan.com/photos/006407/thumbs/d62425e58e905b3fd8aee2642aa91e91.jpg,,2026-05-19
tierrayucatan,Live the Exclusivity and Comfort at Aire Puro Residencial,289300,USD,,,,https://www.tierrayucatan.com/details/en/006403,https://www.tierrayucatan.com/photos/006403/thumbs/cd02431d667b677cfc0b0f846e5a4f92.jpg,,2026-05-19
tierrayucatan,"Last villa available in Chicxulub Puerto, amazing villa new construction its ready for you!",289500,USD,,,,https://www.tierrayucatan.com/details/en/006316,https://www.tierrayucatan.com/photos/006316/thumbs/08ae66c785cf69bff8e0e704c341df64.jpeg,,2026-05-19
tierrayucatan,Casa Yaxche in Barrio de Santiago Centro,294000,USD,,,,https://www.tierrayucatan.com/details/en/006225,https://www.tierrayucatan.com/photos/006225/thumbs/ec5e44c821c18b6a9f430c992111dc2d.jpeg,,2026-05-19
tierrayucatan,Casa Cedro: Restored Colonial Home at a Great Price! in the Heart of Merida,297000,USD,,,,https://www.tierrayucatan.com/details/en/006279,https://www.tierrayucatan.com/photos/006279/thumbs/86de0179b453d98664231c139f51665c.png,,2026-05-19
tierrayucatan,Almost at the Beach! Lovely furnished home with pool,298500,USD,,,,https://www.tierrayucatan.com/details/en/006358,https://www.tierrayucatan.com/photos/006358/thumbs/b51382739215d55ceb3ee97a22a93563.jpg,,2026-05-19
tierrayucatan,"URGENT SALE!  Historic Mansion on The Park, Tepakan!",299500,USD,,,,https://www.tierrayucatan.com/details/en/006006,https://www.tierrayucatan.com/photos/006006/thumbs/a01501435fe63a388f66dfe0fb35e60d.jpg,,2026-05-19
tierrayucatan,Beautifully remodeled house in downtown Mérida with garage and large lot.,299500,USD,,,,https://www.tierrayucatan.com/details/en/006152,https://www.tierrayucatan.com/photos/006152/thumbs/c2374079e187744c7c3afe4820b4608e.jpg,,2026-05-19
tierrayucatan,"Beautiful and perfect condition beach home in Chuburna, just 4 block from the perfect esmerald sea",299900,USD,,,,https://www.tierrayucatan.com/details/en/006107,https://www.tierrayucatan.com/photos/006107/thumbs/8f802a49ccc33d61306880f3d382c455.jpeg,,2026-05-19
tierrayucatan,"Country house in Izamal 15 min from Mayan Train – Peace, space, and tradition within your reach",300000,USD,,,,https://www.tierrayucatan.com/details/en/006230,https://www.tierrayucatan.com/photos/006230/thumbs/96c35fc00a47155f09f3ce57fcf697f2.jpeg,,2026-05-19
tierrayucatan,"200 Hectares for Your Rural Dream: Ranch, Farming, or Ecotourism in Tekax",310000,USD,,,,https://www.tierrayucatan.com/details/en/006106,https://www.tierrayucatan.com/photos/006106/thumbs/3de159c5d500db8ca5a504c9a38ce157.jpg,,2026-05-19
tierrayucatan,¨Luum¨ Temozon House,310000,USD,,,,https://www.tierrayucatan.com/details/en/006270,https://www.tierrayucatan.com/photos/006270/thumbs/1a0a0eabc6c14ccd706cf53a57f5b4ac.jpg,,2026-05-19
tierrayucatan,"Ideal Land for Development – Conkal, Yucatán (26,610 m²)",316005,USD,,,,https://www.tierrayucatan.com/details/en/006408,https://www.tierrayucatan.com/photos/006408/thumbs/2fde46aed7af09af1bb62529cbbb8d8a.jpg,,2026-05-19
tierrayucatan,11.86 Acre lot infront the Merida to Campeche Highway,320000,USD,,,,https://www.tierrayucatan.com/details/en/006355,https://www.tierrayucatan.com/photos/006355/thumbs/ead4361193fca27ad914b5b6dc61b806.jpeg,,2026-05-19
tierrayucatan,"Horses and Home! Two Hectares in Tepakan, close to Izamal",324900,USD,,,,https://www.tierrayucatan.com/details/en/005850,https://www.tierrayucatan.com/photos/005850/thumbs/e7e414ef14a16eab81ace1c0eb382ed1.jpeg,,2026-05-19
tierrayucatan,Big Corner lot in Santiago area,325000,USD,,,,https://www.tierrayucatan.com/details/en/005839,https://www.tierrayucatan.com/photos/005839/thumbs/82173aab410470d4f2eb0b8b928f6c33.jpg,,2026-05-19
tierrayucatan,"Casa Taró, a perfect and cozy retreat in Santa Ana, city center, close to the main points of interest",328000,USD,,,,https://www.tierrayucatan.com/details/en/006325,https://www.tierrayucatan.com/photos/006325/thumbs/ac6364bf80869568c6139af0b165844c.jpeg,,2026-05-19
tierrayucatan,Prime Centro Property– Spacious Three-Story Home with Income Potential,335000,USD,,,,https://www.tierrayucatan.com/details/en/006362,https://www.tierrayucatan.com/photos/006362/thumbs/8c0832355651a01761fcb1515286a40f.jpg,,2026-05-19
tierrayucatan,Rocío Country Living: Exclusivity and Nature in 15 Luxury Residences North of Mérida,335000,USD,,,,https://www.tierrayucatan.com/details/en/006401,https://www.tierrayucatan.com/photos/006401/thumbs/132b1a95dc620f3e3bef29fb08458008.jpg,,2026-05-19
tierrayucatan,"Beautiful luxury villas (pre-sale) in the Itzimna neighborhood, privileged location",337500,USD,,,,https://www.tierrayucatan.com/details/en/006250,https://www.tierrayucatan.com/photos/006250/thumbs/8c212a38d267b6c85f415c62bfc456cc.jpg,,2026-05-19
tierrayucatan,"Casa Fargher, modern house in Cholul, Big Lot!",340000,USD,,,,https://www.tierrayucatan.com/details/en/004670,https://www.tierrayucatan.com/photos/004670/thumbs/8646080d97adc66affb469fc6e336b43.jpg,,2026-05-19
tierrayucatan,"Casa Azul a restored home for sale in Santa Ana, close to reforma",340000,USD,,,,https://www.tierrayucatan.com/details/en/006040,https://www.tierrayucatan.com/photos/006040/thumbs/8a09710b205d6fcae4c0ec6cbc021e62.jpg,,2026-05-19
tierrayucatan,"Furnished house with solar panels in Temozon, 3 bedrooms, 2 floors, pool and garden",340000,USD,,,,https://www.tierrayucatan.com/details/en/006160,https://www.tierrayucatan.com/photos/006160/thumbs/fd6c184173c02b5e5c7451ee047ed93e.jpeg,,2026-05-19
tierrayucatan,ENCHANTED HOUSE ready to be enjoyed,342105,USD,,,,https://www.tierrayucatan.com/details/en/006056,https://www.tierrayucatan.com/photos/006056/thumbs/8ce9831842a838262122846ab755adc2.jpg,,2026-05-19
tierrayucatan,"House to remodel, large lot on 57th Street in the center, Mejorada-Chembech neighborhood",349500,USD,,,,https://www.tierrayucatan.com/details/en/006231,https://www.tierrayucatan.com/photos/006231/thumbs/8377cb9e6e6f1270dc3d3c8b025b4f06.jpeg,,2026-05-19
tierrayucatan,Beachfront Bliss in San Crisanto Turnkey 2BR Home with Pool and furnished,350000,USD,,,,https://www.tierrayucatan.com/details/en/006293,https://www.tierrayucatan.com/photos/006293/thumbs/b03608de6da5f1cf2367a0e8b206e1c0.jpeg,,2026-05-19
tierrayucatan,"High Style, Easy Living! Garcia Gineres Home #2",370850,USD,,,,https://www.tierrayucatan.com/details/en/006113,https://www.tierrayucatan.com/photos/006113/thumbs/fb6f4e80ee657060e68c6c3a1f932bad.jpg,,2026-05-19
tierrayucatan,"Unique Opportunity: Spectacular Contemporary Home in Exclusive Parque Central, Cholul",378894,USD,,,,https://www.tierrayucatan.com/details/en/006393,https://www.tierrayucatan.com/photos/006393/thumbs/953338b813385ce76d5f039456c87948.jpg,,2026-05-19
tierrayucatan,"Fabulous and modern villa in a premium area of Merida,  Rejoyada",387500,USD,,,,https://www.tierrayucatan.com/details/en/006158,https://www.tierrayucatan.com/photos/006158/thumbs/6ae31e2b365d8124fda4da6ecfa1def8.jpeg,,2026-05-19
tierrayucatan,LAS CASAS CUATAS | THE TWIN HOUSES,388815,USD,,,,https://www.tierrayucatan.com/details/en/006065,https://www.tierrayucatan.com/photos/006065/thumbs/6e15d869b3fc1e8fb5360e2b9933f960.jpg,,2026-05-19
tierrayucatan,"New Country Home, Spacious and Light,  2 Large Lots, 10 min from Merida!",395000,USD,,,,https://www.tierrayucatan.com/details/en/006116,https://www.tierrayucatan.com/photos/006116/thumbs/fe9911902bddac6a34c4fe1e1e4f7060.jpg,,2026-05-19
tierrayucatan,Luxury Low Maintenance Garcia Gineres Home #1,396600,USD,,,,https://www.tierrayucatan.com/details/en/006114,https://www.tierrayucatan.com/photos/006114/thumbs/1d291b147b5ae3c0c712e840d9b066d9.jpg,,2026-05-19
tierrayucatan,"Mojarras complex of only 4 apartments, second row with beautiful ocean views and lock-off",399000,USD,,,,https://www.tierrayucatan.com/details/en/006304,https://www.tierrayucatan.com/photos/006304/thumbs/25ce9331385445abe68232f30d3e695d.jpg,,2026-05-19
tierrayucatan,Casa K´iin - Prime location near Santiago & Ready to move in,415000,USD,,,,https://www.tierrayucatan.com/details/en/005362,https://www.tierrayucatan.com/photos/005362/thumbs/e2edf5933753ff202726c452ab890ab4.jpg,,2026-05-19
tierrayucatan,"Your own little Hacienda Buenaventura in Caucel, town",417000,USD,,,,https://www.tierrayucatan.com/details/en/005632,https://www.tierrayucatan.com/photos/005632/thumbs/4bdf1e47056c23cb46b43c8d696039b3.jpg,,2026-05-19
tierrayucatan,Parking lot in Near Galvez Market in Historic Center & Development Land | Calle 54,419000,USD,,,,https://www.tierrayucatan.com/details/en/006442,https://www.tierrayucatan.com/photos/006442/thumbs/aba1e62ac883ac6273f32f9ac95b34b8.jpg,,2026-05-19
tierrayucatan,Magnificent house for sale in Hacienda San José Chakan golf and country club,425000,USD,,,,https://www.tierrayucatan.com/details/en/006053,https://www.tierrayucatan.com/photos/006053/thumbs/01506430c017a30ae33de72fc74efd64.jpeg,,2026-05-19
tierrayucatan,Three Pretty Homes on large lot - Izamal! Very Private!,425000,USD,,,,https://www.tierrayucatan.com/details/en/006120,https://www.tierrayucatan.com/photos/006120/thumbs/67735334385df7be2be562da0f84e4d2.jpg,,2026-05-19
tierrayucatan,Crimson House on comercial corner,425000,USD,,,,https://www.tierrayucatan.com/details/en/006278,https://www.tierrayucatan.com/photos/006278/thumbs/46fa8359d7b370c92ad30dc79c9c7841.jpeg,,2026-05-19
tierrayucatan,"Hacienda Multunkuc In Merida, less than 20 min from downtown!",429000,USD,,,,https://www.tierrayucatan.com/details/en/005414,https://www.tierrayucatan.com/photos/005414/thumbs/84a7e2b72852cbe84c8f9728a4305f46.jpg,,2026-05-19
tierrayucatan,Acres and hills in Campeche,430000,USD,,,,https://www.tierrayucatan.com/details/en/005429,https://www.tierrayucatan.com/photos/005429/thumbs/5196698bada64a553a1d72504f2490d9.jpeg,,2026-05-19
tierrayucatan,"Casa Lenora, Exclusivity, design and added value in Temozón Norte",445677,USD,,,,https://www.tierrayucatan.com/details/en/006433,https://www.tierrayucatan.com/photos/006433/thumbs/213a7d943ac52aeed5c62b0846ec9d60.jpg,,2026-05-19
tierrayucatan,Luxury turn key apartment with incredible views on Telchac beach,470250,USD,,,,https://www.tierrayucatan.com/details/en/006213,https://www.tierrayucatan.com/photos/006213/thumbs/ef3df24963f8ea95839026fff3f23e53.jpg,,2026-05-19
tierrayucatan,"Quinta for sale in Ticuch Valladolid, solar powered, ideal for a retreat",495000,USD,,,,https://www.tierrayucatan.com/details/en/006133,https://www.tierrayucatan.com/photos/006133/thumbs/5f4d13c71053a38f461590b1d7069f13.jpeg,,2026-05-19
tierrayucatan,"A charming house in the Barrio Mágico of La Ermita, furnished with authentic Yucatecan antiques.",500000,USD,,,,https://www.tierrayucatan.com/details/en/006235,https://www.tierrayucatan.com/photos/006235/thumbs/4b951f4c82b2145ecf3deb6cc1f2304b.jpeg,,2026-05-19
tierrayucatan,"Villa Helena House, with 24m of oceanfront in Chuburna",515000,USD,,,,https://www.tierrayucatan.com/details/en/006463,https://www.tierrayucatan.com/photos/006463/thumbs/78a004252b8be1164d059c149c45282f.jpg,,2026-05-19
tierrayucatan,"Villa Blanca, 1 block from La Mejorada park",540000,USD,,,,https://www.tierrayucatan.com/details/en/006336,https://www.tierrayucatan.com/photos/006336/thumbs/1e9002bedeadef812e92530fe06e3b99.jpg,,2026-05-19
tierrayucatan,"Casa de los Vitrales, an excellent option for a business or family home",575000,USD,,,,https://www.tierrayucatan.com/details/en/006294,https://www.tierrayucatan.com/photos/006294/thumbs/68ac5bd5cb3de7289e5987a41857bd65.jpeg,,2026-05-19
tierrayucatan,"Three-level beachfront house in Telchac, 4 bedrooms, luxury finishes and marble",595715,USD,,,,https://www.tierrayucatan.com/details/en/006428,https://www.tierrayucatan.com/photos/006428/thumbs/b5ef228a7dd70113bc407d08a0f08ac9.jpg,,2026-05-19
tierrayucatan,Villa Carlos Beachfront Home in Chelem,599000,USD,,,,https://www.tierrayucatan.com/details/en/006461,https://www.tierrayucatan.com/photos/006461/thumbs/9c7fe2bd17fc6d5dfba05d5e8c1ef53a.jpg,,2026-05-19
tierrayucatan,"Amazing fenced beach front lot for sale in San Crisanto, a fantastic option lo build your dream house",698680,USD,,,,https://www.tierrayucatan.com/details/en/006067,https://www.tierrayucatan.com/photos/006067/thumbs/0a2312036e24c4b335b3ffc15bc0b95f.jpeg,,2026-05-19
tierrayucatan,Casa Cana: Where Modern Style Meets the Serenity of Merida,711000,USD,,,,https://www.tierrayucatan.com/details/en/006357,https://www.tierrayucatan.com/photos/006357/thumbs/e972b2982ef38f100ffddc8fb8a652a5.jpeg,,2026-05-19
tierrayucatan,Spacious residence in the traditional Buenavista neighborhood,716000,USD,,,,https://www.tierrayucatan.com/details/en/006460,https://www.tierrayucatan.com/photos/006460/thumbs/685685af648ef2d47012e3f6fcb11bc4.jpeg,,2026-05-19
tierrayucatan,"El Origen: Grand design in an exclusive gated community with a clubhouse, 15 minutes from the beach and 10 minutes from Merida",730000,USD,,,,https://www.tierrayucatan.com/details/en/006390,https://www.tierrayucatan.com/photos/006390/thumbs/3664ebad65d49bbe63568067c0ac41ee.jpg,,2026-05-19
tierrayucatan,"San Jose Sacbacalcan, the real Old West of the Peninsula",734000,USD,,,,https://www.tierrayucatan.com/details/en/006109,https://www.tierrayucatan.com/photos/006109/thumbs/13f18513f1559e0837b0e0c7d10a40f5.jpg,,2026-05-19
tierrayucatan,"Luxury House in Cabo Norte – 4 Bedrooms, 5 Bathrooms, Private Pool and Clubhouse",747000,USD,,,,https://www.tierrayucatan.com/details/en/006311,https://www.tierrayucatan.com/photos/006311/thumbs/110f04993ff7614b5b4d078b5f30c9e2.jpg,,2026-05-19
tierrayucatan,Villa Rosa - Perfection in Santa Ana 3Br  + garage,749000,USD,,,,https://www.tierrayucatan.com/details/en/006292,https://www.tierrayucatan.com/photos/006292/thumbs/d3af05e997537a421b56e0264420f63a.jpg,,2026-05-19
tierrayucatan,Your serene retreat in Mérida!,750000,USD,,,,https://www.tierrayucatan.com/details/en/006241,https://www.tierrayucatan.com/photos/006241/thumbs/7e39e3340e9efff785086a067b5dfdff.jpg,,2026-05-19
tierrayucatan,La Haciendita: Private Country Retreat Just 12 km from Mérida – Lush Acreage with Hidden Cenote & Horse Stables,799500,USD,,,,https://www.tierrayucatan.com/details/en/005244,https://www.tierrayucatan.com/photos/005244/thumbs/1064c4cff9ec62aef2e6fd42273468fb.jpg,,2026-05-19
tierrayucatan,"Luxury residence for sale, currently under construction, ready for you to finish to your liking!",806452,USD,,,,https://www.tierrayucatan.com/details/en/006052,https://www.tierrayucatan.com/photos/006052/thumbs/b9e302dc431e5b5d447744d6116b815f.jpeg,,2026-05-19
tierrayucatan,House of the Arches - Your Future Palace in Centro,840000,USD,,,,https://www.tierrayucatan.com/details/en/006440,https://www.tierrayucatan.com/photos/006440/thumbs/99e6d53f3845c17a1b99c647b3d95366.jpeg,,2026-05-19
tierrayucatan,Corner lot facing avenue in Temozón Norte,855000,USD,,,,https://www.tierrayucatan.com/details/en/006422,https://www.tierrayucatan.com/photos/006422/thumbs/14f3e38e75edc84f7ce13e8492df2a78.jpg,,2026-05-19
tierrayucatan,Casa Aknai,882352,USD,,,,https://www.tierrayucatan.com/details/en/006115,https://www.tierrayucatan.com/photos/006115/thumbs/ed8be68f8179a4f1d40ebe61a793f6e9.png,,2026-05-19
tierrayucatan,CASA LU | Large lot in Benito Juarez Norte,900000,USD,,,,https://www.tierrayucatan.com/details/en/005706,https://www.tierrayucatan.com/photos/005706/thumbs/48f4f20937292d0835bf0290989b863e.jpg,,2026-05-19
tierrayucatan,Magnificent 6687sqft modern home in the exclusive Yucatan Country Club,900000,USD,,,,https://www.tierrayucatan.com/details/en/006190,https://www.tierrayucatan.com/photos/006190/thumbs/f67955b5997042f82de7121b956ef83c.jpeg,,2026-05-19
tierrayucatan,"Exclusive Residence in Oasis Country Club Yucatán, corner, four bedrooms",922036,USD,,,,https://www.tierrayucatan.com/details/en/006335,https://www.tierrayucatan.com/photos/006335/thumbs/fe7d498ab26c9661211aa9263eaa6aad.jpg,,2026-05-19
tierrayucatan,"Spectacular 3,000m2 Quinta in Chichi Suarez",972000,USD,,,,https://www.tierrayucatan.com/details/en/006044,https://www.tierrayucatan.com/photos/006044/thumbs/5a3e5b3115424370d2a8ee50241fd5b6.jpeg,,2026-05-19
tierrayucatan,Casa Xkatay Yucatan Country Club,994450,USD,,,,https://www.tierrayucatan.com/details/en/006066,https://www.tierrayucatan.com/photos/006066/thumbs/b23025cde59e7f01f09f0bef2a76bc49.jpg,,2026-05-19
tierrayucatan,Blue Eco Lodge Boutique Hotel for Sale,1030000,USD,,,,https://www.tierrayucatan.com/details/en/006472,https://www.tierrayucatan.com/photos/006472/thumbs/cd3486fc14ee9b78d199027a6734417e.jpg,,2026-05-19
tierrayucatan,"For sale: A beautiful restored hacienda manor with a private cenote in Cuzamá, Yucatán.",1100000,USD,,,,https://www.tierrayucatan.com/details/en/006108,https://www.tierrayucatan.com/photos/006108/thumbs/50bac3a6e841b9bc69797840b1e1c54a.jpg,,2026-05-19
tierrayucatan,B&B SacBe Inn -Close to Uxmal on the Ruta Puuc!,1200000,USD,,,,https://www.tierrayucatan.com/details/en/006121,https://www.tierrayucatan.com/photos/006121/thumbs/b516fc1000f098b7d7385677e2695808.jpg,,2026-05-19
tierrayucatan,Great Original Casona with French Accent,1250000,USD,,,,https://www.tierrayucatan.com/details/en/004734,https://www.tierrayucatan.com/photos/004734/thumbs/5599387ad38f38d3f99b3d1c26ddb062.jpg,,2026-05-19
tierrayucatan,"Oceanfront penthouse with spectacular views, offering great luxury and comfort in Chicxulub Puerto, Yucatán",1295000,USD,,,,https://www.tierrayucatan.com/details/en/006430,https://www.tierrayucatan.com/photos/006430/thumbs/5eaf63c3bfd551d809d64ef43bc77eb8.jpeg,,2026-05-19
tierrayucatan,MUST SELL- SPECTCULAR BARGAIN!   Hacienda Spa/Retreat Close to Sisal!,1350000,USD,,,,https://www.tierrayucatan.com/details/en/006222,https://www.tierrayucatan.com/photos/006222/thumbs/823e50db70350fc89f1264b855c83b40.jpg,,2026-05-19
tierrayucatan,Cattle and Agricultural Ranch in Izamal – 680 hectares with 4 km in front of the highway,1371477,USD,,,,https://www.tierrayucatan.com/details/en/006365,https://www.tierrayucatan.com/photos/006365/thumbs/ea52a23222db15407b61fb15d4a39ab9.png,,2026-05-19
tierrayucatan,Lakefront Country Club House,1399000,USD,,,,https://www.tierrayucatan.com/details/en/006378,https://www.tierrayucatan.com/photos/006378/thumbs/f57ec6a224310ee261cbb7f5d6ace1a0.jpg,,2026-05-19
tierrayucatan,18th Century Hacienda with Cenote and 403 acres!,1490000,USD,,,,https://www.tierrayucatan.com/details/en/006302,https://www.tierrayucatan.com/photos/006302/thumbs/d53d029182029551983582909fa4a4e5.jpeg,,2026-05-19
tierrayucatan,The best Yucatecan mansion in the best part of Center,1750000,USD,,,,https://www.tierrayucatan.com/details/en/006209,https://www.tierrayucatan.com/photos/006209/thumbs/695c41cda3395a0e8c41f396e4baaa17.jpg,,2026-05-19
tierrayucatan,Rancho Chacmultun - 430 Hectares - Aguada and Cenotes,1799000,USD,,,,https://www.tierrayucatan.com/details/en/006041,https://www.tierrayucatan.com/photos/006041/thumbs/640658a23b059c9d6289d7a499255f29.jpg,,2026-05-19
tierrayucatan,Traditional Hacienda with Great Potential Just 45 Minutes from Mérida 9.5 hectares,1900000,USD,,,,https://www.tierrayucatan.com/details/en/004949,https://www.tierrayucatan.com/photos/004949/thumbs/0be390f6a034f365f578584fdca4200f.jpg,,2026-05-19
tierrayucatan,"Exclusive 250-hectare Lemon Ranch in Izamal – Private Property with 28,000 Trees Ready to Produce",1999000,USD,,,,https://www.tierrayucatan.com/details/en/006368,https://www.tierrayucatan.com/photos/006368/thumbs/099cad7147dde40c706233949ba64d32.jpg,,2026-05-19
tierrayucatan,Spacious and luxurious designer art residence with a beautiful garden within the city of Mérida,2044000,USD,,,,https://www.tierrayucatan.com/details/en/006048,https://www.tierrayucatan.com/photos/006048/thumbs/baf906e4c3993d560efe65aa4052b0e2.jpeg,,2026-05-19
tierrayucatan,"A SUCCESSFUL HOTEL FOR SALE? IMPOSSIBLE, BUT TRUE",2100000,USD,,,,https://www.tierrayucatan.com/details/en/006130,https://www.tierrayucatan.com/photos/006130/thumbs/a60a02b3d40f385c3bb46564d81fb181.jpg,,2026-05-19
tierrayucatan,"Hacienda with 2,431 acres in Tekax",2400000,USD,,,,https://www.tierrayucatan.com/details/en/006409,https://www.tierrayucatan.com/photos/006409/thumbs/be0d561890a7185dc80f87f9b874c043.jpg,,2026-05-19
tierrayucatan,5 Bedroom House for Remodeling in Jesús Carranza,,USD,,,,https://www.tierrayucatan.com/details/en/006447,https://www.tierrayucatan.com/photos/006447/thumbs/6704263f0594184ce0240bf0f7a342c3.jpeg,,2026-05-19
tierrayucatan,DOING BUSINESS IN IZAMAL,,USD,,,,https://www.tierrayucatan.com/details/en/006435,https://www.tierrayucatan.com/photos/006435/thumbs/fc3e0126397b6672f3367200babd5ed5.jpg,,2026-05-19
tierrayucatan,Luxury Private Compound in Paradise!,2998000,USD,,,,https://www.tierrayucatan.com/details/en/005364,https://www.tierrayucatan.com/photos/005364/thumbs/6b0327eca7d60b1f127d02ccb89da710.jpg,,2026-05-19
tierrayucatan,“Los Aluxes” Manor -  An Exclusive Luxury,3100000,USD,,,,https://www.tierrayucatan.com/details/en/005666,https://www.tierrayucatan.com/photos/005666/thumbs/d6f3c6ed5a49a75384c5ccaa9ae110da.jpg,,2026-05-19
tierrayucatan,"Prime 195-Acres Development Land, ten min from Chichén Itzá",3100000,USD,,,,https://www.tierrayucatan.com/details/en/006431,https://www.tierrayucatan.com/photos/006431/thumbs/37d40762ee66992c5c4e422dfbd789b5.jpg,,2026-05-19
tierrayucatan,Profitable 2-bedroom apartment located in a historic neighborhood near downtown,,USD,,,,https://www.tierrayucatan.com/details/en/006295,https://www.tierrayucatan.com/photos/006295/thumbs/9418bed6c869224bbaa2937718ff4b0c.jpg,,2026-05-19
tierrayucatan,"33 hectares with a cenote and a centuries-old rejoyada facing the highway in Valladolid, Yucatán | Unique natural investment opportunity",3666000,USD,,,,https://www.tierrayucatan.com/details/en/006421,https://www.tierrayucatan.com/photos/006421/thumbs/2665a8a18cbc265e4145a6fc79dcc986.jpg,,2026-05-19
tierrayucatan,Dream Villa in Chicxulub: Tradition and Paradise in One Place!,,USD,,,,https://www.tierrayucatan.com/details/en/006296,https://www.tierrayucatan.com/photos/006296/thumbs/8af5fbfbf40ba8e067409999dff8728f.jpg,,2026-05-19
tierrayucatan,Hacienda San Jose-Hoctun For rent!,6000000,USD,,,,https://www.tierrayucatan.com/details/en/005499,https://www.tierrayucatan.com/photos/005499/thumbs/dcdd735c7c06887d2dc78ff57143f5c9.jpg,,2026-05-19
tierrayucatan,"New private house Aminadah Temozon Norte, 20 minutes from the beach!!",,USD,,,,https://www.tierrayucatan.com/details/en/006267,https://www.tierrayucatan.com/photos/006267/thumbs/67c3475b01568358e34726923ebda83a.jpeg,,2026-05-19
tierrayucatan,BE PART OF HISTORY,,USD,,,,https://www.tierrayucatan.com/details/en/006434,https://www.tierrayucatan.com/photos/006434/thumbs/f8613e624049db0c62ab8ac7449353bc.jpg,,2026-05-19
tierrayucatan,"Hacienda style house in the historic center of Merida, fully furnished and with garage",,USD,,,,https://www.tierrayucatan.com/details/en/006205,https://www.tierrayucatan.com/photos/006205/thumbs/ff1634501b61d43de7a692808ad497dc.jpg,,2026-05-19
tierrayucatan,Luxury Country Club Yucatan Furnished Lake and Golf Course View,,USD,,,,https://www.tierrayucatan.com/details/en/006297,https://www.tierrayucatan.com/photos/006297/thumbs/b87a5247cc02e7b13e2d029b043370df.jpg,,2026-05-19
tierrayucatan,"San Antonio Tehuitz Land - Great investment opportunity in Kanasín, 24.71 Acres",,USD,,,,https://www.tierrayucatan.com/details/en/006396,https://www.tierrayucatan.com/photos/006396/thumbs/646400b283abc2cb311ad6ac39bf2fd3.jpg,,2026-05-19
